weight,rank1,rank2,rank3,rank4,rank5,rank6,rank7,rank8,rank9,rank10,rank11,rank12,rank13
1.023323,Trump,Pence,Haley,DeSantis,Ramaswamy,Scott,Youngkin,Hutchinson,Suarez,Hurd,Burgum,Elder,Christie
0.823768,Ramaswamy,Haley,Scott,Youngkin,Hurd,Burgum,DeSantis,Trump,Hutchinson,Elder,Suarez,Christie,Pence
1.332874,Haley,Scott,DeSantis,Youngkin,Christie,Ramaswamy,Burgum,Elder,Hutchinson,Hurd,Suarez,Pence,Trump
0.960016,Trump,Ramaswamy,DeSantis,Burgum,Scott,Elder,Haley,Hurd,Suarez,Youngkin,Pence,Hutchinson,Christie
1.180376,DeSantis,Trump,Youngkin,Haley,Scott,Ramaswamy,Burgum,Suarez,Hurd,Hutchinson,Elder,Pence,Christie
1.188226,Pence,Ramaswamy,Trump,Haley,Scott,Christie,Elder,Burgum,Hurd,Suarez,Youngkin,Hutchinson,DeSantis
0.606725,Trump,DeSantis,Ramaswamy,Elder,Scott,Christie,Hurd,Youngkin,Haley,Suarez,Hutchinson,Burgum,Pence
0.564615,Trump,DeSantis,Pence,Ramaswamy,Suarez,Christie,Scott,Haley,Elder,Hutchinson,Burgum,Youngkin,Hurd
1.529463,Christie,Scott,Hutchinson,Hurd,DeSantis,Elder,Burgum,Pence,Youngkin,Suarez,Haley,Ramaswamy,Trump
0.886784,DeSantis,Pence,Christie,Scott,Burgum,Hurd,Elder,Youngkin,Suarez,Ramaswamy,Hutchinson,Haley,Trump
2.132521,Christie,Hutchinson,Haley,Pence,Hurd,Elder,Suarez,Burgum,Youngkin,Scott,Ramaswamy,DeSantis,Trump
0.825865,Ramaswamy,Trump,Haley,DeSantis,Pence,Scott,Christie,Youngkin,Suarez,Hutchinson,Elder,Burgum,Hurd
0.92613,Ramaswamy,DeSantis,Pence,Hurd,Haley,Youngkin,Hutchinson,Suarez,Burgum,Trump,Elder,Scott,Christie
1.131761,Trump,Ramaswamy,DeSantis,Christie,Haley,Scott,Pence,Burgum,Elder,Youngkin,Hutchinson,Hurd,Suarez
1.22744,Haley,Scott,Pence,Burgum,Ramaswamy,Hutchinson,Youngkin,Hurd,Elder,Suarez,DeSantis,Christie,Trump
0.767178,Trump,Ramaswamy,Elder,Scott,Burgum,Youngkin,DeSantis,Haley,Suarez,Pence,Hutchinson,Hurd,Christie
1.049608,Trump,Pence,Ramaswamy,Haley,Scott,DeSantis,Suarez,Hurd,Hutchinson,Youngkin,Elder,Burgum,Christie
1.188226,Pence,Ramaswamy,Trump,Haley,Scott,Christie,Elder,Burgum,Hurd,Suarez,Youngkin,Hutchinson,DeSantis
0.466606,Trump,DeSantis,Scott,Ramaswamy,Burgum,Haley,Hurd,Youngkin,Elder,Christie,Pence,Hutchinson,Suarez
1.084045,Haley,Christie,Scott,Pence,Youngkin,Suarez,Elder,Burgum,Hurd,Hutchinson,DeSantis,Ramaswamy,Trump
0.867089,DeSantis,Ramaswamy,Trump,Scott,Pence,Elder,Burgum,Youngkin,Hurd,Suarez,Haley,Hutchinson,Christie
0.708142,Trump,Ramaswamy,Haley,Pence,Suarez,Christie,Youngkin,DeSantis,Hurd,Scott,Burgum,Hutchinson,Elder
1.045781,Trump,Ramaswamy,Scott,DeSantis,Haley,Elder,Hurd,Suarez,Hutchinson,Youngkin,Burgum,Pence,Christie
1.018243,Trump,DeSantis,Ramaswamy,Burgum,Hutchinson,Hurd,Youngkin,Suarez,Elder,Scott,Haley,Christie,Pence
1.004181,Trump,DeSantis,Youngkin,Haley,Ramaswamy,Scott,Burgum,Pence,Elder,Hutchinson,Suarez,Christie,Hurd
0.603219,Trump,Ramaswamy,DeSantis,Haley,Scott,Elder,Hurd,Suarez,Burgum,Hutchinson,Youngkin,Pence,Christie
1.137748,Trump,Ramaswamy,Scott,Haley,Burgum,Hutchinson,Christie,Hurd,Elder,Suarez,Youngkin,DeSantis,Pence
0.901839,Trump,Pence,Ramaswamy,DeSantis,Hurd,Christie,Burgum,Youngkin,Scott,Suarez,Elder,Haley,Hutchinson
1.398904,Trump,Ramaswamy,Haley,Pence,DeSantis,Elder,Scott,Christie,Youngkin,Burgum,Hutchinson,Suarez,Hurd
0.892157,Christie,Haley,Hutchinson,Pence,Scott,Hurd,Burgum,Suarez,Trump,DeSantis,Elder,Youngkin,Ramaswamy
0.79963,Trump,Ramaswamy,Scott,DeSantis,Christie,Hutchinson,Haley,Pence,Suarez,Youngkin,Elder,Hurd,Burgum
0.798657,DeSantis,Burgum,Haley,Elder,Youngkin,Hurd,Suarez,Ramaswamy,Christie,Pence,Hutchinson,Scott,Trump
0.854256,Trump,DeSantis,Haley,Ramaswamy,Scott,Elder,Hutchinson,Burgum,Hurd,Youngkin,Suarez,Christie,Pence
0.837753,Trump,Pence,Haley,DeSantis,Scott,Elder,Ramaswamy,Hutchinson,Burgum,Youngkin,Suarez,Hurd,Christie
0.65782,Ramaswamy,Pence,Haley,DeSantis,Hurd,Scott,Suarez,Trump,Hutchinson,Burgum,Christie,Elder,Youngkin
0.917634,Trump,DeSantis,Pence,Ramaswamy,Burgum,Haley,Youngkin,Scott,Hurd,Hutchinson,Suarez,Christie,Elder
1.049608,Trump,Pence,Ramaswamy,Haley,Scott,DeSantis,Suarez,Hurd,Hutchinson,Youngkin,Elder,Burgum,Christie
1.121883,Ramaswamy,Pence,Christie,Haley,Trump,DeSantis,Suarez,Burgum,Hutchinson,Scott,Hurd,Youngkin,Elder
1.048733,Trump,Ramaswamy,DeSantis,Youngkin,Pence,Christie,Burgum,Hurd,Scott,Suarez,Elder,Hutchinson,Haley
0.719616,Youngkin,Ramaswamy,Haley,Suarez,DeSantis,Hurd,Hutchinson,Elder,Pence,Scott,Christie,Burgum,Trump
1.773147,Trump,Ramaswamy,DeSantis,Haley,Pence,Christie,Youngkin,Hurd,Scott,Elder,Hutchinson,Burgum,Suarez
0.991915,Elder,Suarez,Burgum,Hurd,Youngkin,Scott,Hutchinson,Haley,Ramaswamy,Christie,DeSantis,Trump,Pence
0.823528,Haley,Hutchinson,DeSantis,Pence,Christie,Scott,Ramaswamy,Suarez,Hurd,Burgum,Elder,Youngkin,Trump
0.627394,Ramaswamy,Pence,Scott,Trump,Haley,DeSantis,Christie,Burgum,Elder,Suarez,Youngkin,Hurd,Hutchinson
0.567195,Youngkin,Trump,Scott,Haley,Hurd,Christie,Hutchinson,Suarez,Elder,Ramaswamy,Burgum,Pence,DeSantis
0.762857,Trump,DeSantis,Ramaswamy,Pence,Christie,Haley,Burgum,Scott,Hutchinson,Hurd,Elder,Youngkin,Suarez
0.970759,Youngkin,Pence,Christie,Haley,Scott,Hutchinson,DeSantis,Ramaswamy,Suarez,Elder,Hurd,Trump,Burgum
1.049608,Trump,Ramaswamy,Scott,Haley,Elder,DeSantis,Pence,Burgum,Hurd,Youngkin,Hutchinson,Christie,Suarez
2.670492,Christie,Haley,Burgum,Hutchinson,Scott,Suarez,Hurd,Youngkin,Elder,DeSantis,Pence,Ramaswamy,Trump
0.839247,Trump,Pence,Scott,Hurd,Burgum,Haley,Ramaswamy,Suarez,Hutchinson,Elder,DeSantis,Youngkin,Christie
1.297777,Trump,DeSantis,Ramaswamy,Haley,Hutchinson,Scott,Christie,Youngkin,Elder,Hurd,Burgum,Suarez,Pence
1.559977,Trump,DeSantis,Haley,Scott,Hutchinson,Hurd,Youngkin,Suarez,Burgum,Elder,Pence,Christie,Ramaswamy
1.122006,Ramaswamy,Christie,Scott,Elder,Pence,Hurd,Youngkin,Hutchinson,Burgum,Haley,Suarez,DeSantis,Trump
0.919605,DeSantis,Scott,Trump,Ramaswamy,Pence,Elder,Hutchinson,Youngkin,Hurd,Haley,Burgum,Christie,Suarez
0.778987,Trump,Pence,Elder,Scott,Christie,Burgum,Haley,Youngkin,Suarez,Hurd,DeSantis,Hutchinson,Ramaswamy
0.987831,Trump,Ramaswamy,Haley,Pence,Hutchinson,Elder,Suarez,Christie,Scott,Hurd,Youngkin,DeSantis,Burgum
1.481912,Trump,DeSantis,Burgum,Haley,Scott,Youngkin,Elder,Hurd,Suarez,Hutchinson,Ramaswamy,Christie,Pence
1.444802,Haley,Scott,Trump,Youngkin,Ramaswamy,DeSantis,Hutchinson,Pence,Burgum,Suarez,Hurd,Christie,Elder
0.56361,Christie,Hutchinson,Burgum,Elder,Haley,Hurd,Suarez,Scott,Pence,Youngkin,Ramaswamy,DeSantis,Trump
0.901839,Pence,Christie,Scott,Suarez,Hutchinson,Burgum,Hurd,Youngkin,Elder,Haley,DeSantis,Ramaswamy,Trump
0.992095,Trump,Pence,Christie,Ramaswamy,Hutchinson,Haley,Scott,DeSantis,Elder,Hurd,Suarez,Youngkin,Burgum
1.773147,Trump,Ramaswamy,DeSantis,Haley,Pence,Christie,Youngkin,Hurd,Scott,Elder,Hutchinson,Burgum,Suarez
0.690412,Trump,Ramaswamy,DeSantis,Pence,Scott,Elder,Hurd,Haley,Burgum,Suarez,Hutchinson,Christie,Youngkin
0.805183,Trump,DeSantis,Haley,Scott,Ramaswamy,Pence,Burgum,Elder,Youngkin,Christie,Hutchinson,Suarez,Hurd
0.960016,Trump,Ramaswamy,DeSantis,Burgum,Scott,Elder,Haley,Hurd,Suarez,Youngkin,Pence,Hutchinson,Christie
1.444802,Haley,Scott,Trump,Youngkin,Ramaswamy,DeSantis,Hutchinson,Pence,Burgum,Suarez,Hurd,Christie,Elder
0.660172,DeSantis,Ramaswamy,Haley,Scott,Elder,Hurd,Pence,Hutchinson,Youngkin,Burgum,Christie,Suarez,Trump
0.791835,Scott,Youngkin,Hurd,Christie,Pence,DeSantis,Suarez,Ramaswamy,Haley,Hutchinson,Elder,Burgum,Trump
0.687217,Trump,Ramaswamy,DeSantis,Haley,Scott,Pence,Suarez,Youngkin,Burgum,Hutchinson,Elder,Christie,Hurd
0.932822,Trump,Ramaswamy,DeSantis,Scott,Haley,Elder,Suarez,Pence,Hurd,Burgum,Hutchinson,Youngkin,Christie
0.606725,Trump,DeSantis,Ramaswamy,Elder,Scott,Christie,Hurd,Youngkin,Haley,Suarez,Hutchinson,Burgum,Pence
0.718335,DeSantis,Ramaswamy,Haley,Scott,Pence,Elder,Youngkin,Hurd,Suarez,Burgum,Christie,Hutchinson,Trump
0.606725,Trump,Pence,Ramaswamy,Scott,Elder,Christie,Youngkin,Burgum,Hurd,Hutchinson,Suarez,Haley,DeSantis
1.424811,Ramaswamy,DeSantis,Trump,Elder,Youngkin,Scott,Hutchinson,Suarez,Burgum,Hurd,Pence,Haley,Christie
0.681832,DeSantis,Trump,Scott,Ramaswamy,Elder,Hurd,Youngkin,Burgum,Suarez,Hutchinson,Haley,Christie,Pence
0.825865,Ramaswamy,Trump,DeSantis,Christie,Haley,Scott,Burgum,Elder,Hurd,Youngkin,Hutchinson,Pence,Suarez
0.762857,Trump,DeSantis,Ramaswamy,Pence,Christie,Haley,Burgum,Scott,Hutchinson,Hurd,Elder,Youngkin,Suarez
1.117221,Haley,Pence,Elder,Ramaswamy,DeSantis,Burgum,Hutchinson,Hurd,Suarez,Youngkin,Scott,Christie,Trump
1.826138,Trump,Ramaswamy,Elder,DeSantis,Youngkin,Burgum,Suarez,Christie,Haley,Hurd,Hutchinson,Scott,Pence
0.720887,Trump,DeSantis,Ramaswamy,Christie,Scott,Suarez,Burgum,Youngkin,Elder,Hurd,Hutchinson,Haley,Pence
0.970759,Trump,Ramaswamy,DeSantis,Scott,Youngkin,Haley,Burgum,Suarez,Elder,Hurd,Hutchinson,Pence,Christie
0.649364,Ramaswamy,Suarez,DeSantis,Burgum,Pence,Hutchinson,Scott,Elder,Hurd,Haley,Youngkin,Trump,Christie
0.668479,Trump,Burgum,Elder,Ramaswamy,Youngkin,Scott,DeSantis,Pence,Hutchinson,Haley,Christie,Suarez,Hurd
0.819929,Trump,DeSantis,Ramaswamy,Pence,Christie,Scott,Suarez,Youngkin,Hutchinson,Hurd,Burgum,Elder,Haley
1.261425,Trump,Christie,DeSantis,Haley,Pence,Burgum,Scott,Hutchinson,Elder,Hurd,Youngkin,Suarez,Ramaswamy
1.101605,DeSantis,Trump,Haley,Ramaswamy,Pence,Scott,Christie,Hutchinson,Hurd,Elder,Youngkin,Burgum,Suarez
0.474338,Ramaswamy,Hutchinson,Youngkin,Haley,Hurd,Burgum,Pence,Elder,Scott,Christie,Suarez,DeSantis,Trump
1.049608,Ramaswamy,Scott,Pence,DeSantis,Haley,Christie,Youngkin,Hutchinson,Elder,Suarez,Burgum,Hurd,Trump
1.682641,DeSantis,Pence,Ramaswamy,Christie,Youngkin,Hurd,Burgum,Hutchinson,Trump,Suarez,Elder,Scott,Haley
0.93342,Trump,Ramaswamy,Elder,Scott,DeSantis,Hurd,Burgum,Youngkin,Suarez,Hutchinson,Haley,Christie,Pence
0.654717,Trump,Ramaswamy,Christie,Scott,Hutchinson,Suarez,Elder,Burgum,Pence,DeSantis,Hurd,Youngkin,Haley
1.051336,Christie,Haley,Trump,Scott,Hutchinson,Elder,DeSantis,Hurd,Burgum,Suarez,Youngkin,Ramaswamy,Pence
1.219104,DeSantis,Trump,Haley,Scott,Hutchinson,Pence,Elder,Ramaswamy,Suarez,Burgum,Youngkin,Hurd,Christie
0.901839,Trump,Ramaswamy,Pence,DeSantis,Suarez,Burgum,Hutchinson,Hurd,Youngkin,Christie,Scott,Elder,Haley
2.102951,Trump,Haley,DeSantis,Pence,Christie,Ramaswamy,Hurd,Scott,Youngkin,Elder,Hutchinson,Burgum,Suarez
0.839247,Trump,Pence,Scott,Hurd,Burgum,Haley,Ramaswamy,Suarez,Hutchinson,Elder,DeSantis,Youngkin,Christie
0.991915,Pence,Youngkin,Hutchinson,Hurd,Elder,Haley,Burgum,Ramaswamy,Christie,DeSantis,Suarez,Scott,Trump
0.779605,Trump,Ramaswamy,DeSantis,Hurd,Pence,Christie,Haley,Scott,Youngkin,Suarez,Burgum,Hutchinson,Elder
0.654717,Trump,Ramaswamy,Christie,Scott,Hutchinson,Suarez,Elder,Burgum,Pence,DeSantis,Hurd,Youngkin,Haley
1.219104,DeSantis,Trump,Haley,Scott,Hutchinson,Pence,Elder,Ramaswamy,Suarez,Burgum,Youngkin,Hurd,Christie
1.002609,Trump,DeSantis,Ramaswamy,Elder,Burgum,Scott,Haley,Youngkin,Suarez,Hurd,Pence,Hutchinson,Christie
0.526889,Trump,DeSantis,Ramaswamy,Scott,Christie,Pence,Haley,Burgum,Elder,Youngkin,Hurd,Hutchinson,Suarez
0.624392,Trump,Ramaswamy,Christie,DeSantis,Scott,Suarez,Pence,Haley,Hutchinson,Elder,Hurd,Burgum,Youngkin
0.660157,DeSantis,Haley,Pence,Scott,Trump,Youngkin,Hutchinson,Elder,Ramaswamy,Burgum,Suarez,Christie,Hurd
0.819929,Ramaswamy,Trump,Hutchinson,DeSantis,Pence,Scott,Suarez,Elder,Youngkin,Hurd,Burgum,Haley,Christie
1.036417,Haley,Christie,DeSantis,Pence,Hutchinson,Youngkin,Burgum,Hurd,Suarez,Ramaswamy,Scott,Elder,Trump
1.297088,Christie,Haley,Youngkin,Burgum,Hutchinson,Elder,Suarez,Hurd,DeSantis,Scott,Ramaswamy,Pence,Trump
0.612993,Trump,Ramaswamy,DeSantis,Christie,Pence,Haley,Hutchinson,Burgum,Elder,Suarez,Scott,Youngkin,Hurd
1.018243,Ramaswamy,Pence,Trump,Haley,Burgum,Elder,Youngkin,DeSantis,Hutchinson,Scott,Christie,Hurd,Suarez
0.681832,Trump,Ramaswamy,DeSantis,Scott,Elder,Youngkin,Burgum,Hurd,Suarez,Hutchinson,Haley,Pence,Christie
0.901839,Pence,Christie,Scott,Suarez,Hutchinson,Burgum,Hurd,Youngkin,Elder,Haley,DeSantis,Ramaswamy,Trump
0.827631,Pence,DeSantis,Ramaswamy,Haley,Christie,Trump,Hutchinson,Elder,Youngkin,Hurd,Suarez,Scott,Burgum
0.867089,DeSantis,Ramaswamy,Trump,Scott,Pence,Elder,Burgum,Youngkin,Hurd,Suarez,Haley,Hutchinson,Christie
1.134561,Haley,Christie,Burgum,Youngkin,Hutchinson,Elder,Scott,Pence,DeSantis,Hurd,Suarez,Ramaswamy,Trump
0.671534,Scott,Pence,Trump,Suarez,Haley,Elder,Christie,Hutchinson,Youngkin,DeSantis,Burgum,Hurd,Ramaswamy
0.56361,Christie,Hutchinson,Burgum,Elder,Haley,Hurd,Suarez,Scott,Pence,Youngkin,Ramaswamy,DeSantis,Trump
1.04502,Trump,Pence,Haley,DeSantis,Scott,Ramaswamy,Christie,Youngkin,Hutchinson,Suarez,Burgum,Hurd,Elder
0.827631,Trump,DeSantis,Scott,Haley,Ramaswamy,Christie,Elder,Pence,Burgum,Youngkin,Hutchinson,Suarez,Hurd
1.144161,Trump,Pence,Ramaswamy,Haley,DeSantis,Christie,Scott,Burgum,Hutchinson,Elder,Hurd,Suarez,Youngkin
1.297088,Christie,Haley,Youngkin,Burgum,Hutchinson,Elder,Suarez,Hurd,DeSantis,Scott,Ramaswamy,Pence,Trump
0.839544,Ramaswamy,Haley,Pence,Scott,Elder,Hurd,Suarez,Youngkin,Hutchinson,Burgum,Christie,DeSantis,Trump
1.219104,DeSantis,Trump,Haley,Ramaswamy,Youngkin,Burgum,Hutchinson,Hurd,Scott,Suarez,Elder,Christie,Pence
0.867089,Youngkin,DeSantis,Trump,Haley,Scott,Ramaswamy,Christie,Pence,Burgum,Suarez,Elder,Hurd,Hutchinson
0.798657,Trump,Scott,DeSantis,Haley,Ramaswamy,Christie,Elder,Hurd,Youngkin,Suarez,Burgum,Hutchinson,Pence
0.917948,DeSantis,Trump,Haley,Youngkin,Scott,Burgum,Hutchinson,Elder,Hurd,Pence,Suarez,Ramaswamy,Christie
0.779605,Hutchinson,Hurd,Burgum,Haley,Ramaswamy,DeSantis,Christie,Pence,Suarez,Youngkin,Scott,Elder,Trump
1.000625,Trump,DeSantis,Haley,Burgum,Scott,Ramaswamy,Pence,Christie,Hutchinson,Youngkin,Hurd,Elder,Suarez
0.846648,Trump,Ramaswamy,Pence,DeSantis,Christie,Burgum,Scott,Haley,Hutchinson,Youngkin,Suarez,Hurd,Elder
0.577129,DeSantis,Ramaswamy,Trump,Pence,Christie,Hurd,Elder,Hutchinson,Suarez,Scott,Youngkin,Haley,Burgum
0.773286,DeSantis,Christie,Youngkin,Burgum,Elder,Suarez,Scott,Hurd,Haley,Hutchinson,Pence,Ramaswamy,Trump
1.219104,DeSantis,Trump,Ramaswamy,Haley,Scott,Elder,Youngkin,Pence,Suarez,Burgum,Hurd,Christie,Hutchinson
0.58281,Trump,Haley,Elder,Ramaswamy,DeSantis,Pence,Suarez,Youngkin,Hutchinson,Hurd,Scott,Christie,Burgum
0.779609,Trump,Ramaswamy,Pence,DeSantis,Elder,Suarez,Hutchinson,Scott,Youngkin,Burgum,Hurd,Christie,Haley
1.488257,DeSantis,Ramaswamy,Pence,Hutchinson,Haley,Christie,Trump,Scott,Suarez,Elder,Burgum,Hurd,Youngkin
0.8662,Trump,DeSantis,Haley,Scott,Ramaswamy,Burgum,Suarez,Youngkin,Hutchinson,Hurd,Elder,Christie,Pence
0.466606,Trump,DeSantis,Haley,Ramaswamy,Pence,Hurd,Suarez,Youngkin,Christie,Hutchinson,Burgum,Scott,Elder
1.137748,Trump,Ramaswamy,Scott,DeSantis,Haley,Hutchinson,Burgum,Elder,Suarez,Hurd,Youngkin,Pence,Christie
1.045781,Trump,Ramaswamy,Scott,DeSantis,Haley,Elder,Hurd,Suarez,Hutchinson,Youngkin,Burgum,Pence,Christie
2.728993,Haley,Christie,Youngkin,Scott,Burgum,Ramaswamy,DeSantis,Pence,Hutchinson,Suarez,Hurd,Elder,Trump
1.056898,Trump,Ramaswamy,Haley,Scott,DeSantis,Pence,Elder,Youngkin,Hurd,Hutchinson,Burgum,Suarez,Christie
0.812586,Trump,DeSantis,Ramaswamy,Haley,Youngkin,Scott,Pence,Burgum,Christie,Elder,Hutchinson,Suarez,Hurd
0.779605,Trump,Pence,Elder,DeSantis,Scott,Hutchinson,Haley,Suarez,Ramaswamy,Hurd,Youngkin,Burgum,Christie
1.398904,Trump,Ramaswamy,Haley,Pence,DeSantis,Elder,Scott,Christie,Youngkin,Burgum,Hutchinson,Suarez,Hurd
0.742806,Trump,Haley,DeSantis,Scott,Ramaswamy,Youngkin,Christie,Elder,Burgum,Hurd,Pence,Suarez,Hutchinson
0.854256,Scott,Trump,DeSantis,Burgum,Youngkin,Christie,Ramaswamy,Pence,Haley,Hutchinson,Elder,Hurd,Suarez
0.81823,Hutchinson,Haley,Burgum,Youngkin,Christie,Ramaswamy,Scott,Pence,Suarez,Elder,Hurd,DeSantis,Trump
0.773286,DeSantis,Christie,Youngkin,Burgum,Elder,Suarez,Scott,Hurd,Haley,Hutchinson,Pence,Ramaswamy,Trump
0.819929,Trump,DeSantis,Ramaswamy,Pence,Christie,Scott,Suarez,Youngkin,Hutchinson,Hurd,Burgum,Elder,Haley
1.131761,DeSantis,Trump,Pence,Elder,Christie,Suarez,Burgum,Youngkin,Haley,Scott,Ramaswamy,Hutchinson,Hurd
0.672156,Ramaswamy,Trump,Elder,Suarez,Hutchinson,Scott,Hurd,Burgum,Haley,Youngkin,Christie,DeSantis,Pence
1.134561,Trump,Ramaswamy,DeSantis,Christie,Burgum,Haley,Pence,Elder,Hutchinson,Scott,Suarez,Youngkin,Hurd
1.068725,Trump,Pence,DeSantis,Christie,Burgum,Youngkin,Hurd,Scott,Ramaswamy,Suarez,Hutchinson,Haley,Elder
0.65782,Ramaswamy,Pence,Haley,DeSantis,Hurd,Scott,Suarez,Trump,Hutchinson,Burgum,Christie,Elder,Youngkin
0.875626,Ramaswamy,Christie,Haley,Pence,Hurd,Scott,Elder,DeSantis,Youngkin,Trump,Hutchinson,Burgum,Suarez
0.960016,Haley,Trump,Scott,Ramaswamy,Pence,Suarez,DeSantis,Christie,Elder,Youngkin,Burgum,Hutchinson,Hurd
0.929519,Trump,DeSantis,Scott,Hutchinson,Ramaswamy,Elder,Hurd,Suarez,Burgum,Youngkin,Haley,Pence,Christie
0.63756,Trump,Haley,Hutchinson,Scott,Christie,Youngkin,DeSantis,Pence,Ramaswamy,Elder,Burgum,Hurd,Suarez
0.791835,Scott,Youngkin,Hurd,Christie,Pence,DeSantis,Suarez,Ramaswamy,Haley,Hutchinson,Elder,Burgum,Trump
0.56361,Trump,Scott,DeSantis,Elder,Hurd,Burgum,Youngkin,Pence,Ramaswamy,Suarez,Hutchinson,Haley,Christie
0.929519,Trump,DeSantis,Scott,Hutchinson,Ramaswamy,Elder,Hurd,Suarez,Burgum,Youngkin,Haley,Pence,Christie
0.917634,Trump,DeSantis,Pence,Ramaswamy,Burgum,Haley,Youngkin,Scott,Hurd,Hutchinson,Suarez,Christie,Elder
1.04502,Ramaswamy,DeSantis,Christie,Pence,Haley,Hutchinson,Scott,Youngkin,Burgum,Elder,Suarez,Trump,Hurd
0.987831,Trump,Ramaswamy,Haley,Pence,Hutchinson,Elder,Suarez,Christie,Scott,Hurd,Youngkin,DeSantis,Burgum
1.478149,Christie,Hutchinson,Haley,Pence,Scott,Elder,Suarez,Youngkin,Hurd,Burgum,Ramaswamy,DeSantis,Trump
0.932822,Trump,Ramaswamy,DeSantis,Scott,Haley,Elder,Suarez,Pence,Hurd,Burgum,Hutchinson,Youngkin,Christie
1.372707,Christie,Pence,DeSantis,Ramaswamy,Elder,Scott,Hurd,Youngkin,Hutchinson,Haley,Suarez,Burgum,Trump
0.722173,DeSantis,Haley,Christie,Ramaswamy,Elder,Youngkin,Hutchinson,Scott,Burgum,Suarez,Hurd,Pence,Trump
0.567195,Youngkin,Trump,Scott,Haley,Hurd,Christie,Hutchinson,Suarez,Elder,Ramaswamy,Burgum,Pence,DeSantis
0.886527,Trump,DeSantis,Ramaswamy,Suarez,Hutchinson,Youngkin,Scott,Hurd,Burgum,Elder,Haley,Christie,Pence
1.968129,Trump,Haley,DeSantis,Scott,Burgum,Christie,Elder,Ramaswamy,Hurd,Youngkin,Hutchinson,Suarez,Pence
1.270672,DeSantis,Haley,Ramaswamy,Scott,Trump,Pence,Elder,Youngkin,Christie,Hurd,Burgum,Hutchinson,Suarez
0.947572,Trump,DeSantis,Scott,Pence,Haley,Youngkin,Elder,Hurd,Burgum,Hutchinson,Ramaswamy,Christie,Suarez
0.709101,Scott,DeSantis,Burgum,Christie,Hutchinson,Elder,Ramaswamy,Trump,Hurd,Pence,Youngkin,Haley,Suarez
0.704801,Trump,Scott,Youngkin,Burgum,Ramaswamy,Hutchinson,Hurd,Elder,Suarez,DeSantis,Christie,Pence,Haley
0.743226,Pence,Ramaswamy,Trump,DeSantis,Christie,Suarez,Hutchinson,Youngkin,Haley,Hurd,Scott,Elder,Burgum
0.761663,DeSantis,Youngkin,Haley,Pence,Scott,Christie,Burgum,Trump,Hutchinson,Hurd,Elder,Suarez,Ramaswamy
0.687217,Trump,Ramaswamy,DeSantis,Haley,Scott,Pence,Suarez,Youngkin,Burgum,Hutchinson,Elder,Christie,Hurd
1.033456,DeSantis,Trump,Haley,Scott,Pence,Burgum,Youngkin,Ramaswamy,Elder,Christie,Hutchinson,Hurd,Suarez
1.103994,Christie,Pence,Haley,Hutchinson,Hurd,Suarez,Burgum,Elder,Youngkin,Scott,Ramaswamy,DeSantis,Trump
1.045781,Trump,Scott,DeSantis,Ramaswamy,Elder,Pence,Haley,Suarez,Burgum,Hurd,Youngkin,Hutchinson,Christie
1.458263,DeSantis,Trump,Ramaswamy,Pence,Christie,Suarez,Scott,Elder,Hurd,Hutchinson,Burgum,Youngkin,Haley
1.002393,Hurd,Hutchinson,Burgum,Scott,Youngkin,Suarez,Haley,Ramaswamy,Elder,DeSantis,Christie,Pence,Trump
0.606725,Trump,DeSantis,Ramaswamy,Elder,Scott,Christie,Hurd,Youngkin,Haley,Suarez,Hutchinson,Burgum,Pence
1.424811,Ramaswamy,DeSantis,Trump,Elder,Youngkin,Scott,Hutchinson,Suarez,Burgum,Hurd,Pence,Haley,Christie
1.281476,Trump,Ramaswamy,DeSantis,Haley,Scott,Hutchinson,Elder,Youngkin,Burgum,Suarez,Pence,Christie,Hurd
0.798657,Trump,DeSantis,Haley,Pence,Scott,Christie,Hurd,Burgum,Hutchinson,Elder,Youngkin,Suarez,Ramaswamy
0.767178,Trump,DeSantis,Hutchinson,Suarez,Elder,Scott,Ramaswamy,Christie,Pence,Burgum,Youngkin,Hurd,Haley
0.93342,Trump,Ramaswamy,Elder,Scott,DeSantis,Hurd,Burgum,Youngkin,Suarez,Hutchinson,Haley,Christie,Pence
0.792237,Trump,Ramaswamy,DeSantis,Haley,Pence,Youngkin,Hutchinson,Scott,Elder,Hurd,Christie,Burgum,Suarez
1.478149,Ramaswamy,Pence,DeSantis,Scott,Haley,Hurd,Burgum,Suarez,Elder,Hutchinson,Youngkin,Christie,Trump
0.724205,Haley,Ramaswamy,Suarez,Elder,Hurd,Hutchinson,Youngkin,Christie,Burgum,Scott,Pence,DeSantis,Trump
1.218747,Trump,DeSantis,Pence,Ramaswamy,Christie,Scott,Haley,Burgum,Elder,Suarez,Hurd,Hutchinson,Youngkin
0.746623,Pence,Trump,Ramaswamy,Youngkin,Suarez,Hurd,Hutchinson,Christie,Elder,Burgum,DeSantis,Haley,Scott
0.779605,DeSantis,Haley,Trump,Scott,Pence,Ramaswamy,Youngkin,Suarez,Elder,Christie,Hutchinson,Hurd,Burgum
0.743226,DeSantis,Ramaswamy,Trump,Pence,Christie,Burgum,Elder,Haley,Hutchinson,Scott,Suarez,Youngkin,Hurd
1.968129,Trump,Haley,DeSantis,Scott,Burgum,Christie,Elder,Ramaswamy,Hurd,Youngkin,Hutchinson,Suarez,Pence
0.902673,Trump,Scott,DeSantis,Elder,Youngkin,Pence,Hurd,Burgum,Ramaswamy,Haley,Suarez,Hutchinson,Christie
1.332874,Trump,Ramaswamy,Haley,Scott,Burgum,Elder,Hutchinson,DeSantis,Suarez,Youngkin,Pence,Hurd,Christie
0.474338,Ramaswamy,Hutchinson,Youngkin,Haley,Hurd,Burgum,Pence,Elder,Scott,Christie,Suarez,DeSantis,Trump
1.084801,Trump,DeSantis,Haley,Burgum,Scott,Ramaswamy,Youngkin,Pence,Christie,Suarez,Elder,Hurd,Hutchinson
0.729306,Trump,Haley,Ramaswamy,Pence,Scott,DeSantis,Burgum,Elder,Suarez,Youngkin,Hutchinson,Hurd,Christie
1.218747,Trump,DeSantis,Burgum,Scott,Haley,Ramaswamy,Youngkin,Elder,Suarez,Hutchinson,Hurd,Pence,Christie
0.594702,Trump,DeSantis,Youngkin,Ramaswamy,Burgum,Scott,Hurd,Suarez,Haley,Hutchinson,Elder,Pence,Christie
0.81114,Christie,DeSantis,Scott,Suarez,Haley,Hurd,Trump,Hutchinson,Burgum,Pence,Elder,Ramaswamy,Youngkin
0.805183,Trump,DeSantis,Haley,Scott,Ramaswamy,Pence,Burgum,Elder,Youngkin,Christie,Hutchinson,Suarez,Hurd
1.82827,Christie,Youngkin,Suarez,Hutchinson,Scott,Burgum,Hurd,Elder,Ramaswamy,Haley,DeSantis,Pence,Trump
0.679403,Christie,Haley,Youngkin,Pence,Burgum,Scott,Elder,Suarez,Hutchinson,Hurd,Ramaswamy,DeSantis,Trump
0.708142,Elder,Scott,Haley,Pence,Suarez,Ramaswamy,Hurd,Burgum,DeSantis,Youngkin,Hutchinson,Trump,Christie
1.048733,Pence,Haley,Ramaswamy,Christie,Scott,Hutchinson,DeSantis,Burgum,Hurd,Elder,Youngkin,Suarez,Trump
1.095555,Trump,DeSantis,Ramaswamy,Scott,Haley,Burgum,Hutchinson,Hurd,Elder,Youngkin,Suarez,Pence,Christie
1.308647,Trump,Ramaswamy,DeSantis,Pence,Haley,Burgum,Scott,Suarez,Hutchinson,Elder,Hurd,Youngkin,Christie
1.045781,Trump,Ramaswamy,Scott,DeSantis,Haley,Elder,Hurd,Suarez,Hutchinson,Youngkin,Burgum,Pence,Christie
1.002609,Trump,DeSantis,Haley,Scott,Ramaswamy,Elder,Pence,Youngkin,Burgum,Suarez,Hurd,Christie,Hutchinson
0.95828,Trump,Ramaswamy,Pence,DeSantis,Haley,Burgum,Elder,Suarez,Scott,Youngkin,Hutchinson,Christie,Hurd
0.932463,Trump,Pence,Youngkin,Hurd,Scott,Burgum,Hutchinson,Elder,Haley,Christie,Suarez,DeSantis,Ramaswamy
0.741903,Haley,Scott,Trump,Pence,DeSantis,Christie,Hutchinson,Youngkin,Elder,Suarez,Hurd,Ramaswamy,Burgum
0.960016,Trump,Ramaswamy,DeSantis,Haley,Youngkin,Hutchinson,Burgum,Suarez,Hurd,Elder,Scott,Pence,Christie
1.215652,Trump,DeSantis,Pence,Christie,Youngkin,Scott,Haley,Hutchinson,Hurd,Elder,Suarez,Ramaswamy,Burgum
1.261425,Trump,Christie,DeSantis,Haley,Pence,Burgum,Scott,Hutchinson,Elder,Hurd,Youngkin,Suarez,Ramaswamy
1.188226,Trump,DeSantis,Haley,Scott,Ramaswamy,Burgum,Hutchinson,Christie,Pence,Elder,Youngkin,Suarez,Hurd
0.670254,Trump,DeSantis,Pence,Elder,Hurd,Burgum,Hutchinson,Youngkin,Scott,Haley,Suarez,Ramaswamy,Christie
1.018243,Ramaswamy,Pence,Trump,Haley,Burgum,Elder,Youngkin,DeSantis,Hutchinson,Scott,Christie,Hurd,Suarez
1.281476,Trump,Ramaswamy,DeSantis,Haley,Scott,Hutchinson,Elder,Youngkin,Burgum,Suarez,Pence,Christie,Hurd
1.134561,DeSantis,Trump,Ramaswamy,Haley,Elder,Pence,Scott,Christie,Burgum,Hutchinson,Youngkin,Hurd,Suarez
1.379548,DeSantis,Trump,Ramaswamy,Youngkin,Haley,Burgum,Scott,Elder,Christie,Pence,Hutchinson,Hurd,Suarez
0.743226,Trump,DeSantis,Ramaswamy,Pence,Scott,Haley,Hutchinson,Youngkin,Christie,Hurd,Elder,Burgum,Suarez
0.516129,Trump,DeSantis,Scott,Haley,Ramaswamy,Youngkin,Pence,Suarez,Hurd,Hutchinson,Burgum,Elder,Christie
2.202489,Haley,Christie,Hutchinson,Scott,Hurd,Youngkin,Burgum,Suarez,Elder,Pence,Ramaswamy,DeSantis,Trump
0.839544,Trump,Ramaswamy,DeSantis,Youngkin,Scott,Suarez,Elder,Haley,Burgum,Hurd,Pence,Hutchinson,Christie
0.817814,Pence,Scott,Trump,Hurd,Hutchinson,Elder,Burgum,Christie,Suarez,DeSantis,Youngkin,Haley,Ramaswamy
0.670254,Hutchinson,Elder,Suarez,Hurd,Scott,Youngkin,Christie,Pence,Ramaswamy,Haley,Burgum,DeSantis,Trump
1.205555,Ramaswamy,Pence,DeSantis,Haley,Elder,Burgum,Youngkin,Scott,Suarez,Hutchinson,Hurd,Christie,Trump
1.669118,Trump,DeSantis,Youngkin,Pence,Hurd,Elder,Hutchinson,Suarez,Ramaswamy,Haley,Christie,Scott,Burgum
1.103994,Ramaswamy,DeSantis,Trump,Haley,Christie,Scott,Burgum,Pence,Youngkin,Hurd,Hutchinson,Elder,Suarez
0.767178,Trump,Ramaswamy,Elder,Scott,Burgum,Youngkin,DeSantis,Haley,Suarez,Pence,Hutchinson,Hurd,Christie
0.95645,Ramaswamy,Pence,Trump,DeSantis,Burgum,Hutchinson,Hurd,Christie,Youngkin,Scott,Elder,Haley,Suarez
1.014141,Trump,Youngkin,Ramaswamy,Scott,Elder,DeSantis,Haley,Burgum,Suarez,Pence,Hutchinson,Hurd,Christie
0.857098,Trump,DeSantis,Pence,Christie,Scott,Hurd,Haley,Hutchinson,Burgum,Ramaswamy,Elder,Youngkin,Suarez
1.82827,Christie,Youngkin,Suarez,Hutchinson,Scott,Burgum,Hurd,Elder,Ramaswamy,Haley,DeSantis,Pence,Trump
0.681832,DeSantis,Trump,Scott,Ramaswamy,Elder,Hurd,Youngkin,Burgum,Suarez,Hutchinson,Haley,Christie,Pence
1.04502,Scott,Christie,Trump,Ramaswamy,Haley,Suarez,Youngkin,Hurd,Hutchinson,Pence,Burgum,Elder,DeSantis
0.73399,Trump,DeSantis,Ramaswamy,Pence,Christie,Haley,Scott,Youngkin,Elder,Hutchinson,Burgum,Suarez,Hurd
0.767178,Pence,Haley,Elder,Scott,Burgum,Hurd,Christie,Youngkin,DeSantis,Suarez,Ramaswamy,Hutchinson,Trump
0.886527,Christie,Suarez,DeSantis,Hutchinson,Hurd,Elder,Scott,Youngkin,Pence,Haley,Burgum,Ramaswamy,Trump
1.079307,Trump,Ramaswamy,Pence,Haley,Scott,Elder,Suarez,Hutchinson,Burgum,Youngkin,Hurd,DeSantis,Christie
1.292359,Pence,Scott,Haley,Christie,Elder,Burgum,Youngkin,Hurd,Suarez,Hutchinson,Ramaswamy,DeSantis,Trump
1.376605,Christie,Haley,Hutchinson,Scott,DeSantis,Burgum,Elder,Suarez,Hurd,Youngkin,Pence,Ramaswamy,Trump
2.040183,Christie,Scott,Pence,Hutchinson,Elder,Burgum,Haley,Youngkin,Hurd,DeSantis,Suarez,Ramaswamy,Trump
0.719616,Youngkin,Ramaswamy,Haley,Suarez,DeSantis,Hurd,Hutchinson,Elder,Pence,Scott,Christie,Burgum,Trump
0.552991,Trump,DeSantis,Scott,Ramaswamy,Hutchinson,Haley,Christie,Youngkin,Hurd,Elder,Burgum,Suarez,Pence
1.04502,Ramaswamy,DeSantis,Christie,Pence,Haley,Hutchinson,Scott,Youngkin,Burgum,Elder,Suarez,Trump,Hurd
0.741903,Trump,DeSantis,Ramaswamy,Haley,Christie,Scott,Hutchinson,Burgum,Youngkin,Elder,Suarez,Hurd,Pence
1.247329,Trump,Ramaswamy,DeSantis,Christie,Haley,Hutchinson,Youngkin,Hurd,Suarez,Scott,Burgum,Elder,Pence
0.960016,Trump,DeSantis,Ramaswamy,Scott,Youngkin,Elder,Haley,Burgum,Christie,Hurd,Hutchinson,Pence,Suarez
0.962767,Haley,Pence,DeSantis,Youngkin,Scott,Hurd,Elder,Hutchinson,Suarez,Burgum,Christie,Trump,Ramaswamy
1.164009,Ramaswamy,DeSantis,Christie,Haley,Hutchinson,Suarez,Youngkin,Hurd,Burgum,Elder,Scott,Pence,Trump
1.611159,DeSantis,Trump,Pence,Burgum,Haley,Hutchinson,Youngkin,Scott,Elder,Suarez,Hurd,Christie,Ramaswamy
1.217557,Haley,Christie,Pence,Scott,Burgum,Youngkin,Suarez,Hurd,Elder,Hutchinson,DeSantis,Ramaswamy,Trump
1.245109,DeSantis,Trump,Ramaswamy,Haley,Scott,Burgum,Youngkin,Elder,Pence,Suarez,Hurd,Hutchinson,Christie
1.018243,Trump,DeSantis,Ramaswamy,Burgum,Hutchinson,Hurd,Youngkin,Suarez,Elder,Scott,Haley,Christie,Pence
1.627319,Trump,DeSantis,Scott,Haley,Pence,Elder,Hutchinson,Youngkin,Burgum,Hurd,Suarez,Christie,Ramaswamy
1.048733,Trump,Ramaswamy,DeSantis,Youngkin,Pence,Christie,Burgum,Hurd,Scott,Suarez,Elder,Hutchinson,Haley
0.661349,DeSantis,Ramaswamy,Scott,Suarez,Hutchinson,Hurd,Elder,Burgum,Christie,Youngkin,Haley,Pence,Trump
0.962767,Haley,Pence,DeSantis,Youngkin,Scott,Hurd,Elder,Hutchinson,Suarez,Burgum,Christie,Trump,Ramaswamy
1.22744,Haley,Scott,Pence,Burgum,Ramaswamy,Hutchinson,Youngkin,Hurd,Elder,Suarez,DeSantis,Christie,Trump
1.314392,Hutchinson,Christie,Hurd,Suarez,Burgum,Youngkin,Haley,Scott,Pence,Ramaswamy,Elder,DeSantis,Trump
0.746623,Pence,Trump,Ramaswamy,Youngkin,Suarez,Hurd,Hutchinson,Christie,Elder,Burgum,DeSantis,Haley,Scott
1.049608,Ramaswamy,Scott,Pence,DeSantis,Haley,Christie,Youngkin,Hutchinson,Elder,Suarez,Burgum,Hurd,Trump
0.567195,Youngkin,Trump,Scott,Haley,Hurd,Christie,Hutchinson,Suarez,Elder,Ramaswamy,Burgum,Pence,DeSantis
1.056898,Trump,Haley,DeSantis,Ramaswamy,Scott,Elder,Youngkin,Burgum,Hurd,Suarez,Hutchinson,Pence,Christie
1.200697,DeSantis,Ramaswamy,Pence,Hutchinson,Hurd,Christie,Youngkin,Haley,Burgum,Elder,Suarez,Scott,Trump
1.314392,Trump,DeSantis,Ramaswamy,Hutchinson,Haley,Pence,Burgum,Youngkin,Christie,Hurd,Scott,Elder,Suarez
0.837753,Christie,Hutchinson,Hurd,Pence,Haley,Burgum,Elder,Suarez,Youngkin,Scott,Ramaswamy,DeSantis,Trump
0.963428,Haley,Suarez,Pence,Hutchinson,Ramaswamy,Hurd,Burgum,Elder,Youngkin,Scott,Christie,DeSantis,Trump
1.372707,Trump,Pence,DeSantis,Haley,Christie,Scott,Burgum,Hurd,Elder,Suarez,Youngkin,Hutchinson,Ramaswamy
0.792237,DeSantis,Haley,Youngkin,Pence,Scott,Suarez,Ramaswamy,Elder,Hurd,Hutchinson,Burgum,Trump,Christie
0.564481,DeSantis,Youngkin,Christie,Haley,Burgum,Scott,Hurd,Elder,Hutchinson,Suarez,Ramaswamy,Pence,Trump
0.840329,Trump,Burgum,Elder,Hurd,Ramaswamy,Scott,Youngkin,Pence,Haley,DeSantis,Christie,Suarez,Hutchinson
0.697987,Trump,DeSantis,Haley,Scott,Ramaswamy,Youngkin,Elder,Hutchinson,Suarez,Hurd,Burgum,Pence,Christie
1.137748,DeSantis,Pence,Haley,Hutchinson,Scott,Christie,Elder,Suarez,Youngkin,Ramaswamy,Burgum,Hurd,Trump
1.120393,Ramaswamy,DeSantis,Trump,Pence,Haley,Scott,Hutchinson,Suarez,Elder,Youngkin,Hurd,Christie,Burgum
1.144161,Trump,Pence,Ramaswamy,Haley,DeSantis,Christie,Scott,Burgum,Hutchinson,Elder,Hurd,Suarez,Youngkin
0.960016,Trump,Ramaswamy,DeSantis,Haley,Youngkin,Hutchinson,Burgum,Suarez,Hurd,Elder,Scott,Pence,Christie
1.068725,Trump,DeSantis,Ramaswamy,Elder,Scott,Pence,Hurd,Youngkin,Haley,Hutchinson,Burgum,Christie,Suarez
1.481912,Trump,Ramaswamy,Haley,Christie,DeSantis,Burgum,Pence,Scott,Suarez,Hurd,Youngkin,Elder,Hutchinson
1.533806,Trump,Ramaswamy,DeSantis,Haley,Scott,Christie,Pence,Suarez,Youngkin,Elder,Hurd,Burgum,Hutchinson
0.806909,Trump,Ramaswamy,DeSantis,Suarez,Youngkin,Pence,Haley,Hutchinson,Burgum,Christie,Scott,Hurd,Elder
1.317598,Trump,DeSantis,Haley,Scott,Ramaswamy,Pence,Elder,Youngkin,Hutchinson,Burgum,Hurd,Suarez,Christie
0.568215,Ramaswamy,Trump,DeSantis,Scott,Christie,Hurd,Suarez,Burgum,Haley,Elder,Youngkin,Hutchinson,Pence
0.971058,Pence,Scott,Burgum,Hutchinson,Elder,Christie,Hurd,Haley,Ramaswamy,DeSantis,Youngkin,Suarez,Trump
1.121883,Ramaswamy,Haley,DeSantis,Trump,Hurd,Christie,Suarez,Pence,Burgum,Youngkin,Scott,Elder,Hutchinson
0.502301,Trump,Ramaswamy,Pence,Elder,Hurd,Haley,Youngkin,DeSantis,Christie,Scott,Burgum,Suarez,Hutchinson
1.332874,Haley,Scott,DeSantis,Youngkin,Christie,Ramaswamy,Burgum,Elder,Hutchinson,Hurd,Suarez,Pence,Trump
1.048733,Trump,DeSantis,Christie,Haley,Scott,Ramaswamy,Youngkin,Hutchinson,Burgum,Elder,Hurd,Suarez,Pence
0.743226,Trump,DeSantis,Haley,Ramaswamy,Scott,Burgum,Suarez,Hurd,Hutchinson,Youngkin,Pence,Elder,Christie
0.903189,Haley,Christie,Scott,Pence,Burgum,Ramaswamy,DeSantis,Hutchinson,Youngkin,Elder,Hurd,Suarez,Trump
0.568215,Ramaswamy,Trump,DeSantis,Scott,Christie,Hurd,Suarez,Burgum,Haley,Elder,Youngkin,Hutchinson,Pence
0.762857,Trump,DeSantis,Ramaswamy,Pence,Hutchinson,Elder,Youngkin,Christie,Burgum,Hurd,Suarez,Scott,Haley
0.837753,Trump,Pence,Haley,DeSantis,Scott,Elder,Ramaswamy,Hutchinson,Burgum,Youngkin,Suarez,Hurd,Christie
0.773286,Ramaswamy,Hutchinson,Burgum,Youngkin,Suarez,Scott,Hurd,Elder,Pence,Christie,DeSantis,Haley,Trump
0.786484,Ramaswamy,Trump,DeSantis,Haley,Pence,Hurd,Burgum,Hutchinson,Elder,Scott,Suarez,Christie,Youngkin
0.660172,DeSantis,Ramaswamy,Haley,Scott,Elder,Hurd,Pence,Hutchinson,Youngkin,Burgum,Christie,Suarez,Trump
1.292548,Christie,Pence,Haley,Scott,Ramaswamy,Burgum,Hutchinson,Hurd,Youngkin,Elder,Suarez,DeSantis,Trump
0.827631,Trump,DeSantis,Scott,Haley,Ramaswamy,Christie,Elder,Pence,Burgum,Youngkin,Hutchinson,Suarez,Hurd
0.932463,Trump,DeSantis,Haley,Ramaswamy,Youngkin,Scott,Hurd,Suarez,Burgum,Elder,Pence,Christie,Hutchinson
0.968735,Trump,DeSantis,Ramaswamy,Hutchinson,Burgum,Hurd,Scott,Elder,Youngkin,Haley,Suarez,Christie,Pence
1.529463,Christie,Scott,Hutchinson,Hurd,DeSantis,Elder,Burgum,Pence,Youngkin,Suarez,Haley,Ramaswamy,Trump
1.529463,Christie,Scott,Hutchinson,Hurd,DeSantis,Elder,Burgum,Pence,Youngkin,Suarez,Haley,Ramaswamy,Trump
0.683048,Scott,Trump,Ramaswamy,DeSantis,Haley,Elder,Hurd,Christie,Youngkin,Suarez,Hutchinson,Pence,Burgum
1.376605,Trump,DeSantis,Scott,Ramaswamy,Pence,Hutchinson,Youngkin,Burgum,Hurd,Suarez,Haley,Christie,Elder
1.308647,Haley,Pence,DeSantis,Elder,Hurd,Burgum,Youngkin,Hutchinson,Scott,Christie,Suarez,Trump,Ramaswamy
1.206101,Christie,Haley,Scott,Burgum,Hutchinson,Youngkin,Suarez,Hurd,Elder,Pence,Ramaswamy,DeSantis,Trump
1.218747,Scott,Ramaswamy,Haley,Pence,Suarez,Christie,Hurd,Youngkin,Hutchinson,Elder,Burgum,DeSantis,Trump
1.002609,Trump,DeSantis,Ramaswamy,Elder,Burgum,Scott,Haley,Youngkin,Suarez,Hurd,Pence,Hutchinson,Christie
1.04502,Trump,Pence,Haley,DeSantis,Scott,Ramaswamy,Christie,Youngkin,Hutchinson,Suarez,Burgum,Hurd,Elder
1.144161,DeSantis,Ramaswamy,Haley,Trump,Scott,Burgum,Christie,Hutchinson,Youngkin,Elder,Hurd,Pence,Suarez
0.58281,Ramaswamy,Elder,Burgum,Scott,Hutchinson,Youngkin,Haley,Christie,Hurd,Suarez,Pence,DeSantis,Trump
1.132141,Ramaswamy,DeSantis,Trump,Scott,Haley,Pence,Burgum,Hutchinson,Elder,Christie,Hurd,Youngkin,Suarez
0.947572,Trump,DeSantis,Scott,Pence,Haley,Youngkin,Elder,Hurd,Burgum,Hutchinson,Ramaswamy,Christie,Suarez
0.639186,Ramaswamy,Elder,Suarez,Hurd,Christie,Youngkin,Pence,Burgum,Hutchinson,Scott,Haley,Trump,DeSantis
1.188226,Pence,Ramaswamy,Trump,Haley,Scott,Christie,Elder,Burgum,Hurd,Suarez,Youngkin,Hutchinson,DeSantis
1.627319,Scott,Haley,Pence,Hutchinson,Burgum,Youngkin,Christie,Hurd,Elder,DeSantis,Suarez,Ramaswamy,Trump
1.261425,Trump,Pence,DeSantis,Elder,Christie,Haley,Ramaswamy,Hurd,Hutchinson,Scott,Suarez,Burgum,Youngkin
1.247329,DeSantis,Youngkin,Haley,Scott,Elder,Suarez,Hutchinson,Burgum,Ramaswamy,Hurd,Trump,Pence,Christie
0.916252,DeSantis,Haley,Scott,Christie,Ramaswamy,Pence,Burgum,Hutchinson,Hurd,Elder,Suarez,Youngkin,Trump
0.54534,Haley,Suarez,Christie,Elder,Scott,Burgum,Youngkin,Hurd,Hutchinson,Pence,Ramaswamy,Trump,DeSantis
0.660172,DeSantis,Ramaswamy,Suarez,Burgum,Elder,Haley,Pence,Christie,Hutchinson,Hurd,Scott,Youngkin,Trump
1.334956,Ramaswamy,Pence,Hurd,Scott,Elder,Youngkin,Haley,Christie,DeSantis,Burgum,Suarez,Hutchinson,Trump
0.555612,DeSantis,Trump,Pence,Scott,Christie,Elder,Youngkin,Burgum,Ramaswamy,Hutchinson,Hurd,Suarez,Haley
1.342131,Trump,DeSantis,Haley,Scott,Pence,Ramaswamy,Burgum,Hutchinson,Youngkin,Elder,Suarez,Christie,Hurd
1.218747,Trump,DeSantis,Burgum,Scott,Haley,Ramaswamy,Youngkin,Elder,Suarez,Hutchinson,Hurd,Pence,Christie
0.660172,Trump,DeSantis,Pence,Burgum,Hurd,Suarez,Elder,Scott,Christie,Youngkin,Ramaswamy,Haley,Hutchinson
0.81114,Hurd,Elder,Hutchinson,Scott,Suarez,Ramaswamy,Burgum,Youngkin,Haley,Christie,Pence,DeSantis,Trump
1.000625,Trump,DeSantis,Haley,Burgum,Scott,Ramaswamy,Pence,Christie,Hutchinson,Youngkin,Hurd,Elder,Suarez
1.068725,Trump,Ramaswamy,DeSantis,Pence,Haley,Christie,Burgum,Elder,Hurd,Suarez,Youngkin,Scott,Hutchinson
0.640195,Trump,DeSantis,Pence,Scott,Haley,Ramaswamy,Christie,Hurd,Elder,Hutchinson,Burgum,Suarez,Youngkin
0.888483,Trump,Ramaswamy,Pence,Youngkin,DeSantis,Scott,Burgum,Haley,Hurd,Elder,Hutchinson,Christie,Suarez
1.629188,Ramaswamy,Haley,Scott,Pence,Christie,Suarez,Elder,Burgum,Hutchinson,Youngkin,Hurd,DeSantis,Trump
1.420777,Trump,Pence,DeSantis,Scott,Ramaswamy,Haley,Hurd,Elder,Christie,Suarez,Burgum,Hutchinson,Youngkin
1.281476,Trump,Ramaswamy,DeSantis,Haley,Scott,Hutchinson,Elder,Youngkin,Burgum,Suarez,Pence,Christie,Hurd
1.826138,Trump,Ramaswamy,Elder,DeSantis,Youngkin,Burgum,Suarez,Christie,Haley,Hurd,Hutchinson,Scott,Pence
1.297088,Christie,Haley,Youngkin,Burgum,Hutchinson,Elder,Suarez,Hurd,DeSantis,Scott,Ramaswamy,Pence,Trump
1.376055,Trump,Ramaswamy,Pence,Haley,Elder,Youngkin,DeSantis,Scott,Hurd,Hutchinson,Suarez,Burgum,Christie
1.481912,Trump,DeSantis,Burgum,Haley,Scott,Youngkin,Elder,Hurd,Suarez,Hutchinson,Ramaswamy,Christie,Pence
0.93342,Trump,Pence,Hutchinson,Scott,DeSantis,Burgum,Ramaswamy,Elder,Hurd,Youngkin,Christie,Suarez,Haley
0.724205,Christie,Haley,Pence,Youngkin,Scott,Suarez,Hutchinson,Hurd,Elder,Burgum,Ramaswamy,DeSantis,Trump
0.568215,Trump,Hutchinson,Pence,Haley,Suarez,Ramaswamy,Christie,Hurd,Scott,Youngkin,Elder,Burgum,DeSantis
1.980981,DeSantis,Haley,Pence,Christie,Scott,Burgum,Hutchinson,Hurd,Elder,Suarez,Youngkin,Ramaswamy,Trump
0.903768,Scott,Elder,Ramaswamy,DeSantis,Trump,Pence,Youngkin,Haley,Hurd,Burgum,Suarez,Hutchinson,Christie
1.033456,DeSantis,Trump,Haley,Scott,Pence,Burgum,Youngkin,Ramaswamy,Elder,Christie,Hutchinson,Hurd,Suarez
0.743226,Pence,Ramaswamy,Trump,DeSantis,Christie,Suarez,Hutchinson,Youngkin,Haley,Hurd,Scott,Elder,Burgum
0.567195,Trump,Hurd,Elder,Ramaswamy,Christie,Youngkin,Pence,Hutchinson,Haley,Burgum,Suarez,DeSantis,Scott
0.837753,Trump,Ramaswamy,DeSantis,Scott,Christie,Haley,Suarez,Youngkin,Hutchinson,Pence,Burgum,Elder,Hurd
0.742806,Trump,Haley,DeSantis,Scott,Ramaswamy,Youngkin,Christie,Elder,Burgum,Hurd,Pence,Suarez,Hutchinson
0.670254,Trump,DeSantis,Pence,Elder,Hurd,Burgum,Hutchinson,Youngkin,Scott,Haley,Suarez,Ramaswamy,Christie
1.122006,Trump,Scott,Haley,Ramaswamy,DeSantis,Pence,Christie,Burgum,Youngkin,Hurd,Suarez,Hutchinson,Elder
0.851141,Ramaswamy,Trump,Haley,DeSantis,Scott,Elder,Burgum,Hurd,Suarez,Youngkin,Hutchinson,Christie,Pence
0.970759,Youngkin,Pence,Christie,Haley,Scott,Hutchinson,DeSantis,Ramaswamy,Suarez,Elder,Hurd,Trump,Burgum
0.827631,Trump,Ramaswamy,Hutchinson,Christie,Burgum,Elder,Hurd,Scott,Haley,DeSantis,Suarez,Youngkin,Pence
0.925859,Trump,Pence,Ramaswamy,Hutchinson,DeSantis,Youngkin,Scott,Suarez,Elder,Burgum,Christie,Haley,Hurd
1.424811,Haley,Christie,Burgum,Hutchinson,Hurd,Elder,Suarez,Youngkin,Scott,DeSantis,Ramaswamy,Pence,Trump
1.81136,Trump,DeSantis,Haley,Pence,Youngkin,Suarez,Burgum,Scott,Elder,Hurd,Christie,Hutchinson,Ramaswamy
0.624392,Trump,Ramaswamy,Christie,DeSantis,Scott,Suarez,Pence,Haley,Hutchinson,Elder,Hurd,Burgum,Youngkin
2.045976,DeSantis,Haley,Scott,Ramaswamy,Trump,Burgum,Youngkin,Pence,Elder,Hutchinson,Suarez,Hurd,Christie
0.683048,Scott,Trump,Ramaswamy,DeSantis,Haley,Elder,Hurd,Christie,Youngkin,Suarez,Hutchinson,Pence,Burgum
0.708142,Trump,Ramaswamy,Haley,Pence,Suarez,Christie,Youngkin,DeSantis,Hurd,Scott,Burgum,Hutchinson,Elder
1.271577,Trump,DeSantis,Ramaswamy,Scott,Haley,Youngkin,Suarez,Burgum,Pence,Christie,Hurd,Hutchinson,Elder
0.741903,DeSantis,Pence,Haley,Ramaswamy,Trump,Christie,Elder,Scott,Hutchinson,Hurd,Youngkin,Suarez,Burgum
1.420777,Trump,Pence,DeSantis,Scott,Ramaswamy,Haley,Hurd,Elder,Christie,Suarez,Burgum,Hutchinson,Youngkin
0.650804,Trump,Christie,Ramaswamy,Elder,Burgum,Hurd,DeSantis,Scott,Haley,Youngkin,Suarez,Hutchinson,Pence
1.332874,Haley,Scott,DeSantis,Youngkin,Christie,Ramaswamy,Burgum,Elder,Hutchinson,Hurd,Suarez,Pence,Trump
1.002393,Hurd,Hutchinson,Burgum,Scott,Youngkin,Suarez,Haley,Ramaswamy,Elder,DeSantis,Christie,Pence,Trump
1.218747,Scott,Ramaswamy,Haley,Pence,Suarez,Christie,Hurd,Youngkin,Hutchinson,Elder,Burgum,DeSantis,Trump
0.886527,Trump,Ramaswamy,Haley,DeSantis,Pence,Youngkin,Hutchinson,Elder,Suarez,Hurd,Burgum,Scott,Christie
0.854256,Trump,Ramaswamy,DeSantis,Haley,Youngkin,Scott,Suarez,Elder,Hurd,Hutchinson,Burgum,Christie,Pence
1.001352,Ramaswamy,Trump,DeSantis,Christie,Haley,Suarez,Scott,Hutchinson,Hurd,Burgum,Elder,Youngkin,Pence
1.122006,Trump,Haley,DeSantis,Youngkin,Burgum,Hurd,Hutchinson,Scott,Suarez,Elder,Pence,Christie,Ramaswamy
0.861664,Ramaswamy,Christie,Haley,Scott,Elder,Burgum,Hutchinson,Youngkin,Suarez,Hurd,Pence,DeSantis,Trump
1.103994,Ramaswamy,DeSantis,Trump,Haley,Christie,Scott,Burgum,Pence,Youngkin,Hurd,Hutchinson,Elder,Suarez
0.786484,Ramaswamy,Trump,DeSantis,Haley,Pence,Hurd,Burgum,Hutchinson,Elder,Scott,Suarez,Christie,Youngkin
0.693567,Trump,DeSantis,Pence,Scott,Hurd,Haley,Youngkin,Hutchinson,Elder,Suarez,Christie,Burgum,Ramaswamy
0.851323,Trump,Ramaswamy,DeSantis,Elder,Scott,Youngkin,Burgum,Hurd,Suarez,Haley,Hutchinson,Christie,Pence
1.068725,Trump,Ramaswamy,DeSantis,Pence,Haley,Christie,Burgum,Elder,Hurd,Suarez,Youngkin,Scott,Hutchinson
1.033456,Haley,DeSantis,Scott,Ramaswamy,Pence,Christie,Trump,Elder,Hutchinson,Burgum,Hurd,Youngkin,Suarez
0.892157,Christie,Hutchinson,Hurd,Suarez,Youngkin,Elder,Burgum,Scott,Pence,Haley,DeSantis,Ramaswamy,Trump
0.996977,Trump,Christie,Haley,Scott,DeSantis,Elder,Suarez,Hurd,Hutchinson,Youngkin,Burgum,Ramaswamy,Pence
1.103789,Trump,Haley,DeSantis,Christie,Suarez,Hurd,Youngkin,Ramaswamy,Elder,Scott,Burgum,Hutchinson,Pence
1.200697,Pence,Haley,Scott,DeSantis,Hutchinson,Burgum,Elder,Youngkin,Suarez,Trump,Hurd,Christie,Ramaswamy
1.200697,DeSantis,Ramaswamy,Pence,Hutchinson,Hurd,Christie,Youngkin,Haley,Burgum,Elder,Suarez,Scott,Trump
0.636425,Trump,DeSantis,Pence,Christie,Ramaswamy,Hutchinson,Burgum,Hurd,Youngkin,Haley,Elder,Scott,Suarez
1.968129,Trump,Haley,DeSantis,Scott,Burgum,Christie,Elder,Ramaswamy,Hurd,Youngkin,Hutchinson,Suarez,Pence
1.215652,Pence,Scott,Haley,DeSantis,Christie,Hutchinson,Ramaswamy,Youngkin,Hurd,Suarez,Elder,Burgum,Trump
0.620487,Trump,Pence,Christie,DeSantis,Hutchinson,Hurd,Haley,Ramaswamy,Elder,Burgum,Youngkin,Suarez,Scott
1.297777,Christie,Haley,Ramaswamy,Pence,Hutchinson,Youngkin,Scott,Burgum,Suarez,Hurd,DeSantis,Elder,Trump
1.017577,Trump,Ramaswamy,Haley,Burgum,Suarez,Christie,Elder,Hurd,Pence,Scott,DeSantis,Hutchinson,Youngkin
1.215652,Scott,Christie,Haley,DeSantis,Pence,Ramaswamy,Hurd,Youngkin,Burgum,Hutchinson,Elder,Suarez,Trump
1.014141,Trump,Ramaswamy,Scott,DeSantis,Elder,Youngkin,Pence,Burgum,Hurd,Hutchinson,Suarez,Christie,Haley
0.724205,Christie,Haley,Pence,Youngkin,Scott,Suarez,Hutchinson,Hurd,Elder,Burgum,Ramaswamy,DeSantis,Trump
1.051336,DeSantis,Pence,Christie,Hurd,Haley,Burgum,Elder,Scott,Youngkin,Ramaswamy,Hutchinson,Suarez,Trump
1.134561,Trump,Ramaswamy,DeSantis,Christie,Burgum,Haley,Pence,Elder,Hutchinson,Scott,Suarez,Youngkin,Hurd
1.488257,DeSantis,Ramaswamy,Pence,Hutchinson,Haley,Christie,Trump,Scott,Suarez,Elder,Burgum,Hurd,Youngkin
0.56361,Trump,Scott,DeSantis,Elder,Hurd,Burgum,Youngkin,Pence,Ramaswamy,Suarez,Hutchinson,Haley,Christie
0.670254,Hutchinson,Elder,Suarez,Hurd,Scott,Youngkin,Christie,Pence,Ramaswamy,Haley,Burgum,DeSantis,Trump
0.929519,Christie,Haley,Ramaswamy,DeSantis,Scott,Pence,Youngkin,Burgum,Hutchinson,Suarez,Hurd,Elder,Trump
0.823528,Haley,Hutchinson,DeSantis,Pence,Christie,Scott,Ramaswamy,Suarez,Hurd,Burgum,Elder,Youngkin,Trump
1.120393,Trump,Ramaswamy,Haley,DeSantis,Scott,Burgum,Youngkin,Pence,Christie,Elder,Suarez,Hurd,Hutchinson
0.903189,Haley,Pence,Ramaswamy,Scott,Elder,Suarez,Youngkin,Burgum,DeSantis,Christie,Hurd,Hutchinson,Trump
0.773286,Trump,Haley,Youngkin,Hurd,Burgum,Ramaswamy,Hutchinson,Elder,Suarez,Scott,Pence,DeSantis,Christie
0.650804,Burgum,Haley,Scott,Pence,Ramaswamy,DeSantis,Christie,Trump,Elder,Hutchinson,Youngkin,Hurd,Suarez
1.086363,Ramaswamy,Haley,DeSantis,Christie,Pence,Hutchinson,Scott,Suarez,Hurd,Youngkin,Burgum,Elder,Trump
0.668479,Trump,DeSantis,Haley,Ramaswamy,Pence,Christie,Burgum,Suarez,Hurd,Elder,Hutchinson,Scott,Youngkin
0.56361,Christie,Hutchinson,Burgum,Elder,Haley,Hurd,Suarez,Scott,Pence,Youngkin,Ramaswamy,DeSantis,Trump
1.247329,DeSantis,Youngkin,Haley,Scott,Elder,Suarez,Hutchinson,Burgum,Ramaswamy,Hurd,Trump,Pence,Christie
1.114478,Trump,Pence,Ramaswamy,Scott,Christie,DeSantis,Haley,Elder,Burgum,Youngkin,Suarez,Hutchinson,Hurd
1.18457,Scott,Haley,Ramaswamy,DeSantis,Youngkin,Pence,Elder,Burgum,Christie,Hurd,Hutchinson,Suarez,Trump
0.735939,Trump,DeSantis,Haley,Scott,Ramaswamy,Christie,Pence,Hutchinson,Youngkin,Suarez,Hurd,Elder,Burgum
0.768818,Ramaswamy,Hutchinson,DeSantis,Scott,Haley,Suarez,Elder,Hurd,Christie,Youngkin,Pence,Burgum,Trump
0.794043,Trump,Christie,DeSantis,Pence,Suarez,Scott,Hurd,Youngkin,Hutchinson,Elder,Burgum,Ramaswamy,Haley
0.539873,Trump,Ramaswamy,Suarez,DeSantis,Scott,Christie,Hurd,Haley,Elder,Youngkin,Hutchinson,Pence,Burgum
0.960016,Ramaswamy,Haley,DeSantis,Scott,Christie,Pence,Elder,Burgum,Hutchinson,Suarez,Hurd,Youngkin,Trump
0.577422,Haley,Elder,Trump,Suarez,DeSantis,Pence,Youngkin,Burgum,Scott,Hutchinson,Ramaswamy,Hurd,Christie
0.901839,Trump,Pence,Ramaswamy,DeSantis,Hurd,Christie,Burgum,Youngkin,Scott,Suarez,Elder,Haley,Hutchinson
0.636425,Trump,Haley,Ramaswamy,Youngkin,Hurd,Pence,Hutchinson,Elder,Suarez,Christie,Burgum,Scott,DeSantis
0.880236,Trump,Christie,Elder,Suarez,Haley,Burgum,Scott,Hurd,Youngkin,Hutchinson,DeSantis,Ramaswamy,Pence
0.721527,DeSantis,Ramaswamy,Haley,Trump,Youngkin,Scott,Pence,Elder,Christie,Hutchinson,Hurd,Suarez,Burgum
0.867089,Trump,Pence,Ramaswamy,DeSantis,Elder,Hurd,Suarez,Haley,Burgum,Christie,Youngkin,Hutchinson,Scott
0.704801,Trump,Scott,Youngkin,Burgum,Ramaswamy,Hutchinson,Hurd,Elder,Suarez,DeSantis,Christie,Pence,Haley
1.049608,Trump,Ramaswamy,Haley,DeSantis,Scott,Pence,Burgum,Christie,Youngkin,Elder,Hurd,Hutchinson,Suarez
0.817814,Pence,Scott,Trump,Hurd,Hutchinson,Elder,Burgum,Christie,Suarez,DeSantis,Youngkin,Haley,Ramaswamy
0.603219,Trump,Ramaswamy,Haley,Elder,Scott,Suarez,DeSantis,Burgum,Youngkin,Christie,Hutchinson,Hurd,Pence
1.299495,Trump,DeSantis,Ramaswamy,Scott,Pence,Haley,Christie,Burgum,Elder,Suarez,Hurd,Youngkin,Hutchinson
1.512372,Trump,Christie,Burgum,Hurd,DeSantis,Elder,Ramaswamy,Suarez,Haley,Scott,Hutchinson,Youngkin,Pence
1.051336,Christie,Haley,Trump,Scott,Hutchinson,Elder,DeSantis,Hurd,Burgum,Suarez,Youngkin,Ramaswamy,Pence
1.086363,Ramaswamy,Haley,DeSantis,Christie,Pence,Hutchinson,Scott,Suarez,Hurd,Youngkin,Burgum,Elder,Trump
1.314392,Trump,DeSantis,Scott,Pence,Youngkin,Burgum,Haley,Ramaswamy,Christie,Elder,Hutchinson,Suarez,Hurd
1.546149,Trump,DeSantis,Haley,Pence,Ramaswamy,Scott,Youngkin,Elder,Burgum,Hutchinson,Suarez,Hurd,Christie
1.149689,Trump,DeSantis,Youngkin,Elder,Burgum,Scott,Haley,Suarez,Hutchinson,Hurd,Ramaswamy,Christie,Pence
1.400831,Ramaswamy,Christie,Pence,DeSantis,Haley,Elder,Scott,Youngkin,Suarez,Hutchinson,Hurd,Burgum,Trump
0.919605,DeSantis,Trump,Pence,Ramaswamy,Elder,Burgum,Scott,Youngkin,Hutchinson,Suarez,Hurd,Haley,Christie
0.87319,Trump,DeSantis,Ramaswamy,Haley,Pence,Christie,Youngkin,Scott,Hutchinson,Burgum,Hurd,Suarez,Elder
0.970759,Trump,Ramaswamy,Youngkin,DeSantis,Haley,Elder,Scott,Burgum,Hurd,Suarez,Hutchinson,Pence,Christie
1.023323,Trump,Pence,Haley,DeSantis,Ramaswamy,Scott,Youngkin,Hutchinson,Suarez,Hurd,Burgum,Elder,Christie
0.65782,Ramaswamy,Pence,Haley,DeSantis,Hurd,Scott,Suarez,Trump,Hutchinson,Burgum,Christie,Elder,Youngkin
0.668479,Trump,Burgum,Elder,Ramaswamy,Youngkin,Scott,DeSantis,Pence,Hutchinson,Haley,Christie,Suarez,Hurd
1.068725,Trump,DeSantis,Ramaswamy,Elder,Scott,Pence,Hurd,Youngkin,Haley,Hutchinson,Burgum,Christie,Suarez
0.81114,Christie,DeSantis,Scott,Suarez,Haley,Hurd,Trump,Hutchinson,Burgum,Pence,Elder,Ramaswamy,Youngkin
1.669118,Ramaswamy,Trump,Scott,Burgum,Youngkin,Haley,Elder,Hurd,Suarez,Pence,DeSantis,Hutchinson,Christie
0.612993,Trump,Ramaswamy,DeSantis,Christie,Pence,Haley,Hutchinson,Burgum,Elder,Suarez,Scott,Youngkin,Hurd
1.207837,Ramaswamy,DeSantis,Trump,Scott,Pence,Youngkin,Hutchinson,Haley,Elder,Christie,Hurd,Suarez,Burgum
1.188226,Pence,Ramaswamy,Trump,Haley,Scott,Christie,Elder,Burgum,Hurd,Suarez,Youngkin,Hutchinson,DeSantis
1.134561,Trump,Ramaswamy,DeSantis,Christie,Burgum,Haley,Pence,Elder,Hutchinson,Scott,Suarez,Youngkin,Hurd
0.892157,Christie,Hutchinson,Hurd,Suarez,Youngkin,Elder,Burgum,Scott,Pence,Haley,DeSantis,Ramaswamy,Trump
0.8662,Trump,DeSantis,Haley,Scott,Ramaswamy,Burgum,Suarez,Youngkin,Hutchinson,Hurd,Elder,Christie,Pence
1.206101,Christie,Haley,Scott,Burgum,Hutchinson,Youngkin,Suarez,Hurd,Elder,Pence,Ramaswamy,DeSantis,Trump
0.8662,Trump,DeSantis,Haley,Scott,Ramaswamy,Burgum,Suarez,Youngkin,Hutchinson,Hurd,Elder,Christie,Pence
0.930194,Ramaswamy,Youngkin,Pence,Hutchinson,Scott,Trump,Christie,Suarez,Hurd,Haley,DeSantis,Elder,Burgum
1.137748,Trump,Ramaswamy,Scott,Haley,Burgum,Hutchinson,Christie,Hurd,Elder,Suarez,Youngkin,DeSantis,Pence
0.568215,Trump,Hutchinson,Pence,Haley,Suarez,Ramaswamy,Christie,Hurd,Scott,Youngkin,Elder,Burgum,DeSantis
0.779609,Trump,DeSantis,Ramaswamy,Scott,Pence,Haley,Christie,Youngkin,Hutchinson,Elder,Burgum,Suarez,Hurd
0.839544,Trump,Scott,Ramaswamy,Elder,Haley,Youngkin,Suarez,Hutchinson,Burgum,Hurd,DeSantis,Pence,Christie
0.741903,Ramaswamy,Christie,Elder,Youngkin,DeSantis,Burgum,Haley,Scott,Hurd,Pence,Suarez,Hutchinson,Trump
1.332874,Haley,Scott,DeSantis,Youngkin,Christie,Ramaswamy,Burgum,Elder,Hutchinson,Hurd,Suarez,Pence,Trump
1.188226,Pence,Ramaswamy,Trump,Haley,Scott,Christie,Elder,Burgum,Hurd,Suarez,Youngkin,Hutchinson,DeSantis
1.103994,Trump,Scott,DeSantis,Burgum,Elder,Youngkin,Ramaswamy,Hurd,Haley,Suarez,Hutchinson,Pence,Christie
1.066087,Ramaswamy,Elder,Scott,DeSantis,Suarez,Pence,Burgum,Hurd,Hutchinson,Christie,Haley,Trump,Youngkin
0.768818,Ramaswamy,DeSantis,Haley,Burgum,Scott,Christie,Youngkin,Hutchinson,Hurd,Elder,Suarez,Pence,Trump
0.639186,Pence,Scott,Haley,Ramaswamy,DeSantis,Trump,Burgum,Youngkin,Suarez,Elder,Hurd,Hutchinson,Christie
1.50968,Trump,DeSantis,Pence,Ramaswamy,Burgum,Haley,Hutchinson,Elder,Youngkin,Scott,Hurd,Suarez,Christie
1.297777,Christie,Haley,Ramaswamy,Pence,Hutchinson,Youngkin,Scott,Burgum,Suarez,Hurd,DeSantis,Elder,Trump
0.720887,Pence,Ramaswamy,Scott,DeSantis,Haley,Trump,Burgum,Elder,Youngkin,Hurd,Hutchinson,Suarez,Christie
1.158692,Trump,Ramaswamy,Suarez,Haley,Christie,Pence,Scott,Elder,Burgum,DeSantis,Hurd,Hutchinson,Youngkin
0.888483,Trump,Ramaswamy,Elder,Youngkin,Hutchinson,Suarez,Scott,Hurd,Burgum,Pence,DeSantis,Haley,Christie
1.308647,Haley,Pence,DeSantis,Elder,Youngkin,Christie,Hutchinson,Hurd,Scott,Burgum,Suarez,Trump,Ramaswamy
0.708142,Trump,DeSantis,Ramaswamy,Scott,Pence,Hurd,Burgum,Suarez,Hutchinson,Elder,Christie,Youngkin,Haley
0.903768,Scott,Elder,Ramaswamy,DeSantis,Trump,Pence,Youngkin,Haley,Hurd,Burgum,Suarez,Hutchinson,Christie
0.720887,Trump,DeSantis,Ramaswamy,Christie,Scott,Suarez,Burgum,Youngkin,Elder,Hurd,Hutchinson,Haley,Pence
0.73399,Ramaswamy,Haley,Trump,Pence,Scott,Christie,DeSantis,Youngkin,Hurd,Hutchinson,Burgum,Suarez,Elder
0.603219,Trump,Ramaswamy,Haley,Elder,Scott,Suarez,DeSantis,Burgum,Youngkin,Christie,Hutchinson,Hurd,Pence
0.773286,Ramaswamy,Hutchinson,Burgum,Youngkin,Suarez,Scott,Hurd,Elder,Pence,Christie,DeSantis,Haley,Trump
1.112621,Trump,DeSantis,Ramaswamy,Haley,Scott,Pence,Hurd,Youngkin,Elder,Christie,Burgum,Hutchinson,Suarez
0.718335,Christie,Pence,Haley,Suarez,Burgum,DeSantis,Scott,Elder,Hurd,Hutchinson,Youngkin,Ramaswamy,Trump
0.839247,DeSantis,Trump,Ramaswamy,Pence,Christie,Haley,Burgum,Hurd,Elder,Hutchinson,Youngkin,Scott,Suarez
1.200697,DeSantis,Ramaswamy,Pence,Hutchinson,Hurd,Christie,Youngkin,Haley,Burgum,Elder,Suarez,Scott,Trump
1.120393,Ramaswamy,DeSantis,Trump,Pence,Haley,Scott,Hutchinson,Suarez,Elder,Youngkin,Hurd,Christie,Burgum
1.051336,DeSantis,Pence,Christie,Hurd,Haley,Burgum,Elder,Scott,Youngkin,Ramaswamy,Hutchinson,Suarez,Trump
1.317598,Trump,DeSantis,Haley,Scott,Ramaswamy,Pence,Elder,Youngkin,Hutchinson,Burgum,Hurd,Suarez,Christie
1.218747,Christie,DeSantis,Elder,Scott,Ramaswamy,Haley,Hutchinson,Hurd,Youngkin,Suarez,Pence,Trump,Burgum
0.751381,Ramaswamy,DeSantis,Scott,Burgum,Pence,Haley,Trump,Youngkin,Hutchinson,Christie,Suarez,Elder,Hurd
0.968363,Pence,DeSantis,Trump,Haley,Ramaswamy,Suarez,Scott,Youngkin,Christie,Hutchinson,Elder,Burgum,Hurd
1.048733,Trump,Ramaswamy,DeSantis,Youngkin,Pence,Christie,Burgum,Hurd,Scott,Suarez,Elder,Hutchinson,Haley
0.79963,Trump,Ramaswamy,Scott,DeSantis,Christie,Hutchinson,Haley,Pence,Suarez,Youngkin,Elder,Hurd,Burgum
0.731376,Scott,Haley,Trump,Ramaswamy,DeSantis,Pence,Christie,Hutchinson,Youngkin,Suarez,Burgum,Hurd,Elder
0.767178,Trump,DeSantis,Hutchinson,Suarez,Elder,Scott,Ramaswamy,Christie,Pence,Burgum,Youngkin,Hurd,Haley
0.932822,Trump,Ramaswamy,DeSantis,Scott,Haley,Elder,Suarez,Pence,Hurd,Burgum,Hutchinson,Youngkin,Christie
0.879255,Trump,Ramaswamy,DeSantis,Scott,Hurd,Youngkin,Elder,Burgum,Haley,Hutchinson,Christie,Pence,Suarez
0.8662,Trump,DeSantis,Haley,Scott,Ramaswamy,Burgum,Suarez,Youngkin,Hutchinson,Hurd,Elder,Christie,Pence
1.166972,Ramaswamy,DeSantis,Haley,Pence,Hutchinson,Elder,Suarez,Hurd,Burgum,Scott,Youngkin,Christie,Trump
1.049608,Haley,Scott,DeSantis,Ramaswamy,Pence,Christie,Trump,Burgum,Hutchinson,Suarez,Elder,Hurd,Youngkin
0.709101,Trump,DeSantis,Pence,Haley,Ramaswamy,Hurd,Suarez,Youngkin,Scott,Elder,Christie,Hutchinson,Burgum
0.606725,Trump,DeSantis,Ramaswamy,Elder,Scott,Christie,Hurd,Youngkin,Haley,Suarez,Hutchinson,Burgum,Pence
1.056898,Trump,Ramaswamy,Haley,Scott,DeSantis,Pence,Elder,Youngkin,Hurd,Hutchinson,Burgum,Suarez,Christie
1.281476,Trump,Ramaswamy,DeSantis,Haley,Scott,Hutchinson,Elder,Youngkin,Burgum,Suarez,Pence,Christie,Hurd
0.892157,Christie,Haley,Hutchinson,Pence,Scott,Hurd,Burgum,Suarez,Trump,DeSantis,Elder,Youngkin,Ramaswamy
1.22744,Trump,Pence,DeSantis,Elder,Haley,Youngkin,Scott,Suarez,Hurd,Ramaswamy,Burgum,Hutchinson,Christie
1.144161,DeSantis,Ramaswamy,Haley,Trump,Scott,Burgum,Christie,Hutchinson,Youngkin,Elder,Hurd,Pence,Suarez
1.512372,Trump,Christie,Burgum,Hurd,DeSantis,Elder,Ramaswamy,Suarez,Haley,Scott,Hutchinson,Youngkin,Pence
0.996977,DeSantis,Pence,Ramaswamy,Haley,Youngkin,Burgum,Scott,Elder,Suarez,Hurd,Hutchinson,Trump,Christie
1.084045,Ramaswamy,Trump,Scott,Elder,DeSantis,Hurd,Haley,Burgum,Hutchinson,Suarez,Youngkin,Pence,Christie
1.980981,Christie,Pence,Burgum,Haley,Ramaswamy,Hurd,Elder,Scott,Youngkin,Hutchinson,Suarez,Trump,DeSantis
1.002609,Trump,DeSantis,Ramaswamy,Elder,Burgum,Scott,Haley,Youngkin,Suarez,Hurd,Pence,Hutchinson,Christie
2.040183,Ramaswamy,DeSantis,Trump,Pence,Hurd,Hutchinson,Elder,Burgum,Scott,Suarez,Haley,Youngkin,Christie
0.751381,Trump,Ramaswamy,DeSantis,Scott,Youngkin,Elder,Burgum,Hurd,Haley,Christie,Hutchinson,Suarez,Pence
0.690412,Haley,Suarez,Burgum,Pence,Christie,Trump,Ramaswamy,Hutchinson,Hurd,Scott,DeSantis,Youngkin,Elder
0.63756,Trump,Christie,Ramaswamy,Youngkin,Pence,DeSantis,Hutchinson,Hurd,Elder,Haley,Suarez,Burgum,Scott
0.620487,Trump,Ramaswamy,DeSantis,Pence,Scott,Youngkin,Burgum,Elder,Christie,Haley,Hutchinson,Hurd,Suarez
0.670254,Trump,DeSantis,Pence,Elder,Hurd,Burgum,Hutchinson,Youngkin,Scott,Haley,Suarez,Ramaswamy,Christie
0.868636,Trump,Ramaswamy,Burgum,Suarez,Haley,Youngkin,Hutchinson,DeSantis,Scott,Hurd,Elder,Pence,Christie
1.271577,DeSantis,Ramaswamy,Trump,Haley,Scott,Pence,Hutchinson,Burgum,Youngkin,Elder,Suarez,Christie,Hurd
0.670254,Hutchinson,Elder,Suarez,Hurd,Scott,Youngkin,Christie,Pence,Ramaswamy,Haley,Burgum,DeSantis,Trump
1.459965,Trump,Ramaswamy,DeSantis,Christie,Burgum,Hurd,Elder,Suarez,Haley,Youngkin,Pence,Hutchinson,Scott
1.382498,Hurd,DeSantis,Trump,Suarez,Haley,Hutchinson,Scott,Elder,Pence,Youngkin,Christie,Ramaswamy,Burgum
0.825865,Trump,Ramaswamy,Pence,DeSantis,Christie,Suarez,Youngkin,Haley,Hurd,Burgum,Elder,Scott,Hutchinson
0.812586,Trump,DeSantis,Pence,Hutchinson,Hurd,Haley,Christie,Ramaswamy,Youngkin,Burgum,Scott,Suarez,Elder
0.823768,Ramaswamy,Haley,Scott,Youngkin,Hurd,Burgum,DeSantis,Trump,Hutchinson,Elder,Suarez,Christie,Pence
0.719616,Youngkin,Ramaswamy,Haley,Suarez,DeSantis,Hurd,Hutchinson,Elder,Pence,Scott,Christie,Burgum,Trump
1.132141,Ramaswamy,DeSantis,Trump,Scott,Haley,Pence,Burgum,Hutchinson,Elder,Christie,Hurd,Youngkin,Suarez
1.218747,Trump,Pence,DeSantis,Christie,Scott,Burgum,Suarez,Elder,Youngkin,Hurd,Hutchinson,Haley,Ramaswamy
0.899895,Trump,Ramaswamy,Scott,Elder,Youngkin,Haley,DeSantis,Hutchinson,Burgum,Suarez,Hurd,Pence,Christie
0.621594,Trump,DeSantis,Ramaswamy,Scott,Youngkin,Elder,Burgum,Haley,Suarez,Christie,Pence,Hutchinson,Hurd
2.040183,Trump,DeSantis,Christie,Haley,Elder,Ramaswamy,Scott,Burgum,Suarez,Hurd,Youngkin,Hutchinson,Pence
1.627319,Trump,DeSantis,Scott,Haley,Pence,Elder,Hutchinson,Youngkin,Burgum,Hurd,Suarez,Christie,Ramaswamy
0.720887,Trump,Scott,Ramaswamy,Haley,Elder,Youngkin,DeSantis,Hutchinson,Hurd,Pence,Suarez,Christie,Burgum
0.650804,Burgum,Haley,Scott,Pence,Ramaswamy,DeSantis,Christie,Trump,Elder,Hutchinson,Youngkin,Hurd,Suarez
0.650804,Ramaswamy,Trump,Haley,Hutchinson,Youngkin,Suarez,Burgum,Elder,Hurd,Christie,Pence,Scott,DeSantis
0.857098,Trump,DeSantis,Pence,Christie,Scott,Hurd,Haley,Hutchinson,Burgum,Ramaswamy,Elder,Youngkin,Suarez
1.679312,Trump,DeSantis,Haley,Hutchinson,Hurd,Burgum,Ramaswamy,Pence,Suarez,Elder,Youngkin,Scott,Christie
0.879255,Trump,Ramaswamy,Christie,Elder,Haley,Scott,Suarez,Burgum,Hurd,Hutchinson,Youngkin,DeSantis,Pence
0.960016,Trump,DeSantis,Ramaswamy,Scott,Youngkin,Elder,Haley,Burgum,Christie,Hurd,Hutchinson,Pence,Suarez
1.180376,Trump,Ramaswamy,DeSantis,Scott,Haley,Burgum,Youngkin,Pence,Elder,Suarez,Hutchinson,Christie,Hurd
2.102951,Christie,Haley,Hutchinson,Scott,Hurd,Youngkin,Suarez,Burgum,Elder,DeSantis,Pence,Ramaswamy,Trump
1.122006,Trump,Scott,Haley,Ramaswamy,DeSantis,Pence,Christie,Burgum,Youngkin,Hurd,Suarez,Hutchinson,Elder
1.188226,Trump,DeSantis,Haley,Pence,Christie,Hutchinson,Elder,Hurd,Ramaswamy,Youngkin,Burgum,Scott,Suarez
0.690412,Trump,Ramaswamy,DeSantis,Pence,Scott,Elder,Hurd,Haley,Burgum,Suarez,Hutchinson,Christie,Youngkin
1.132141,Trump,Ramaswamy,Haley,Hutchinson,Scott,Hurd,Christie,DeSantis,Burgum,Youngkin,Pence,Suarez,Elder
0.819929,Trump,Ramaswamy,Haley,DeSantis,Christie,Elder,Suarez,Hurd,Burgum,Youngkin,Hutchinson,Scott,Pence
0.668479,Ramaswamy,DeSantis,Haley,Pence,Scott,Christie,Burgum,Youngkin,Hurd,Elder,Suarez,Hutchinson,Trump
0.917634,Trump,DeSantis,Pence,Ramaswamy,Burgum,Haley,Youngkin,Scott,Hurd,Hutchinson,Suarez,Christie,Elder
1.478149,Ramaswamy,Pence,DeSantis,Scott,Haley,Hurd,Burgum,Suarez,Elder,Hutchinson,Youngkin,Christie,Trump
0.773286,Ramaswamy,Pence,Christie,Scott,Suarez,Youngkin,Elder,Trump,Burgum,Hurd,Hutchinson,DeSantis,Haley
0.614214,Trump,Ramaswamy,DeSantis,Christie,Scott,Hutchinson,Youngkin,Haley,Hurd,Elder,Suarez,Burgum,Pence
1.559977,Trump,DeSantis,Haley,Scott,Hutchinson,Hurd,Youngkin,Suarez,Burgum,Elder,Pence,Christie,Ramaswamy
0.639186,Pence,Scott,Haley,Ramaswamy,DeSantis,Trump,Burgum,Youngkin,Suarez,Elder,Hurd,Hutchinson,Christie
1.164009,Youngkin,Haley,Scott,Hutchinson,Burgum,Pence,Christie,DeSantis,Elder,Suarez,Hurd,Ramaswamy,Trump
0.968363,Ramaswamy,Scott,Haley,DeSantis,Pence,Christie,Hurd,Burgum,Youngkin,Elder,Suarez,Hutchinson,Trump
1.122006,Trump,Haley,DeSantis,Youngkin,Burgum,Hurd,Hutchinson,Scott,Suarez,Elder,Pence,Christie,Ramaswamy
1.207837,Trump,Ramaswamy,DeSantis,Pence,Christie,Hutchinson,Haley,Youngkin,Elder,Scott,Burgum,Hurd,Suarez
0.806909,Trump,Ramaswamy,DeSantis,Suarez,Youngkin,Pence,Haley,Hutchinson,Burgum,Christie,Scott,Hurd,Elder
2.132521,Christie,Hutchinson,Haley,Pence,Hurd,Elder,Suarez,Burgum,Youngkin,Scott,Ramaswamy,DeSantis,Trump
1.219104,DeSantis,Trump,Haley,Scott,Hutchinson,Pence,Elder,Ramaswamy,Suarez,Burgum,Youngkin,Hurd,Christie
1.132141,Ramaswamy,DeSantis,Trump,Scott,Haley,Pence,Burgum,Hutchinson,Elder,Christie,Hurd,Youngkin,Suarez
1.219104,Trump,DeSantis,Ramaswamy,Haley,Youngkin,Burgum,Hutchinson,Pence,Scott,Hurd,Elder,Suarez,Christie
0.672156,Ramaswamy,Trump,Christie,Burgum,Youngkin,Pence,Scott,Hurd,Elder,Haley,DeSantis,Suarez,Hutchinson
0.73399,Scott,Ramaswamy,DeSantis,Haley,Hurd,Suarez,Burgum,Elder,Youngkin,Christie,Pence,Trump,Hutchinson
0.63756,Trump,DeSantis,Scott,Haley,Christie,Youngkin,Hurd,Suarez,Elder,Burgum,Ramaswamy,Pence,Hutchinson
1.627319,Trump,DeSantis,Scott,Haley,Pence,Elder,Hutchinson,Youngkin,Burgum,Hurd,Suarez,Christie,Ramaswamy
0.792237,Trump,DeSantis,Scott,Ramaswamy,Elder,Youngkin,Christie,Burgum,Pence,Suarez,Hurd,Hutchinson,Haley
0.825865,Trump,Ramaswamy,Pence,DeSantis,Christie,Suarez,Youngkin,Haley,Hurd,Burgum,Elder,Scott,Hutchinson
0.925859,Pence,Christie,Youngkin,Hurd,Elder,Haley,Suarez,Ramaswamy,Hutchinson,DeSantis,Scott,Burgum,Trump
1.278245,Trump,Youngkin,Scott,DeSantis,Haley,Ramaswamy,Pence,Burgum,Hurd,Elder,Christie,Hutchinson,Suarez
1.281476,Trump,Ramaswamy,DeSantis,Haley,Scott,Hutchinson,Elder,Youngkin,Burgum,Suarez,Pence,Christie,Hurd
0.683048,Scott,Trump,Ramaswamy,DeSantis,Haley,Elder,Hurd,Christie,Youngkin,Suarez,Hutchinson,Pence,Burgum
1.004181,Trump,DeSantis,Youngkin,Haley,Ramaswamy,Scott,Burgum,Pence,Elder,Hutchinson,Suarez,Christie,Hurd
0.825865,Ramaswamy,Trump,DeSantis,Christie,Haley,Scott,Burgum,Elder,Hurd,Youngkin,Hutchinson,Pence,Suarez
0.992095,Trump,Pence,Christie,Ramaswamy,Hutchinson,Haley,Scott,DeSantis,Elder,Hurd,Suarez,Youngkin,Burgum
0.516129,Trump,DeSantis,Scott,Haley,Ramaswamy,Youngkin,Pence,Suarez,Hurd,Hutchinson,Burgum,Elder,Christie
1.317598,Trump,DeSantis,Ramaswamy,Youngkin,Haley,Elder,Suarez,Hurd,Hutchinson,Burgum,Christie,Scott,Pence
1.618619,Ramaswamy,Haley,DeSantis,Pence,Trump,Scott,Christie,Suarez,Hutchinson,Burgum,Youngkin,Elder,Hurd
0.960016,Trump,Ramaswamy,DeSantis,Haley,Youngkin,Hutchinson,Burgum,Suarez,Hurd,Elder,Scott,Pence,Christie
0.778987,Trump,Pence,Elder,Scott,Christie,Burgum,Haley,Youngkin,Suarez,Hurd,DeSantis,Hutchinson,Ramaswamy
0.63756,Trump,Christie,Ramaswamy,Youngkin,Pence,DeSantis,Hutchinson,Hurd,Elder,Haley,Suarez,Burgum,Scott
0.798657,Ramaswamy,Haley,Pence,Burgum,Hutchinson,Scott,Elder,DeSantis,Christie,Suarez,Hurd,Youngkin,Trump
0.903189,Haley,Pence,Ramaswamy,Scott,Elder,Suarez,Youngkin,Burgum,DeSantis,Christie,Hurd,Hutchinson,Trump
1.218747,DeSantis,Trump,Pence,Ramaswamy,Burgum,Christie,Haley,Scott,Elder,Youngkin,Hurd,Hutchinson,Suarez
1.82827,Christie,Youngkin,Suarez,Hutchinson,Scott,Burgum,Hurd,Elder,Ramaswamy,Haley,DeSantis,Pence,Trump
0.720887,Trump,DeSantis,Ramaswamy,Christie,Scott,Suarez,Burgum,Youngkin,Elder,Hurd,Hutchinson,Haley,Pence
0.742806,Trump,Haley,DeSantis,Scott,Ramaswamy,Youngkin,Christie,Elder,Burgum,Hurd,Pence,Suarez,Hutchinson
0.868636,Trump,Ramaswamy,Pence,Scott,Suarez,Burgum,Hurd,DeSantis,Youngkin,Christie,Elder,Hutchinson,Haley
0.93342,Trump,Pence,Hutchinson,Scott,DeSantis,Burgum,Ramaswamy,Elder,Hurd,Youngkin,Christie,Suarez,Haley
0.709101,Scott,DeSantis,Burgum,Christie,Hutchinson,Elder,Ramaswamy,Trump,Hurd,Pence,Youngkin,Haley,Suarez
0.79963,Trump,Ramaswamy,Scott,DeSantis,Christie,Hutchinson,Haley,Pence,Suarez,Youngkin,Elder,Hurd,Burgum
1.261425,Trump,Christie,DeSantis,Haley,Pence,Burgum,Scott,Hutchinson,Elder,Hurd,Youngkin,Suarez,Ramaswamy
1.317598,Trump,DeSantis,Haley,Scott,Ramaswamy,Pence,Elder,Youngkin,Hutchinson,Burgum,Hurd,Suarez,Christie
1.144161,DeSantis,Ramaswamy,Haley,Trump,Scott,Burgum,Christie,Hutchinson,Youngkin,Elder,Hurd,Pence,Suarez
0.63756,Ramaswamy,Trump,Haley,Elder,DeSantis,Christie,Pence,Suarez,Youngkin,Hurd,Hutchinson,Burgum,Scott
1.4049,Scott,Haley,Burgum,Hutchinson,Christie,Pence,Suarez,Elder,Hurd,Youngkin,Ramaswamy,DeSantis,Trump
0.650804,Trump,Christie,Ramaswamy,Elder,Burgum,Hurd,DeSantis,Scott,Haley,Youngkin,Suarez,Hutchinson,Pence
1.81136,Trump,DeSantis,Haley,Pence,Youngkin,Suarez,Burgum,Scott,Elder,Hurd,Christie,Hutchinson,Ramaswamy
1.103789,Trump,Haley,DeSantis,Christie,Suarez,Hurd,Youngkin,Ramaswamy,Elder,Scott,Burgum,Hutchinson,Pence
0.805183,Trump,DeSantis,Haley,Scott,Ramaswamy,Pence,Burgum,Elder,Youngkin,Christie,Hutchinson,Suarez,Hurd
0.94326,Ramaswamy,DeSantis,Haley,Trump,Elder,Hutchinson,Scott,Youngkin,Christie,Hurd,Suarez,Burgum,Pence
1.271577,Trump,DeSantis,Ramaswamy,Scott,Haley,Youngkin,Suarez,Burgum,Pence,Christie,Hurd,Hutchinson,Elder
1.444802,Haley,Scott,Trump,Youngkin,Ramaswamy,DeSantis,Hutchinson,Pence,Burgum,Suarez,Hurd,Christie,Elder
0.552991,Trump,DeSantis,Scott,Ramaswamy,Hutchinson,Haley,Christie,Youngkin,Hurd,Elder,Burgum,Suarez,Pence
0.837753,Trump,Ramaswamy,DeSantis,Scott,Christie,Haley,Suarez,Youngkin,Hutchinson,Pence,Burgum,Elder,Hurd
0.825865,Ramaswamy,Trump,Haley,DeSantis,Pence,Scott,Christie,Youngkin,Suarez,Hutchinson,Elder,Burgum,Hurd
0.624392,Trump,Ramaswamy,DeSantis,Scott,Elder,Hurd,Youngkin,Suarez,Hutchinson,Christie,Haley,Burgum,Pence
0.837116,Scott,Suarez,Haley,Youngkin,DeSantis,Pence,Hutchinson,Ramaswamy,Burgum,Hurd,Christie,Elder,Trump
0.81114,Christie,DeSantis,Scott,Suarez,Haley,Hurd,Trump,Hutchinson,Burgum,Pence,Elder,Ramaswamy,Youngkin
1.669118,Trump,DeSantis,Youngkin,Pence,Hurd,Elder,Hutchinson,Suarez,Ramaswamy,Haley,Christie,Scott,Burgum
0.837753,Trump,Ramaswamy,DeSantis,Scott,Christie,Haley,Suarez,Youngkin,Hutchinson,Pence,Burgum,Elder,Hurd
0.731376,Scott,Haley,Trump,Ramaswamy,DeSantis,Pence,Christie,Hutchinson,Youngkin,Suarez,Burgum,Hurd,Elder
0.709101,Scott,DeSantis,Burgum,Christie,Hutchinson,Elder,Ramaswamy,Trump,Hurd,Pence,Youngkin,Haley,Suarez
0.724205,Haley,Ramaswamy,Suarez,Elder,Hurd,Hutchinson,Youngkin,Christie,Burgum,Scott,Pence,DeSantis,Trump
0.603219,Trump,Ramaswamy,DeSantis,Haley,Scott,Elder,Hurd,Suarez,Burgum,Hutchinson,Youngkin,Pence,Christie
0.991915,Ramaswamy,Christie,Scott,Burgum,Hutchinson,Hurd,Youngkin,Haley,Suarez,Elder,Pence,DeSantis,Trump
1.546149,DeSantis,Haley,Ramaswamy,Scott,Trump,Pence,Elder,Burgum,Youngkin,Christie,Hutchinson,Hurd,Suarez
1.134561,Trump,Ramaswamy,DeSantis,Scott,Haley,Elder,Pence,Christie,Youngkin,Hutchinson,Hurd,Burgum,Suarez
1.372707,Christie,Pence,DeSantis,Ramaswamy,Elder,Scott,Hurd,Youngkin,Hutchinson,Haley,Suarez,Burgum,Trump
0.660157,DeSantis,Haley,Pence,Scott,Trump,Youngkin,Hutchinson,Elder,Ramaswamy,Burgum,Suarez,Christie,Hurd
1.000625,Christie,Ramaswamy,Haley,Scott,Elder,Youngkin,Suarez,Pence,Burgum,Hutchinson,Hurd,DeSantis,Trump
0.592254,Trump,Haley,Hutchinson,Pence,Ramaswamy,DeSantis,Scott,Elder,Christie,Youngkin,Hurd,Suarez,Burgum
1.611159,Trump,Ramaswamy,Scott,DeSantis,Haley,Youngkin,Pence,Elder,Suarez,Burgum,Hurd,Hutchinson,Christie
1.376605,Trump,DeSantis,Scott,Ramaswamy,Pence,Hutchinson,Youngkin,Burgum,Hurd,Suarez,Haley,Christie,Elder
0.46163,Trump,Ramaswamy,Scott,Pence,Suarez,Hutchinson,Youngkin,Burgum,Elder,DeSantis,Haley,Hurd,Christie
0.968735,Trump,DeSantis,Ramaswamy,Hutchinson,Burgum,Hurd,Scott,Elder,Youngkin,Haley,Suarez,Christie,Pence
0.996977,DeSantis,Pence,Ramaswamy,Haley,Youngkin,Burgum,Scott,Elder,Suarez,Hurd,Hutchinson,Trump,Christie
0.636425,Trump,DeSantis,Pence,Christie,Ramaswamy,Hutchinson,Burgum,Hurd,Youngkin,Haley,Elder,Scott,Suarez
0.607662,Ramaswamy,Youngkin,Scott,Suarez,Burgum,Elder,Hurd,Hutchinson,Christie,Pence,Haley,DeSantis,Trump
0.564481,Christie,Pence,Haley,Scott,DeSantis,Elder,Hutchinson,Hurd,Youngkin,Suarez,Burgum,Ramaswamy,Trump
0.798657,Trump,Haley,Ramaswamy,DeSantis,Scott,Hutchinson,Pence,Elder,Burgum,Youngkin,Hurd,Suarez,Christie
0.792237,Trump,DeSantis,Scott,Ramaswamy,Elder,Youngkin,Christie,Burgum,Pence,Suarez,Hurd,Hutchinson,Haley
0.695049,Ramaswamy,Pence,Christie,Trump,Scott,Hutchinson,Burgum,Hurd,DeSantis,Youngkin,Haley,Elder,Suarez
2.202489,Haley,Christie,Hutchinson,Scott,Hurd,Youngkin,Burgum,Suarez,Elder,Pence,Ramaswamy,DeSantis,Trump
0.991915,Pence,Youngkin,Hutchinson,Hurd,Elder,Haley,Burgum,Ramaswamy,Christie,DeSantis,Suarez,Scott,Trump
1.312363,Christie,Haley,Scott,Pence,Youngkin,Hutchinson,Ramaswamy,Elder,Hurd,Suarez,DeSantis,Burgum,Trump
0.779609,Trump,DeSantis,Ramaswamy,Scott,Pence,Haley,Christie,Youngkin,Hutchinson,Elder,Burgum,Suarez,Hurd
0.567195,Trump,Ramaswamy,Christie,Hurd,Haley,Pence,Youngkin,DeSantis,Elder,Suarez,Burgum,Scott,Hutchinson
0.854256,Trump,Ramaswamy,DeSantis,Haley,Youngkin,Scott,Suarez,Elder,Hurd,Hutchinson,Burgum,Christie,Pence
0.798657,DeSantis,Burgum,Haley,Elder,Youngkin,Hurd,Suarez,Ramaswamy,Christie,Pence,Hutchinson,Scott,Trump
1.533806,Trump,Ramaswamy,DeSantis,Haley,Scott,Christie,Pence,Suarez,Youngkin,Elder,Hurd,Burgum,Hutchinson
1.314392,Trump,DeSantis,Ramaswamy,Hutchinson,Haley,Pence,Burgum,Youngkin,Christie,Hurd,Scott,Elder,Suarez
1.068725,Ramaswamy,Haley,Youngkin,Suarez,Elder,Hutchinson,Christie,Pence,Burgum,Scott,DeSantis,Hurd,Trump
1.215652,Trump,DeSantis,Pence,Christie,Youngkin,Scott,Haley,Hutchinson,Hurd,Elder,Suarez,Ramaswamy,Burgum
1.270672,Trump,DeSantis,Ramaswamy,Christie,Pence,Haley,Scott,Hutchinson,Elder,Youngkin,Suarez,Hurd,Burgum
1.04502,Trump,Pence,Haley,DeSantis,Scott,Ramaswamy,Christie,Youngkin,Hutchinson,Suarez,Burgum,Hurd,Elder
0.735939,Ramaswamy,DeSantis,Trump,Pence,Christie,Haley,Elder,Hutchinson,Suarez,Burgum,Scott,Hurd,Youngkin
0.839544,Ramaswamy,DeSantis,Christie,Haley,Hutchinson,Burgum,Suarez,Hurd,Youngkin,Scott,Elder,Pence,Trump
0.63756,Trump,DeSantis,Scott,Haley,Christie,Youngkin,Hurd,Suarez,Elder,Burgum,Ramaswamy,Pence,Hutchinson
1.04502,Ramaswamy,DeSantis,Christie,Pence,Haley,Hutchinson,Scott,Youngkin,Burgum,Elder,Suarez,Trump,Hurd
1.50968,Trump,DeSantis,Pence,Ramaswamy,Burgum,Haley,Hutchinson,Elder,Youngkin,Scott,Hurd,Suarez,Christie
1.82827,Christie,Youngkin,Suarez,Hutchinson,Scott,Burgum,Hurd,Elder,Ramaswamy,Haley,DeSantis,Pence,Trump
1.144161,DeSantis,Ramaswamy,Haley,Trump,Scott,Burgum,Christie,Hutchinson,Youngkin,Elder,Hurd,Pence,Suarez
0.960016,Trump,Scott,Youngkin,Haley,DeSantis,Ramaswamy,Burgum,Suarez,Hurd,Elder,Pence,Hutchinson,Christie
0.772768,Trump,Ramaswamy,Haley,DeSantis,Elder,Hutchinson,Christie,Youngkin,Pence,Burgum,Hurd,Suarez,Scott
0.851323,Trump,Ramaswamy,Christie,Youngkin,Haley,Pence,Elder,Hurd,Scott,Hutchinson,DeSantis,Burgum,Suarez
0.695049,Ramaswamy,Pence,Christie,Trump,Scott,Hutchinson,Burgum,Hurd,DeSantis,Youngkin,Haley,Elder,Suarez
0.668479,Haley,Christie,Pence,Hurd,Suarez,Hutchinson,Youngkin,Burgum,Ramaswamy,DeSantis,Scott,Elder,Trump
1.103994,Christie,Pence,Haley,Hutchinson,Hurd,Suarez,Burgum,Elder,Youngkin,Scott,Ramaswamy,DeSantis,Trump
1.376605,Christie,Haley,Hutchinson,Scott,DeSantis,Burgum,Elder,Suarez,Hurd,Youngkin,Pence,Ramaswamy,Trump
2.102951,Trump,Haley,DeSantis,Pence,Christie,Ramaswamy,Hurd,Scott,Youngkin,Elder,Hutchinson,Burgum,Suarez
1.180376,Trump,Ramaswamy,DeSantis,Scott,Haley,Burgum,Youngkin,Pence,Elder,Suarez,Hutchinson,Christie,Hurd
1.051336,DeSantis,Pence,Christie,Hurd,Haley,Burgum,Elder,Scott,Youngkin,Ramaswamy,Hutchinson,Suarez,Trump
1.18741,DeSantis,Haley,Scott,Trump,Burgum,Ramaswamy,Christie,Pence,Youngkin,Hutchinson,Hurd,Suarez,Elder
0.607662,Ramaswamy,Youngkin,Scott,Suarez,Burgum,Elder,Hurd,Hutchinson,Christie,Pence,Haley,DeSantis,Trump
0.837753,Trump,Ramaswamy,DeSantis,Scott,Christie,Haley,Suarez,Youngkin,Hutchinson,Pence,Burgum,Elder,Hurd
1.292359,Pence,Scott,Haley,Christie,Elder,Burgum,Youngkin,Hurd,Suarez,Hutchinson,Ramaswamy,DeSantis,Trump
1.001352,Ramaswamy,Trump,DeSantis,Christie,Haley,Suarez,Scott,Hutchinson,Hurd,Burgum,Elder,Youngkin,Pence
0.960016,Trump,Ramaswamy,DeSantis,Burgum,Scott,Elder,Haley,Hurd,Suarez,Youngkin,Pence,Hutchinson,Christie
0.837753,Trump,Pence,Haley,DeSantis,Scott,Elder,Ramaswamy,Hutchinson,Burgum,Youngkin,Suarez,Hurd,Christie
1.048733,Trump,Ramaswamy,DeSantis,Youngkin,Pence,Christie,Burgum,Hurd,Scott,Suarez,Elder,Hutchinson,Haley
0.658711,DeSantis,Haley,Trump,Ramaswamy,Christie,Pence,Scott,Burgum,Elder,Hurd,Suarez,Youngkin,Hutchinson
0.929519,Trump,DeSantis,Haley,Scott,Ramaswamy,Youngkin,Pence,Christie,Burgum,Hutchinson,Elder,Suarez,Hurd
0.899895,Trump,Ramaswamy,Scott,Elder,Youngkin,Haley,DeSantis,Hutchinson,Burgum,Suarez,Hurd,Pence,Christie
0.929519,DeSantis,Trump,Ramaswamy,Youngkin,Scott,Burgum,Pence,Elder,Hutchinson,Suarez,Hurd,Haley,Christie
1.166972,Trump,Ramaswamy,Suarez,Christie,Hurd,Youngkin,Elder,DeSantis,Scott,Haley,Burgum,Hutchinson,Pence
1.134561,Haley,DeSantis,Ramaswamy,Pence,Scott,Elder,Youngkin,Trump,Christie,Hutchinson,Burgum,Hurd,Suarez
1.629188,Ramaswamy,Haley,Scott,Pence,Christie,Suarez,Elder,Burgum,Hutchinson,Youngkin,Hurd,DeSantis,Trump
0.517975,DeSantis,Trump,Christie,Ramaswamy,Hutchinson,Burgum,Youngkin,Pence,Hurd,Suarez,Haley,Scott,Elder
1.134561,Haley,Pence,DeSantis,Christie,Trump,Burgum,Scott,Ramaswamy,Hurd,Youngkin,Elder,Suarez,Hutchinson
0.516129,Trump,DeSantis,Scott,Haley,Ramaswamy,Youngkin,Pence,Suarez,Hurd,Hutchinson,Burgum,Elder,Christie
1.297088,Ramaswamy,Pence,Scott,Burgum,DeSantis,Christie,Youngkin,Suarez,Elder,Hutchinson,Hurd,Trump,Haley
0.466606,Trump,DeSantis,Scott,Ramaswamy,Burgum,Haley,Hurd,Youngkin,Elder,Christie,Pence,Hutchinson,Suarez
0.932822,Trump,Ramaswamy,DeSantis,Scott,Haley,Elder,Suarez,Pence,Hurd,Burgum,Hutchinson,Youngkin,Christie
1.033456,Trump,Ramaswamy,DeSantis,Haley,Suarez,Hurd,Scott,Elder,Hutchinson,Youngkin,Burgum,Pence,Christie
1.002393,Hurd,Hutchinson,Burgum,Scott,Youngkin,Suarez,Haley,Ramaswamy,Elder,DeSantis,Christie,Pence,Trump
1.218747,Christie,DeSantis,Elder,Scott,Ramaswamy,Haley,Hutchinson,Hurd,Youngkin,Suarez,Pence,Trump,Burgum
0.79963,Trump,Ramaswamy,Christie,Pence,Suarez,Scott,Youngkin,Burgum,Elder,Haley,Hutchinson,Hurd,DeSantis
1.134561,Trump,Ramaswamy,Haley,Elder,Scott,Youngkin,Pence,Hutchinson,Suarez,DeSantis,Christie,Burgum,Hurd
0.901839,Trump,Pence,Ramaswamy,DeSantis,Hurd,Christie,Burgum,Youngkin,Scott,Suarez,Elder,Haley,Hutchinson
1.164009,Trump,DeSantis,Pence,Haley,Scott,Burgum,Ramaswamy,Christie,Youngkin,Hutchinson,Suarez,Hurd,Elder
0.721527,DeSantis,Ramaswamy,Haley,Trump,Youngkin,Scott,Pence,Elder,Christie,Hutchinson,Hurd,Suarez,Burgum
1.180376,DeSantis,Trump,Youngkin,Haley,Scott,Ramaswamy,Burgum,Suarez,Hurd,Hutchinson,Elder,Pence,Christie
1.015766,Pence,Haley,DeSantis,Scott,Burgum,Christie,Elder,Suarez,Youngkin,Hutchinson,Trump,Ramaswamy,Hurd
0.886527,Trump,Ramaswamy,Haley,DeSantis,Pence,Youngkin,Hutchinson,Elder,Suarez,Hurd,Burgum,Scott,Christie
0.812586,Trump,Scott,Ramaswamy,DeSantis,Pence,Hurd,Elder,Suarez,Burgum,Hutchinson,Youngkin,Christie,Haley
0.779605,Trump,Ramaswamy,DeSantis,Hurd,Pence,Christie,Haley,Scott,Youngkin,Suarez,Burgum,Hutchinson,Elder
1.033456,Haley,DeSantis,Scott,Ramaswamy,Pence,Christie,Trump,Elder,Hutchinson,Burgum,Hurd,Youngkin,Suarez
0.886527,Trump,Ramaswamy,Haley,DeSantis,Pence,Youngkin,Hutchinson,Elder,Suarez,Hurd,Burgum,Scott,Christie
1.049608,Trump,Ramaswamy,Scott,Haley,Elder,DeSantis,Pence,Burgum,Hurd,Youngkin,Hutchinson,Christie,Suarez
1.253053,Trump,DeSantis,Pence,Haley,Scott,Ramaswamy,Youngkin,Burgum,Elder,Hurd,Suarez,Hutchinson,Christie
1.049608,Haley,Scott,DeSantis,Ramaswamy,Pence,Christie,Trump,Burgum,Hutchinson,Suarez,Elder,Hurd,Youngkin
0.650804,Trump,Christie,Ramaswamy,Elder,Burgum,Hurd,DeSantis,Scott,Haley,Youngkin,Suarez,Hutchinson,Pence
0.837753,Trump,Pence,Haley,DeSantis,Scott,Elder,Ramaswamy,Hutchinson,Burgum,Youngkin,Suarez,Hurd,Christie
0.670254,Trump,DeSantis,Pence,Elder,Hurd,Burgum,Hutchinson,Youngkin,Scott,Haley,Suarez,Ramaswamy,Christie
1.221353,Trump,Scott,Haley,Elder,Burgum,Ramaswamy,Pence,DeSantis,Youngkin,Hutchinson,Hurd,Suarez,Christie
1.420777,Haley,DeSantis,Youngkin,Scott,Elder,Ramaswamy,Trump,Pence,Christie,Burgum,Hutchinson,Hurd,Suarez
0.800433,Trump,DeSantis,Ramaswamy,Pence,Scott,Elder,Haley,Burgum,Hurd,Youngkin,Christie,Hutchinson,Suarez
1.134561,Trump,Ramaswamy,DeSantis,Christie,Burgum,Haley,Pence,Elder,Hutchinson,Scott,Suarez,Youngkin,Hurd
1.002609,Trump,DeSantis,Ramaswamy,Elder,Burgum,Scott,Haley,Youngkin,Suarez,Hurd,Pence,Hutchinson,Christie
0.539873,Trump,Ramaswamy,Suarez,DeSantis,Scott,Christie,Hurd,Haley,Elder,Youngkin,Hutchinson,Pence,Burgum
0.902673,Trump,Scott,DeSantis,Elder,Youngkin,Pence,Hurd,Burgum,Ramaswamy,Haley,Suarez,Hutchinson,Christie
1.339645,Scott,Ramaswamy,Haley,Pence,Christie,DeSantis,Hutchinson,Hurd,Suarez,Youngkin,Burgum,Elder,Trump
0.65782,Trump,Haley,Scott,DeSantis,Youngkin,Burgum,Christie,Hurd,Ramaswamy,Elder,Suarez,Hutchinson,Pence
0.564481,Christie,Pence,Haley,Scott,DeSantis,Elder,Hutchinson,Hurd,Youngkin,Suarez,Burgum,Ramaswamy,Trump
1.221353,Trump,Scott,Haley,Elder,Burgum,Ramaswamy,Pence,DeSantis,Youngkin,Hutchinson,Hurd,Suarez,Christie
1.167786,Trump,Pence,DeSantis,Scott,Ramaswamy,Haley,Burgum,Christie,Hutchinson,Elder,Suarez,Youngkin,Hurd
1.068725,Trump,Ramaswamy,DeSantis,Pence,Haley,Christie,Burgum,Elder,Hurd,Suarez,Youngkin,Scott,Hutchinson
0.614214,Scott,Burgum,Hutchinson,Haley,Christie,Suarez,Youngkin,Hurd,Ramaswamy,Elder,DeSantis,Pence,Trump
1.04502,Suarez,Haley,Christie,Hutchinson,Elder,Pence,Burgum,Hurd,Scott,Youngkin,DeSantis,Ramaswamy,Trump
1.068725,Trump,DeSantis,Ramaswamy,Elder,Scott,Pence,Hurd,Youngkin,Haley,Hutchinson,Burgum,Christie,Suarez
0.916252,Trump,DeSantis,Pence,Hurd,Burgum,Elder,Scott,Hutchinson,Haley,Suarez,Youngkin,Christie,Ramaswamy
0.892157,Christie,Haley,Hutchinson,Pence,Scott,Hurd,Burgum,Suarez,Trump,DeSantis,Elder,Youngkin,Ramaswamy
0.79963,Trump,Ramaswamy,Christie,Pence,Suarez,Scott,Youngkin,Burgum,Elder,Haley,Hutchinson,Hurd,DeSantis
0.567195,Trump,Hurd,Elder,Ramaswamy,Christie,Youngkin,Pence,Hutchinson,Haley,Burgum,Suarez,DeSantis,Scott
0.650804,Trump,Christie,Ramaswamy,Elder,Burgum,Hurd,DeSantis,Scott,Haley,Youngkin,Suarez,Hutchinson,Pence
1.101605,Trump,Ramaswamy,DeSantis,Haley,Burgum,Youngkin,Hutchinson,Suarez,Pence,Elder,Hurd,Scott,Christie
0.735939,Christie,Pence,Hutchinson,Youngkin,Scott,Ramaswamy,Hurd,Burgum,Elder,Haley,Suarez,DeSantis,Trump
1.103994,Christie,Ramaswamy,Haley,Suarez,Elder,Hurd,Burgum,Youngkin,Scott,Hutchinson,Pence,DeSantis,Trump
0.79963,Trump,Ramaswamy,Scott,DeSantis,Christie,Hutchinson,Haley,Pence,Suarez,Youngkin,Elder,Hurd,Burgum
0.826818,DeSantis,Burgum,Scott,Ramaswamy,Hurd,Trump,Haley,Christie,Hutchinson,Elder,Pence,Suarez,Youngkin
1.200697,DeSantis,Trump,Haley,Ramaswamy,Scott,Pence,Hurd,Youngkin,Christie,Burgum,Hutchinson,Elder,Suarez
0.875875,Trump,Haley,DeSantis,Christie,Ramaswamy,Hutchinson,Pence,Youngkin,Elder,Scott,Burgum,Hurd,Suarez
0.991915,Pence,Youngkin,Hutchinson,Hurd,Elder,Haley,Burgum,Ramaswamy,Christie,DeSantis,Suarez,Scott,Trump
1.132141,Trump,Pence,Ramaswamy,Christie,Burgum,Scott,Hurd,Youngkin,Elder,Hutchinson,Haley,Suarez,DeSantis
0.882284,Trump,Haley,DeSantis,Ramaswamy,Scott,Pence,Suarez,Hurd,Youngkin,Christie,Elder,Burgum,Hutchinson
1.237454,Trump,Pence,Christie,Burgum,Hurd,Scott,Haley,Elder,DeSantis,Youngkin,Suarez,Hutchinson,Ramaswamy
0.786484,Trump,Ramaswamy,Scott,Hurd,Burgum,DeSantis,Elder,Suarez,Hutchinson,Youngkin,Haley,Christie,Pence
0.972281,Hurd,Burgum,Hutchinson,Youngkin,Haley,Elder,Christie,Pence,DeSantis,Ramaswamy,Scott,Suarez,Trump
0.886527,Trump,Ramaswamy,Haley,DeSantis,Pence,Youngkin,Hutchinson,Elder,Suarez,Hurd,Burgum,Scott,Christie
0.854256,Scott,Trump,DeSantis,Burgum,Youngkin,Christie,Ramaswamy,Pence,Haley,Hutchinson,Elder,Hurd,Suarez
0.785097,Trump,Ramaswamy,DeSantis,Haley,Scott,Hutchinson,Christie,Elder,Suarez,Hurd,Burgum,Youngkin,Pence
0.929519,Trump,DeSantis,Ramaswamy,Scott,Haley,Elder,Hutchinson,Burgum,Youngkin,Pence,Hurd,Suarez,Christie
0.660157,Trump,Ramaswamy,DeSantis,Haley,Scott,Elder,Pence,Hutchinson,Hurd,Christie,Youngkin,Suarez,Burgum
0.621594,Trump,Hurd,Elder,Christie,Pence,Hutchinson,Haley,Youngkin,Burgum,DeSantis,Scott,Suarez,Ramaswamy
0.735939,Ramaswamy,DeSantis,Trump,Pence,Christie,Haley,Elder,Hutchinson,Suarez,Burgum,Scott,Hurd,Youngkin
0.854256,Scott,Trump,DeSantis,Burgum,Youngkin,Christie,Ramaswamy,Pence,Haley,Hutchinson,Elder,Hurd,Suarez
0.639186,Pence,Scott,Haley,Ramaswamy,DeSantis,Trump,Burgum,Youngkin,Suarez,Elder,Hurd,Hutchinson,Christie
0.899549,Trump,Haley,Ramaswamy,DeSantis,Youngkin,Burgum,Elder,Scott,Pence,Christie,Hutchinson,Hurd,Suarez
0.929519,Trump,DeSantis,Ramaswamy,Scott,Haley,Elder,Hutchinson,Burgum,Youngkin,Pence,Hurd,Suarez,Christie
0.81114,Hurd,Elder,Hutchinson,Scott,Suarez,Ramaswamy,Burgum,Youngkin,Haley,Christie,Pence,DeSantis,Trump
1.312363,Christie,Haley,Scott,Pence,Youngkin,Hutchinson,Ramaswamy,Elder,Hurd,Suarez,DeSantis,Burgum,Trump
1.084801,Ramaswamy,Haley,Christie,Burgum,Hutchinson,Elder,Scott,Pence,DeSantis,Youngkin,Hurd,Suarez,Trump
0.718335,Christie,Haley,Burgum,Youngkin,Elder,Hutchinson,Hurd,Pence,Suarez,Ramaswamy,Scott,DeSantis,Trump
1.297088,Christie,Haley,Youngkin,Burgum,Hutchinson,Elder,Suarez,Hurd,DeSantis,Scott,Ramaswamy,Pence,Trump
1.051336,Christie,Haley,Trump,Scott,Hutchinson,Elder,DeSantis,Hurd,Burgum,Suarez,Youngkin,Ramaswamy,Pence
0.81114,Christie,DeSantis,Scott,Suarez,Haley,Hurd,Trump,Hutchinson,Burgum,Pence,Elder,Ramaswamy,Youngkin
1.478149,DeSantis,Trump,Haley,Christie,Burgum,Scott,Ramaswamy,Youngkin,Pence,Hutchinson,Hurd,Elder,Suarez
0.79963,Trump,Ramaswamy,Christie,Pence,Suarez,Scott,Youngkin,Burgum,Elder,Haley,Hutchinson,Hurd,DeSantis
1.271577,Trump,DeSantis,Ramaswamy,Scott,Haley,Youngkin,Suarez,Burgum,Pence,Christie,Hurd,Hutchinson,Elder
1.023323,DeSantis,Ramaswamy,Trump,Haley,Youngkin,Scott,Burgum,Elder,Suarez,Hurd,Hutchinson,Pence,Christie
0.902673,Trump,Scott,DeSantis,Elder,Youngkin,Pence,Hurd,Burgum,Ramaswamy,Haley,Suarez,Hutchinson,Christie
1.002609,Ramaswamy,Scott,Pence,Burgum,Haley,Christie,Hutchinson,Suarez,Elder,Hurd,Youngkin,DeSantis,Trump
1.048733,Pence,Haley,Ramaswamy,Christie,Scott,Hutchinson,DeSantis,Burgum,Hurd,Elder,Youngkin,Suarez,Trump
0.781276,Pence,Scott,Burgum,Haley,Elder,Hurd,Youngkin,Suarez,Christie,DeSantis,Hutchinson,Ramaswamy,Trump
1.000625,Trump,Haley,Scott,DeSantis,Christie,Burgum,Pence,Hutchinson,Elder,Hurd,Youngkin,Ramaswamy,Suarez
0.719616,DeSantis,Trump,Ramaswamy,Haley,Christie,Scott,Burgum,Elder,Hurd,Suarez,Youngkin,Hutchinson,Pence
0.798657,DeSantis,Burgum,Haley,Elder,Youngkin,Hurd,Suarez,Ramaswamy,Christie,Pence,Hutchinson,Scott,Trump
1.237454,Haley,Hurd,Burgum,Pence,Suarez,Elder,Christie,Scott,Youngkin,Ramaswamy,Hutchinson,Trump,DeSantis
1.205555,Ramaswamy,Pence,DeSantis,Haley,Elder,Burgum,Youngkin,Scott,Suarez,Hutchinson,Hurd,Christie,Trump
0.681832,Hutchinson,DeSantis,Scott,Trump,Haley,Hurd,Pence,Christie,Suarez,Burgum,Youngkin,Elder,Ramaswamy
0.722173,Trump,Ramaswamy,DeSantis,Hutchinson,Hurd,Suarez,Pence,Elder,Christie,Scott,Youngkin,Haley,Burgum
1.271577,DeSantis,Ramaswamy,Trump,Haley,Scott,Pence,Hutchinson,Burgum,Youngkin,Elder,Suarez,Christie,Hurd
1.440711,Trump,DeSantis,Scott,Burgum,Ramaswamy,Haley,Elder,Youngkin,Hutchinson,Hurd,Suarez,Christie,Pence
0.960016,Trump,Ramaswamy,DeSantis,Burgum,Scott,Elder,Haley,Hurd,Suarez,Youngkin,Pence,Hutchinson,Christie
1.753818,Ramaswamy,Christie,DeSantis,Pence,Haley,Trump,Scott,Youngkin,Hutchinson,Burgum,Elder,Hurd,Suarez
1.512372,Trump,Christie,Burgum,Hurd,DeSantis,Elder,Ramaswamy,Suarez,Haley,Scott,Hutchinson,Youngkin,Pence
0.729306,Ramaswamy,Burgum,Haley,Christie,Scott,DeSantis,Elder,Hurd,Suarez,Hutchinson,Youngkin,Pence,Trump
0.729306,Ramaswamy,Burgum,Haley,Christie,Scott,DeSantis,Elder,Hurd,Suarez,Hutchinson,Youngkin,Pence,Trump
0.660157,Trump,Ramaswamy,DeSantis,Haley,Scott,Elder,Pence,Hutchinson,Hurd,Christie,Youngkin,Suarez,Burgum
1.529463,Christie,Elder,Scott,Hurd,Haley,Suarez,Burgum,Youngkin,Hutchinson,Ramaswamy,Pence,DeSantis,Trump
1.627319,DeSantis,Christie,Haley,Pence,Ramaswamy,Burgum,Scott,Suarez,Youngkin,Hutchinson,Elder,Hurd,Trump
0.792237,Trump,Ramaswamy,DeSantis,Haley,Pence,Youngkin,Hutchinson,Scott,Elder,Hurd,Christie,Burgum,Suarez
1.376605,Haley,Christie,Elder,Hutchinson,Hurd,Youngkin,Burgum,Pence,Scott,Suarez,Ramaswamy,DeSantis,Trump
0.785097,Trump,Ramaswamy,DeSantis,Haley,Scott,Hutchinson,Christie,Elder,Suarez,Hurd,Burgum,Youngkin,Pence
0.68511,Trump,Pence,Scott,Hutchinson,Hurd,Elder,Suarez,Burgum,Youngkin,Haley,Ramaswamy,DeSantis,Christie
1.164009,Youngkin,Haley,Scott,Hutchinson,Burgum,Pence,Christie,DeSantis,Elder,Suarez,Hurd,Ramaswamy,Trump
1.215652,Trump,DeSantis,Youngkin,Pence,Haley,Ramaswamy,Scott,Burgum,Elder,Hurd,Suarez,Hutchinson,Christie
1.478149,Christie,Hutchinson,Haley,Pence,Scott,Elder,Suarez,Youngkin,Hurd,Burgum,Ramaswamy,DeSantis,Trump
0.741903,Ramaswamy,Christie,Elder,Youngkin,DeSantis,Burgum,Haley,Scott,Hurd,Pence,Suarez,Hutchinson,Trump
0.65782,Ramaswamy,Pence,Haley,DeSantis,Hurd,Scott,Suarez,Trump,Hutchinson,Burgum,Christie,Elder,Youngkin
0.671534,Ramaswamy,Trump,DeSantis,Haley,Pence,Scott,Christie,Burgum,Hutchinson,Elder,Youngkin,Suarez,Hurd
0.839247,Trump,Pence,Scott,Hurd,Burgum,Haley,Ramaswamy,Suarez,Hutchinson,Elder,DeSantis,Youngkin,Christie
0.54534,Haley,Suarez,Christie,Elder,Scott,Burgum,Youngkin,Hurd,Hutchinson,Pence,Ramaswamy,Trump,DeSantis
0.823528,Haley,Hutchinson,DeSantis,Pence,Christie,Scott,Ramaswamy,Suarez,Hurd,Burgum,Elder,Youngkin,Trump
1.120393,Haley,DeSantis,Elder,Christie,Pence,Scott,Ramaswamy,Burgum,Hutchinson,Suarez,Youngkin,Trump,Hurd
0.823768,Ramaswamy,Haley,Scott,Youngkin,Hurd,Burgum,DeSantis,Trump,Hutchinson,Elder,Suarez,Christie,Pence
0.916252,DeSantis,Haley,Scott,Christie,Ramaswamy,Pence,Burgum,Hutchinson,Hurd,Elder,Suarez,Youngkin,Trump
0.817814,Pence,Scott,Trump,Hurd,Hutchinson,Elder,Burgum,Christie,Suarez,DeSantis,Youngkin,Haley,Ramaswamy
0.888483,Trump,Ramaswamy,DeSantis,Haley,Scott,Christie,Burgum,Pence,Elder,Youngkin,Hutchinson,Suarez,Hurd
1.018243,Trump,DeSantis,Ramaswamy,Burgum,Hutchinson,Hurd,Youngkin,Suarez,Elder,Scott,Haley,Christie,Pence
0.708142,Trump,DeSantis,Ramaswamy,Scott,Pence,Hurd,Burgum,Suarez,Hutchinson,Elder,Christie,Youngkin,Haley
