weight,rank1,rank2,rank3,rank4,rank5,rank6,rank7,rank8,rank9,rank10,rank11,rank12,rank13
0.688082,DeSantis,Ramaswamy,Trump,Hurd,Elder,Christie,Scott,Haley,Suarez,Burgum,Pence,Youngkin,Hutchinson
1.033456,DeSantis,Trump,Haley,Scott,Pence,Burgum,Youngkin,Ramaswamy,Elder,Christie,Hutchinson,Hurd,Suarez
0.79963,Trump,Ramaswamy,Christie,Pence,Suarez,Scott,Youngkin,Burgum,Elder,Haley,Hutchinson,Hurd,DeSantis
0.761663,DeSantis,Youngkin,Haley,Pence,Scott,Christie,Burgum,Trump,Hutchinson,Hurd,Elder,Suarez,Ramaswamy
0.773286,Scott,Haley,Ramaswamy,DeSantis,Pence,Christie,Hurd,Hutchinson,Burgum,Youngkin,Suarez,Elder,Trump
1.084045,Christie,Hutchinson,Youngkin,Scott,Haley,Pence,Hurd,Burgum,Elder,Suarez,Ramaswamy,DeSantis,Trump
0.466606,Youngkin,Haley,Scott,DeSantis,Pence,Trump,Suarez,Burgum,Hurd,Hutchinson,Ramaswamy,Christie,Elder
1.04502,Christie,Haley,Burgum,Youngkin,Hutchinson,Hurd,Pence,Scott,Elder,Ramaswamy,DeSantis,Suarez,Trump
0.901839,Pence,Christie,Scott,Suarez,Hutchinson,Burgum,Hurd,Youngkin,Elder,Haley,DeSantis,Ramaswamy,Trump
0.65782,Ramaswamy,Haley,Hutchinson,Pence,Youngkin,Burgum,Elder,Suarez,Hurd,Christie,Scott,DeSantis,Trump
0.785097,Trump,Ramaswamy,DeSantis,Youngkin,Haley,Hutchinson,Elder,Scott,Hurd,Burgum,Pence,Christie,Suarez
0.612993,Trump,Ramaswamy,DeSantis,Christie,Pence,Haley,Hutchinson,Burgum,Elder,Suarez,Scott,Youngkin,Hurd
0.620487,Trump,Pence,Christie,DeSantis,Hutchinson,Hurd,Haley,Ramaswamy,Elder,Burgum,Youngkin,Suarez,Scott
0.719616,Youngkin,Ramaswamy,Haley,Suarez,DeSantis,Hurd,Hutchinson,Elder,Pence,Scott,Christie,Burgum,Trump
0.853945,Trump,Haley,Pence,Ramaswamy,DeSantis,Suarez,Youngkin,Scott,Hurd,Burgum,Hutchinson,Elder,Christie
0.798657,Trump,Scott,Haley,Pence,Burgum,Youngkin,DeSantis,Ramaswamy,Elder,Suarez,Hutchinson,Christie,Hurd
1.15048,Hurd,Pence,DeSantis,Ramaswamy,Burgum,Scott,Youngkin,Suarez,Hutchinson,Elder,Haley,Christie,Trump
0.837753,Trump,Ramaswamy,DeSantis,Scott,Christie,Haley,Suarez,Youngkin,Hutchinson,Pence,Burgum,Elder,Hurd
0.751381,Ramaswamy,DeSantis,Scott,Burgum,Pence,Haley,Trump,Youngkin,Hutchinson,Christie,Suarez,Elder,Hurd
1.002609,Trump,DeSantis,Ramaswamy,Elder,Burgum,Scott,Haley,Youngkin,Suarez,Hurd,Pence,Hutchinson,Christie
1.968129,Trump,Haley,DeSantis,Scott,Burgum,Christie,Elder,Ramaswamy,Hurd,Youngkin,Hutchinson,Suarez,Pence
0.903768,DeSantis,Trump,Scott,Youngkin,Burgum,Pence,Elder,Hurd,Hutchinson,Suarez,Haley,Ramaswamy,Christie
0.773286,DeSantis,Christie,Youngkin,Burgum,Elder,Suarez,Scott,Hurd,Haley,Hutchinson,Pence,Ramaswamy,Trump
1.137748,Trump,DeSantis,Ramaswamy,Haley,Scott,Pence,Hurd,Youngkin,Burgum,Elder,Hutchinson,Suarez,Christie
0.823528,Ramaswamy,Scott,Haley,Suarez,Elder,Burgum,Youngkin,Hutchinson,Hurd,Christie,Pence,DeSantis,Trump
1.217557,Christie,Haley,Hutchinson,Youngkin,Burgum,Hurd,Elder,Scott,Suarez,Pence,DeSantis,Ramaswamy,Trump
1.188226,Pence,Ramaswamy,Trump,Haley,Scott,Christie,Elder,Burgum,Hurd,Suarez,Youngkin,Hutchinson,DeSantis
1.314392,Trump,DeSantis,Scott,Pence,Youngkin,Burgum,Haley,Ramaswamy,Christie,Elder,Hutchinson,Suarez,Hurd
1.240092,Haley,Christie,Pence,Elder,Hutchinson,Scott,Suarez,Hurd,Burgum,Youngkin,Ramaswamy,DeSantis,Trump
0.724205,Haley,Ramaswamy,Suarez,Elder,Hurd,Hutchinson,Youngkin,Christie,Burgum,Scott,Pence,DeSantis,Trump
1.086363,Trump,DeSantis,Elder,Ramaswamy,Scott,Burgum,Haley,Youngkin,Suarez,Hurd,Hutchinson,Pence,Christie
1.478149,Haley,Christie,DeSantis,Pence,Youngkin,Scott,Elder,Burgum,Hutchinson,Trump,Suarez,Hurd,Ramaswamy
1.200697,Ramaswamy,Scott,Trump,Burgum,Haley,DeSantis,Youngkin,Elder,Pence,Suarez,Hutchinson,Hurd,Christie
0.721527,DeSantis,Ramaswamy,Haley,Trump,Youngkin,Scott,Pence,Elder,Christie,Hutchinson,Hurd,Suarez,Burgum
1.132141,Ramaswamy,DeSantis,Trump,Scott,Haley,Pence,Burgum,Hutchinson,Elder,Christie,Hurd,Youngkin,Suarez
1.103994,Christie,Pence,Haley,Hutchinson,Hurd,Suarez,Burgum,Elder,Youngkin,Scott,Ramaswamy,DeSantis,Trump
0.722173,Trump,Ramaswamy,DeSantis,Hutchinson,Hurd,Suarez,Pence,Elder,Christie,Scott,Youngkin,Haley,Burgum
0.587057,Elder,Scott,Youngkin,Suarez,Ramaswamy,Haley,Hurd,Hutchinson,Burgum,Christie,Pence,DeSantis,Trump
1.317598,Trump,DeSantis,Ramaswamy,Youngkin,Haley,Elder,Suarez,Hurd,Hutchinson,Burgum,Christie,Scott,Pence
0.81823,Hutchinson,Haley,Burgum,Youngkin,Christie,Ramaswamy,Scott,Pence,Suarez,Elder,Hurd,DeSantis,Trump
0.73399,Haley,Christie,Suarez,Youngkin,Burgum,Elder,Hutchinson,Ramaswamy,Scott,Hurd,Pence,DeSantis,Trump
1.129901,Trump,Ramaswamy,Haley,Youngkin,DeSantis,Scott,Elder,Hutchinson,Hurd,Suarez,Burgum,Pence,Christie
1.134561,DeSantis,Trump,Ramaswamy,Haley,Elder,Pence,Scott,Christie,Burgum,Hutchinson,Youngkin,Hurd,Suarez
1.218747,Trump,DeSantis,Burgum,Scott,Haley,Ramaswamy,Youngkin,Elder,Suarez,Hutchinson,Hurd,Pence,Christie
0.853945,Burgum,Haley,Ramaswamy,Trump,DeSantis,Pence,Christie,Scott,Hutchinson,Youngkin,Hurd,Elder,Suarez
1.048733,Trump,DeSantis,Pence,Scott,Christie,Haley,Burgum,Ramaswamy,Suarez,Elder,Youngkin,Hutchinson,Hurd
0.868636,Trump,Ramaswamy,Burgum,Suarez,Haley,Youngkin,Hutchinson,DeSantis,Scott,Hurd,Elder,Pence,Christie
1.50968,Trump,DeSantis,Pence,Ramaswamy,Burgum,Haley,Hutchinson,Elder,Youngkin,Scott,Hurd,Suarez,Christie
1.22744,Haley,Scott,Pence,Burgum,Ramaswamy,Hutchinson,Youngkin,Hurd,Elder,Suarez,DeSantis,Christie,Trump
1.308647,Trump,Ramaswamy,DeSantis,Pence,Haley,Burgum,Scott,Suarez,Hutchinson,Elder,Hurd,Youngkin,Christie
0.840329,Trump,Burgum,Elder,Hurd,Ramaswamy,Scott,Youngkin,Pence,Haley,DeSantis,Christie,Suarez,Hutchinson
1.04502,Ramaswamy,DeSantis,Christie,Pence,Haley,Hutchinson,Scott,Youngkin,Burgum,Elder,Suarez,Trump,Hurd
1.342131,Trump,DeSantis,Haley,Scott,Pence,Ramaswamy,Burgum,Hutchinson,Youngkin,Elder,Suarez,Christie,Hurd
0.658711,Trump,Ramaswamy,DeSantis,Elder,Scott,Hurd,Youngkin,Burgum,Christie,Hutchinson,Haley,Suarez,Pence
1.533806,Trump,Ramaswamy,DeSantis,Haley,Scott,Christie,Pence,Suarez,Youngkin,Elder,Hurd,Burgum,Hutchinson
1.281476,Ramaswamy,Scott,Haley,Pence,DeSantis,Burgum,Youngkin,Hurd,Trump,Hutchinson,Suarez,Christie,Elder
1.129901,Trump,Ramaswamy,Haley,Youngkin,DeSantis,Scott,Elder,Hutchinson,Hurd,Suarez,Burgum,Pence,Christie
0.901839,Trump,Pence,Ramaswamy,DeSantis,Hurd,Christie,Burgum,Youngkin,Scott,Suarez,Elder,Haley,Hutchinson
1.968129,Trump,Haley,DeSantis,Scott,Burgum,Christie,Elder,Ramaswamy,Hurd,Youngkin,Hutchinson,Suarez,Pence
0.731376,Scott,Haley,Trump,Ramaswamy,DeSantis,Pence,Christie,Hutchinson,Youngkin,Suarez,Burgum,Hurd,Elder
0.708142,Trump,DeSantis,Ramaswamy,Pence,Suarez,Christie,Haley,Scott,Hurd,Hutchinson,Youngkin,Burgum,Elder
1.237638,Trump,DeSantis,Ramaswamy,Haley,Scott,Hutchinson,Elder,Hurd,Burgum,Suarez,Christie,Youngkin,Pence
1.478149,Haley,Christie,DeSantis,Pence,Youngkin,Scott,Elder,Burgum,Hutchinson,Trump,Suarez,Hurd,Ramaswamy
1.166972,Trump,Ramaswamy,Suarez,Christie,Hurd,Youngkin,Elder,DeSantis,Scott,Haley,Burgum,Hutchinson,Pence
0.466606,Trump,DeSantis,Haley,Ramaswamy,Pence,Hurd,Suarez,Youngkin,Christie,Hutchinson,Burgum,Scott,Elder
0.502301,Trump,Ramaswamy,Pence,Elder,Hurd,Haley,Youngkin,DeSantis,Christie,Scott,Burgum,Suarez,Hutchinson
0.867089,Youngkin,DeSantis,Trump,Haley,Scott,Ramaswamy,Christie,Pence,Burgum,Suarez,Elder,Hurd,Hutchinson
0.697987,Trump,DeSantis,Haley,Scott,Ramaswamy,Youngkin,Elder,Hutchinson,Suarez,Hurd,Burgum,Pence,Christie
0.671534,Scott,Pence,Trump,Suarez,Haley,Elder,Christie,Hutchinson,Youngkin,DeSantis,Burgum,Hurd,Ramaswamy
0.693567,Trump,DeSantis,Pence,Scott,Hurd,Haley,Youngkin,Hutchinson,Elder,Suarez,Christie,Burgum,Ramaswamy
0.930194,Ramaswamy,Youngkin,Pence,Hutchinson,Scott,Trump,Christie,Suarez,Hurd,Haley,DeSantis,Elder,Burgum
1.299495,Haley,DeSantis,Youngkin,Trump,Scott,Burgum,Ramaswamy,Hutchinson,Christie,Pence,Elder,Hurd,Suarez
0.963428,Haley,Suarez,Pence,Hutchinson,Ramaswamy,Hurd,Burgum,Elder,Youngkin,Scott,Christie,DeSantis,Trump
1.000625,Christie,Ramaswamy,Haley,Scott,Elder,Youngkin,Suarez,Pence,Burgum,Hutchinson,Hurd,DeSantis,Trump
0.787886,Trump,DeSantis,Suarez,Hurd,Burgum,Pence,Scott,Haley,Elder,Hutchinson,Youngkin,Christie,Ramaswamy
0.56361,Trump,Haley,DeSantis,Elder,Christie,Hutchinson,Suarez,Hurd,Burgum,Ramaswamy,Scott,Youngkin,Pence
1.669118,Trump,DeSantis,Haley,Scott,Ramaswamy,Pence,Youngkin,Burgum,Christie,Elder,Suarez,Hurd,Hutchinson
0.970759,Christie,Hutchinson,Burgum,Hurd,Youngkin,Elder,Haley,Scott,Ramaswamy,DeSantis,Pence,Trump,Suarez
0.639186,Hutchinson,Pence,Haley,Ramaswamy,Youngkin,Christie,Elder,Trump,Scott,DeSantis,Hurd,Suarez,Burgum
0.854785,Pence,DeSantis,Christie,Ramaswamy,Haley,Elder,Scott,Hutchinson,Burgum,Suarez,Hurd,Youngkin,Trump
0.888483,Trump,Ramaswamy,Elder,Youngkin,Hutchinson,Suarez,Scott,Hurd,Burgum,Pence,DeSantis,Haley,Christie
0.991915,Pence,Youngkin,Hutchinson,Hurd,Elder,Haley,Burgum,Ramaswamy,Christie,DeSantis,Suarez,Scott,Trump
0.826818,DeSantis,Burgum,Scott,Ramaswamy,Hurd,Trump,Haley,Christie,Hutchinson,Elder,Pence,Suarez,Youngkin
1.218747,Scott,Ramaswamy,Haley,Pence,Suarez,Christie,Hurd,Youngkin,Hutchinson,Elder,Burgum,DeSantis,Trump
1.04502,Ramaswamy,DeSantis,Christie,Pence,Haley,Hutchinson,Scott,Youngkin,Burgum,Elder,Suarez,Trump,Hurd
1.376605,Trump,DeSantis,Ramaswamy,Scott,Christie,Pence,Haley,Hurd,Youngkin,Hutchinson,Suarez,Elder,Burgum
1.086363,Ramaswamy,Haley,DeSantis,Christie,Pence,Hutchinson,Scott,Suarez,Hurd,Youngkin,Burgum,Elder,Trump
0.888483,Trump,Ramaswamy,DeSantis,Haley,Scott,Christie,Burgum,Pence,Elder,Youngkin,Hutchinson,Suarez,Hurd
0.779605,Trump,Ramaswamy,DeSantis,Hurd,Pence,Christie,Haley,Scott,Youngkin,Suarez,Burgum,Hutchinson,Elder
0.868636,Trump,Ramaswamy,Pence,Scott,Suarez,Burgum,Hurd,DeSantis,Youngkin,Christie,Elder,Hutchinson,Haley
0.851323,Ramaswamy,Haley,DeSantis,Christie,Scott,Burgum,Hurd,Pence,Suarez,Hutchinson,Elder,Youngkin,Trump
1.120393,Trump,Ramaswamy,Haley,DeSantis,Scott,Burgum,Youngkin,Pence,Christie,Elder,Suarez,Hurd,Hutchinson
1.215652,Scott,Christie,Haley,DeSantis,Pence,Ramaswamy,Hurd,Youngkin,Burgum,Hutchinson,Elder,Suarez,Trump
1.023323,DeSantis,Ramaswamy,Trump,Haley,Youngkin,Scott,Burgum,Elder,Suarez,Hurd,Hutchinson,Pence,Christie
1.488257,DeSantis,Ramaswamy,Pence,Hutchinson,Haley,Christie,Trump,Scott,Suarez,Elder,Burgum,Hurd,Youngkin
0.564615,Trump,DeSantis,Ramaswamy,Pence,Scott,Burgum,Youngkin,Haley,Hurd,Suarez,Elder,Hutchinson,Christie
0.812586,Trump,DeSantis,Pence,Hutchinson,Hurd,Haley,Christie,Ramaswamy,Youngkin,Burgum,Scott,Suarez,Elder
1.753818,Ramaswamy,Christie,DeSantis,Pence,Haley,Trump,Scott,Youngkin,Hutchinson,Burgum,Elder,Hurd,Suarez
0.960016,Trump,Ramaswamy,DeSantis,Burgum,Scott,Elder,Haley,Hurd,Suarez,Youngkin,Pence,Hutchinson,Christie
0.792237,Trump,Elder,Hurd,Hutchinson,Ramaswamy,Christie,Youngkin,Pence,Suarez,Scott,DeSantis,Burgum,Haley
1.167786,Trump,Pence,DeSantis,Scott,Ramaswamy,Haley,Burgum,Christie,Hutchinson,Elder,Suarez,Youngkin,Hurd
0.722173,Trump,Ramaswamy,DeSantis,Hutchinson,Hurd,Suarez,Pence,Elder,Christie,Scott,Youngkin,Haley,Burgum
0.708142,Trump,DeSantis,Ramaswamy,Scott,Pence,Hurd,Burgum,Suarez,Hutchinson,Elder,Christie,Youngkin,Haley
0.854785,Pence,DeSantis,Christie,Ramaswamy,Haley,Elder,Scott,Hutchinson,Burgum,Suarez,Hurd,Youngkin,Trump
0.886784,DeSantis,Pence,Christie,Scott,Burgum,Hurd,Elder,Youngkin,Suarez,Ramaswamy,Hutchinson,Haley,Trump
1.056898,Trump,Haley,DeSantis,Ramaswamy,Scott,Elder,Youngkin,Burgum,Hurd,Suarez,Hutchinson,Pence,Christie
0.867089,Trump,Pence,Ramaswamy,DeSantis,Elder,Hurd,Suarez,Haley,Burgum,Christie,Youngkin,Hutchinson,Scott
1.004181,Trump,DeSantis,Youngkin,Haley,Ramaswamy,Scott,Burgum,Pence,Elder,Hutchinson,Suarez,Christie,Hurd
1.529463,Christie,Pence,Scott,Burgum,Hutchinson,Ramaswamy,Suarez,Youngkin,Hurd,Elder,Haley,DeSantis,Trump
1.134561,Haley,Christie,Ramaswamy,Pence,Trump,Hurd,Hutchinson,Youngkin,Burgum,Suarez,Scott,Elder,DeSantis
1.048733,Trump,DeSantis,Scott,Haley,Youngkin,Elder,Hutchinson,Burgum,Ramaswamy,Hurd,Suarez,Pence,Christie
0.825865,Trump,Ramaswamy,Pence,DeSantis,Christie,Suarez,Youngkin,Haley,Hurd,Burgum,Elder,Scott,Hutchinson
0.839247,Trump,Pence,Scott,Hurd,Burgum,Haley,Ramaswamy,Suarez,Hutchinson,Elder,DeSantis,Youngkin,Christie
1.478149,Haley,Christie,DeSantis,Pence,Youngkin,Scott,Elder,Burgum,Hutchinson,Trump,Suarez,Hurd,Ramaswamy
0.823528,Haley,Hutchinson,DeSantis,Pence,Christie,Scott,Ramaswamy,Suarez,Hurd,Burgum,Elder,Youngkin,Trump
0.867089,Youngkin,DeSantis,Trump,Haley,Scott,Ramaswamy,Christie,Pence,Burgum,Suarez,Elder,Hurd,Hutchinson
1.478149,Trump,DeSantis,Haley,Ramaswamy,Youngkin,Scott,Hutchinson,Burgum,Pence,Hurd,Elder,Christie,Suarez
0.798657,Trump,Ramaswamy,DeSantis,Scott,Burgum,Christie,Elder,Hurd,Youngkin,Haley,Suarez,Hutchinson,Pence
0.773286,Ramaswamy,Pence,Christie,Scott,Suarez,Youngkin,Elder,Trump,Burgum,Hurd,Hutchinson,DeSantis,Haley
1.696369,Trump,DeSantis,Ramaswamy,Scott,Youngkin,Suarez,Hutchinson,Burgum,Hurd,Elder,Christie,Haley,Pence
1.481912,Trump,DeSantis,Burgum,Haley,Scott,Youngkin,Elder,Hurd,Suarez,Hutchinson,Ramaswamy,Christie,Pence
2.132521,Christie,Hutchinson,Haley,Pence,Hurd,Elder,Suarez,Burgum,Youngkin,Scott,Ramaswamy,DeSantis,Trump
0.853945,Burgum,Haley,Ramaswamy,Trump,DeSantis,Pence,Christie,Scott,Hutchinson,Youngkin,Hurd,Elder,Suarez
0.614352,Scott,Haley,Hurd,Pence,Hutchinson,Burgum,Suarez,Christie,Youngkin,Trump,Ramaswamy,Elder,DeSantis
1.137748,DeSantis,Pence,Haley,Hutchinson,Scott,Christie,Elder,Suarez,Youngkin,Ramaswamy,Burgum,Hurd,Trump
0.681832,Hutchinson,DeSantis,Scott,Trump,Haley,Hurd,Pence,Christie,Suarez,Burgum,Youngkin,Elder,Ramaswamy
0.539873,DeSantis,Trump,Burgum,Elder,Youngkin,Hurd,Christie,Scott,Ramaswamy,Pence,Suarez,Haley,Hutchinson
2.045976,Ramaswamy,Trump,DeSantis,Youngkin,Haley,Elder,Scott,Hurd,Hutchinson,Suarez,Burgum,Pence,Christie
0.792237,Ramaswamy,Haley,Elder,Youngkin,Hutchinson,Burgum,Christie,Scott,Hurd,DeSantis,Suarez,Trump,Pence
1.200697,Trump,Haley,DeSantis,Pence,Scott,Christie,Ramaswamy,Hurd,Elder,Burgum,Youngkin,Suarez,Hutchinson
1.292548,Christie,Scott,Pence,Hutchinson,Haley,Burgum,Hurd,Suarez,Elder,Youngkin,Ramaswamy,DeSantis,Trump
1.000625,Trump,DeSantis,Haley,Burgum,Scott,Ramaswamy,Pence,Christie,Hutchinson,Youngkin,Hurd,Elder,Suarez
1.084045,Christie,Hutchinson,Youngkin,Scott,Haley,Pence,Hurd,Burgum,Elder,Suarez,Ramaswamy,DeSantis,Trump
0.762857,Trump,DeSantis,Ramaswamy,Pence,Hutchinson,Elder,Youngkin,Christie,Burgum,Hurd,Suarez,Scott,Haley
1.218747,Scott,Ramaswamy,Haley,Pence,Suarez,Christie,Hurd,Youngkin,Hutchinson,Elder,Burgum,DeSantis,Trump
1.134561,Trump,Ramaswamy,DeSantis,Christie,Burgum,Haley,Pence,Elder,Hutchinson,Scott,Suarez,Youngkin,Hurd
1.002609,Christie,Haley,Pence,Suarez,Hurd,Youngkin,Elder,Hutchinson,Burgum,DeSantis,Scott,Trump,Ramaswamy
1.281476,Ramaswamy,Scott,Haley,Pence,DeSantis,Burgum,Youngkin,Hurd,Trump,Hutchinson,Suarez,Christie,Elder
0.868636,Trump,Ramaswamy,Pence,Scott,Suarez,Burgum,Hurd,DeSantis,Youngkin,Christie,Elder,Hutchinson,Haley
0.792237,Trump,DeSantis,Scott,Ramaswamy,Elder,Youngkin,Christie,Burgum,Pence,Suarez,Hurd,Hutchinson,Haley
0.903768,Pence,Haley,DeSantis,Scott,Ramaswamy,Youngkin,Suarez,Burgum,Elder,Hutchinson,Hurd,Christie,Trump
1.314392,Trump,DeSantis,Scott,Pence,Youngkin,Burgum,Haley,Ramaswamy,Christie,Elder,Hutchinson,Suarez,Hurd
1.103994,Christie,Pence,Haley,Hutchinson,Hurd,Suarez,Burgum,Elder,Youngkin,Scott,Ramaswamy,DeSantis,Trump
2.102951,Christie,Haley,Hutchinson,Scott,Hurd,Youngkin,Suarez,Burgum,Elder,DeSantis,Pence,Ramaswamy,Trump
0.639186,Pence,Scott,Haley,Ramaswamy,DeSantis,Trump,Burgum,Youngkin,Suarez,Elder,Hurd,Hutchinson,Christie
1.245109,DeSantis,Trump,Ramaswamy,Haley,Scott,Burgum,Youngkin,Elder,Pence,Suarez,Hurd,Hutchinson,Christie
0.868636,Trump,Ramaswamy,Burgum,Suarez,Haley,Youngkin,Hutchinson,DeSantis,Scott,Hurd,Elder,Pence,Christie
0.517975,DeSantis,Trump,Christie,Ramaswamy,Hutchinson,Burgum,Youngkin,Pence,Hurd,Suarez,Haley,Scott,Elder
0.720887,Trump,Scott,Ramaswamy,Haley,Elder,Youngkin,DeSantis,Hutchinson,Hurd,Pence,Suarez,Christie,Burgum
0.68511,Pence,Ramaswamy,Trump,Scott,Haley,DeSantis,Hurd,Christie,Youngkin,Hutchinson,Burgum,Elder,Suarez
1.237454,Haley,Hurd,Burgum,Pence,Suarez,Elder,Christie,Scott,Youngkin,Ramaswamy,Hutchinson,Trump,DeSantis
1.033456,Haley,DeSantis,Scott,Ramaswamy,Pence,Christie,Trump,Elder,Hutchinson,Burgum,Hurd,Youngkin,Suarez
1.247329,Scott,Youngkin,Elder,Hutchinson,Burgum,Hurd,Christie,Haley,Pence,Trump,DeSantis,Suarez,Ramaswamy
0.917634,Trump,DeSantis,Pence,Ramaswamy,Burgum,Haley,Youngkin,Scott,Hurd,Hutchinson,Suarez,Christie,Elder
0.960405,Christie,Haley,Ramaswamy,Burgum,Pence,Scott,Elder,Suarez,Hurd,Youngkin,Hutchinson,DeSantis,Trump
0.903768,DeSantis,Trump,Scott,Youngkin,Burgum,Pence,Elder,Hurd,Hutchinson,Suarez,Haley,Ramaswamy,Christie
1.18741,DeSantis,Ramaswamy,Christie,Haley,Trump,Scott,Pence,Hutchinson,Suarez,Elder,Hurd,Youngkin,Burgum
0.762857,Trump,DeSantis,Ramaswamy,Pence,Hutchinson,Elder,Youngkin,Christie,Burgum,Hurd,Suarez,Scott,Haley
0.779605,Trump,Pence,Elder,DeSantis,Scott,Hutchinson,Haley,Suarez,Ramaswamy,Hurd,Youngkin,Burgum,Christie
0.868636,Trump,Pence,Christie,Scott,Youngkin,DeSantis,Hurd,Elder,Haley,Burgum,Hutchinson,Suarez,Ramaswamy
1.669118,Trump,DeSantis,Youngkin,Pence,Hurd,Elder,Hutchinson,Suarez,Ramaswamy,Haley,Christie,Scott,Burgum
0.68511,Trump,Pence,Scott,Hutchinson,Hurd,Elder,Suarez,Burgum,Youngkin,Haley,Ramaswamy,DeSantis,Christie
0.672156,Ramaswamy,Trump,Christie,Burgum,Youngkin,Pence,Scott,Hurd,Elder,Haley,DeSantis,Suarez,Hutchinson
0.768818,Ramaswamy,Hutchinson,DeSantis,Scott,Haley,Suarez,Elder,Hurd,Christie,Youngkin,Pence,Burgum,Trump
1.308647,Haley,Pence,DeSantis,Elder,Youngkin,Christie,Hutchinson,Hurd,Scott,Burgum,Suarez,Trump,Ramaswamy
1.056898,Trump,Haley,DeSantis,Ramaswamy,Scott,Elder,Youngkin,Burgum,Hurd,Suarez,Hutchinson,Pence,Christie
0.81114,Ramaswamy,Trump,Elder,DeSantis,Haley,Youngkin,Burgum,Scott,Hurd,Suarez,Hutchinson,Pence,Christie
0.929519,Christie,Haley,Ramaswamy,DeSantis,Scott,Pence,Youngkin,Burgum,Hutchinson,Suarez,Hurd,Elder,Trump
0.970759,Youngkin,Pence,Christie,Haley,Scott,Hutchinson,DeSantis,Ramaswamy,Suarez,Elder,Hurd,Trump,Burgum
1.218747,Trump,Pence,DeSantis,Christie,Scott,Burgum,Suarez,Elder,Youngkin,Hurd,Hutchinson,Haley,Ramaswamy
1.424811,Haley,Christie,Burgum,Hutchinson,Hurd,Elder,Suarez,Youngkin,Scott,DeSantis,Ramaswamy,Pence,Trump
0.735939,Christie,Pence,Hutchinson,Youngkin,Scott,Ramaswamy,Hurd,Burgum,Elder,Haley,Suarez,DeSantis,Trump
0.658711,Trump,Ramaswamy,DeSantis,Elder,Scott,Hurd,Youngkin,Burgum,Christie,Hutchinson,Haley,Suarez,Pence
0.526889,Trump,Ramaswamy,Scott,Hutchinson,Christie,Suarez,Elder,Pence,Youngkin,Haley,Burgum,Hurd,DeSantis
0.904612,DeSantis,Haley,Ramaswamy,Pence,Hutchinson,Christie,Youngkin,Burgum,Scott,Trump,Elder,Hurd,Suarez
1.015766,Pence,Haley,DeSantis,Scott,Burgum,Christie,Elder,Suarez,Youngkin,Hutchinson,Trump,Ramaswamy,Hurd
0.672156,Trump,Pence,DeSantis,Christie,Haley,Youngkin,Ramaswamy,Burgum,Scott,Hurd,Hutchinson,Suarez,Elder
0.761663,DeSantis,Youngkin,Haley,Pence,Scott,Christie,Burgum,Trump,Hutchinson,Hurd,Elder,Suarez,Ramaswamy
0.660172,Trump,Ramaswamy,DeSantis,Scott,Elder,Haley,Burgum,Youngkin,Hurd,Suarez,Hutchinson,Pence,Christie
0.649364,Ramaswamy,Suarez,DeSantis,Burgum,Pence,Hutchinson,Scott,Elder,Hurd,Haley,Youngkin,Trump,Christie
1.529463,Christie,Scott,Hutchinson,Hurd,DeSantis,Elder,Burgum,Pence,Youngkin,Suarez,Haley,Ramaswamy,Trump
2.040183,Ramaswamy,DeSantis,Trump,Pence,Hurd,Hutchinson,Elder,Burgum,Scott,Suarez,Haley,Youngkin,Christie
1.045781,Trump,Scott,DeSantis,Ramaswamy,Elder,Pence,Haley,Suarez,Burgum,Hurd,Youngkin,Hutchinson,Christie
1.079307,Trump,Ramaswamy,Pence,Haley,Scott,Elder,Suarez,Hutchinson,Burgum,Youngkin,Hurd,DeSantis,Christie
0.746623,Pence,Trump,Ramaswamy,Youngkin,Suarez,Hurd,Hutchinson,Christie,Elder,Burgum,DeSantis,Haley,Scott
0.868636,Trump,Ramaswamy,Pence,Scott,Suarez,Burgum,Hurd,DeSantis,Youngkin,Christie,Elder,Hutchinson,Haley
0.899549,Ramaswamy,Pence,Haley,Christie,Scott,Youngkin,Trump,DeSantis,Elder,Burgum,Hutchinson,Hurd,Suarez
0.970759,Trump,Ramaswamy,Youngkin,DeSantis,Haley,Elder,Scott,Burgum,Hurd,Suarez,Hutchinson,Pence,Christie
1.529463,Christie,Elder,Scott,Hurd,Haley,Suarez,Burgum,Youngkin,Hutchinson,Ramaswamy,Pence,DeSantis,Trump
0.639186,Ramaswamy,Elder,Suarez,Hurd,Christie,Youngkin,Pence,Burgum,Hutchinson,Scott,Haley,Trump,DeSantis
0.741903,Pence,Trump,DeSantis,Haley,Christie,Hurd,Ramaswamy,Elder,Scott,Burgum,Youngkin,Suarez,Hutchinson
0.814982,DeSantis,Trump,Haley,Pence,Scott,Suarez,Elder,Burgum,Hurd,Ramaswamy,Youngkin,Christie,Hutchinson
0.819929,Ramaswamy,Trump,DeSantis,Haley,Christie,Pence,Scott,Hurd,Suarez,Youngkin,Elder,Hutchinson,Burgum
0.960016,Trump,DeSantis,Ramaswamy,Scott,Youngkin,Elder,Haley,Burgum,Christie,Hurd,Hutchinson,Pence,Suarez
1.017577,Trump,Ramaswamy,Haley,Burgum,Suarez,Christie,Elder,Hurd,Pence,Scott,DeSantis,Hutchinson,Youngkin
1.826138,Trump,Ramaswamy,Elder,DeSantis,Youngkin,Burgum,Suarez,Christie,Haley,Hurd,Hutchinson,Scott,Pence
0.827631,Pence,DeSantis,Ramaswamy,Haley,Christie,Trump,Hutchinson,Elder,Youngkin,Hurd,Suarez,Scott,Burgum
1.420777,Trump,Pence,DeSantis,Scott,Ramaswamy,Haley,Hurd,Elder,Christie,Suarez,Burgum,Hutchinson,Youngkin
0.68511,Trump,Pence,Scott,Hutchinson,Hurd,Elder,Suarez,Burgum,Youngkin,Haley,Ramaswamy,DeSantis,Christie
1.014141,Trump,Ramaswamy,Scott,DeSantis,Elder,Youngkin,Pence,Burgum,Hurd,Hutchinson,Suarez,Christie,Haley
1.188226,Trump,DeSantis,Haley,Scott,Ramaswamy,Burgum,Hutchinson,Christie,Pence,Elder,Youngkin,Suarez,Hurd
1.001352,Ramaswamy,Trump,DeSantis,Christie,Haley,Suarez,Scott,Hutchinson,Hurd,Burgum,Elder,Youngkin,Pence
1.122006,Trump,Haley,DeSantis,Youngkin,Burgum,Hurd,Hutchinson,Scott,Suarez,Elder,Pence,Christie,Ramaswamy
0.916252,DeSantis,Haley,Scott,Christie,Ramaswamy,Pence,Burgum,Hutchinson,Hurd,Elder,Suarez,Youngkin,Trump
0.837753,Trump,Pence,Haley,DeSantis,Scott,Elder,Ramaswamy,Hutchinson,Burgum,Youngkin,Suarez,Hurd,Christie
0.697987,Trump,DeSantis,Haley,Scott,Ramaswamy,Youngkin,Elder,Hutchinson,Suarez,Hurd,Burgum,Pence,Christie
0.839544,Ramaswamy,Haley,Pence,Scott,Elder,Hurd,Suarez,Youngkin,Hutchinson,Burgum,Christie,DeSantis,Trump
0.839544,Trump,Ramaswamy,DeSantis,Youngkin,Scott,Suarez,Elder,Haley,Burgum,Hurd,Pence,Hutchinson,Christie
1.478149,Christie,Hutchinson,Haley,Pence,Scott,Elder,Suarez,Youngkin,Hurd,Burgum,Ramaswamy,DeSantis,Trump
0.636425,Haley,Pence,Elder,Ramaswamy,Christie,Burgum,Scott,Hutchinson,Suarez,Hurd,Youngkin,Trump,DeSantis
0.819929,Ramaswamy,Trump,Hutchinson,DeSantis,Pence,Scott,Suarez,Elder,Youngkin,Hurd,Burgum,Haley,Christie
1.275187,Trump,DeSantis,Burgum,Ramaswamy,Haley,Christie,Scott,Youngkin,Pence,Hutchinson,Hurd,Suarez,Elder
0.731376,Scott,Haley,Trump,Ramaswamy,DeSantis,Pence,Christie,Hutchinson,Youngkin,Suarez,Burgum,Hurd,Elder
0.95645,Ramaswamy,Pence,Trump,DeSantis,Burgum,Hutchinson,Hurd,Christie,Youngkin,Scott,Elder,Haley,Suarez
0.901839,Pence,Christie,Scott,Suarez,Hutchinson,Burgum,Hurd,Youngkin,Elder,Haley,DeSantis,Ramaswamy,Trump
0.839544,Ramaswamy,Haley,Pence,Scott,Elder,Hurd,Suarez,Youngkin,Hutchinson,Burgum,Christie,DeSantis,Trump
1.068725,Trump,DeSantis,Ramaswamy,Elder,Scott,Pence,Hurd,Youngkin,Haley,Hutchinson,Burgum,Christie,Suarez
1.000625,Trump,DeSantis,Haley,Burgum,Scott,Ramaswamy,Pence,Christie,Hutchinson,Youngkin,Hurd,Elder,Suarez
1.036417,Haley,Christie,DeSantis,Pence,Hutchinson,Youngkin,Burgum,Hurd,Suarez,Ramaswamy,Scott,Elder,Trump
1.207837,Trump,Ramaswamy,DeSantis,Pence,Christie,Hutchinson,Haley,Youngkin,Elder,Scott,Burgum,Hurd,Suarez
1.096176,Trump,Ramaswamy,DeSantis,Burgum,Haley,Scott,Elder,Youngkin,Pence,Hutchinson,Suarez,Christie,Hurd
0.767178,Trump,Ramaswamy,Elder,Scott,Burgum,Youngkin,DeSantis,Haley,Suarez,Pence,Hutchinson,Hurd,Christie
0.929519,Christie,Haley,Ramaswamy,DeSantis,Scott,Pence,Youngkin,Burgum,Hutchinson,Suarez,Hurd,Elder,Trump
1.338331,DeSantis,Ramaswamy,Burgum,Scott,Haley,Youngkin,Elder,Trump,Pence,Christie,Suarez,Hutchinson,Hurd
1.121883,Trump,DeSantis,Scott,Haley,Elder,Ramaswamy,Burgum,Suarez,Pence,Hurd,Youngkin,Hutchinson,Christie
0.747966,Pence,Trump,Ramaswamy,Scott,Haley,Suarez,Hutchinson,DeSantis,Christie,Elder,Youngkin,Burgum,Hurd
2.040183,Ramaswamy,Haley,Scott,Suarez,Hutchinson,Youngkin,Elder,Hurd,Burgum,Pence,Christie,DeSantis,Trump
0.81114,Ramaswamy,Trump,Elder,DeSantis,Haley,Youngkin,Burgum,Scott,Hurd,Suarez,Hutchinson,Pence,Christie
0.929519,Trump,DeSantis,Ramaswamy,Scott,Haley,Elder,Hutchinson,Burgum,Youngkin,Pence,Hurd,Suarez,Christie
1.120393,Ramaswamy,DeSantis,Trump,Pence,Haley,Scott,Hutchinson,Suarez,Elder,Youngkin,Hurd,Christie,Burgum
1.205555,Ramaswamy,Pence,DeSantis,Haley,Elder,Burgum,Youngkin,Scott,Suarez,Hutchinson,Hurd,Christie,Trump
0.867089,Trump,Pence,Ramaswamy,DeSantis,Elder,Hurd,Suarez,Haley,Burgum,Christie,Youngkin,Hutchinson,Scott
0.708142,Ramaswamy,Trump,DeSantis,Pence,Haley,Christie,Suarez,Elder,Burgum,Youngkin,Hurd,Hutchinson,Scott
0.612993,Trump,DeSantis,Pence,Ramaswamy,Christie,Haley,Scott,Burgum,Elder,Hutchinson,Suarez,Hurd,Youngkin
1.627319,DeSantis,Christie,Haley,Pence,Ramaswamy,Burgum,Scott,Suarez,Youngkin,Hutchinson,Elder,Hurd,Trump
1.591224,DeSantis,Haley,Pence,Ramaswamy,Scott,Hurd,Suarez,Burgum,Youngkin,Christie,Elder,Hutchinson,Trump
1.015766,Pence,Haley,DeSantis,Scott,Burgum,Christie,Elder,Suarez,Youngkin,Hutchinson,Trump,Ramaswamy,Hurd
0.960016,Trump,DeSantis,Ramaswamy,Scott,Youngkin,Elder,Haley,Burgum,Christie,Hurd,Hutchinson,Pence,Suarez
1.478149,Trump,DeSantis,Haley,Ramaswamy,Youngkin,Scott,Hutchinson,Burgum,Pence,Hurd,Elder,Christie,Suarez
0.899895,Trump,Ramaswamy,Scott,Elder,Youngkin,Haley,DeSantis,Hutchinson,Burgum,Suarez,Hurd,Pence,Christie
0.658711,Trump,Ramaswamy,DeSantis,Elder,Scott,Hurd,Youngkin,Burgum,Christie,Hutchinson,Haley,Suarez,Pence
0.63756,Trump,DeSantis,Scott,Haley,Christie,Youngkin,Hurd,Suarez,Elder,Burgum,Ramaswamy,Pence,Hutchinson
0.970759,Trump,Ramaswamy,DeSantis,Scott,Elder,Hutchinson,Hurd,Pence,Youngkin,Burgum,Christie,Suarez,Haley
1.084801,Ramaswamy,Haley,Christie,Burgum,Hutchinson,Elder,Scott,Pence,DeSantis,Youngkin,Hurd,Suarez,Trump
0.949777,Trump,DeSantis,Burgum,Scott,Elder,Hurd,Youngkin,Haley,Hutchinson,Suarez,Ramaswamy,Pence,Christie
0.517975,DeSantis,Trump,Christie,Ramaswamy,Hutchinson,Burgum,Youngkin,Pence,Hurd,Suarez,Haley,Scott,Elder
1.079307,Trump,Ramaswamy,Pence,Haley,Scott,Elder,Suarez,Hutchinson,Burgum,Youngkin,Hurd,DeSantis,Christie
0.708142,Trump,DeSantis,Ramaswamy,Pence,Suarez,Christie,Haley,Scott,Hurd,Hutchinson,Youngkin,Burgum,Elder
0.868636,Trump,Ramaswamy,Burgum,Suarez,Haley,Youngkin,Hutchinson,DeSantis,Scott,Hurd,Elder,Pence,Christie
1.503597,Ramaswamy,Trump,Hutchinson,Suarez,Hurd,Burgum,Youngkin,Scott,Haley,Pence,DeSantis,Christie,Elder
1.679312,Trump,DeSantis,Haley,Ramaswamy,Pence,Hurd,Youngkin,Hutchinson,Burgum,Suarez,Elder,Scott,Christie
0.660172,Hurd,Hutchinson,Haley,Scott,Burgum,Christie,Suarez,Elder,Pence,Youngkin,Ramaswamy,DeSantis,Trump
1.018243,Ramaswamy,Pence,Trump,Haley,Burgum,Elder,Youngkin,DeSantis,Hutchinson,Scott,Christie,Hurd,Suarez
0.970759,Christie,Hutchinson,Burgum,Hurd,Youngkin,Elder,Haley,Scott,Ramaswamy,DeSantis,Pence,Trump,Suarez
1.017577,Trump,Haley,Scott,Ramaswamy,DeSantis,Burgum,Pence,Hurd,Youngkin,Elder,Suarez,Hutchinson,Christie
2.040183,Christie,Scott,Pence,Hutchinson,Elder,Burgum,Haley,Youngkin,Hurd,DeSantis,Suarez,Ramaswamy,Trump
1.247329,DeSantis,Youngkin,Haley,Scott,Elder,Suarez,Hutchinson,Burgum,Ramaswamy,Hurd,Trump,Pence,Christie
1.424811,Haley,Christie,Burgum,Hutchinson,Hurd,Elder,Suarez,Youngkin,Scott,DeSantis,Ramaswamy,Pence,Trump
1.086363,Ramaswamy,Haley,DeSantis,Christie,Pence,Hutchinson,Scott,Suarez,Hurd,Youngkin,Burgum,Elder,Trump
1.529463,Christie,Pence,Scott,Burgum,Hutchinson,Ramaswamy,Suarez,Youngkin,Hurd,Elder,Haley,DeSantis,Trump
1.15048,DeSantis,Ramaswamy,Trump,Christie,Scott,Pence,Burgum,Elder,Hutchinson,Youngkin,Hurd,Haley,Suarez
1.424811,Haley,Christie,Burgum,Hutchinson,Hurd,Elder,Suarez,Youngkin,Scott,DeSantis,Ramaswamy,Pence,Trump
0.747966,Christie,Haley,Hurd,Hutchinson,Ramaswamy,Scott,Youngkin,Burgum,Elder,Suarez,Pence,DeSantis,Trump
0.785097,Trump,Ramaswamy,DeSantis,Haley,Scott,Hutchinson,Christie,Elder,Suarez,Hurd,Burgum,Youngkin,Pence
1.121883,Ramaswamy,Pence,Christie,Haley,Trump,DeSantis,Suarez,Burgum,Hutchinson,Scott,Hurd,Youngkin,Elder
1.103789,Trump,Haley,DeSantis,Christie,Suarez,Hurd,Youngkin,Ramaswamy,Elder,Scott,Burgum,Hutchinson,Pence
2.132521,Christie,Hutchinson,Haley,Pence,Hurd,Elder,Suarez,Burgum,Youngkin,Scott,Ramaswamy,DeSantis,Trump
1.180031,Trump,DeSantis,Ramaswamy,Pence,Christie,Scott,Elder,Hutchinson,Hurd,Haley,Burgum,Suarez,Youngkin
0.555612,Trump,Scott,Elder,Hurd,Burgum,Suarez,Youngkin,Hutchinson,DeSantis,Christie,Haley,Pence,Ramaswamy
2.040183,Ramaswamy,DeSantis,Trump,Pence,Hurd,Hutchinson,Elder,Burgum,Scott,Suarez,Haley,Youngkin,Christie
0.658711,Trump,Ramaswamy,DeSantis,Elder,Scott,Hurd,Youngkin,Burgum,Christie,Hutchinson,Haley,Suarez,Pence
1.278271,DeSantis,Scott,Trump,Ramaswamy,Haley,Pence,Hutchinson,Elder,Hurd,Suarez,Youngkin,Burgum,Christie
1.164009,Trump,DeSantis,Pence,Haley,Scott,Burgum,Ramaswamy,Christie,Youngkin,Hutchinson,Suarez,Hurd,Elder
1.753818,Trump,Ramaswamy,DeSantis,Elder,Scott,Youngkin,Haley,Hurd,Burgum,Suarez,Hutchinson,Christie,Pence
0.996977,Trump,DeSantis,Haley,Ramaswamy,Scott,Burgum,Youngkin,Elder,Hurd,Hutchinson,Suarez,Christie,Pence
0.929519,Trump,DeSantis,Haley,Scott,Ramaswamy,Youngkin,Pence,Christie,Burgum,Hutchinson,Elder,Suarez,Hurd
1.398904,Trump,Ramaswamy,Haley,Pence,DeSantis,Elder,Scott,Christie,Youngkin,Burgum,Hutchinson,Suarez,Hurd
0.658711,Trump,Ramaswamy,Haley,Christie,Suarez,Elder,DeSantis,Pence,Hurd,Youngkin,Scott,Hutchinson,Burgum
1.464488,Trump,DeSantis,Pence,Ramaswamy,Elder,Christie,Youngkin,Hurd,Scott,Suarez,Burgum,Hutchinson,Haley
0.56361,Christie,Hutchinson,Burgum,Elder,Haley,Hurd,Suarez,Scott,Pence,Youngkin,Ramaswamy,DeSantis,Trump
1.004181,Trump,DeSantis,Youngkin,Haley,Ramaswamy,Scott,Burgum,Pence,Elder,Hutchinson,Suarez,Christie,Hurd
0.805183,Trump,DeSantis,Haley,Scott,Ramaswamy,Pence,Burgum,Elder,Youngkin,Christie,Hutchinson,Suarez,Hurd
1.033456,Haley,Scott,Pence,Christie,Burgum,Trump,Hutchinson,Hurd,Youngkin,Suarez,Elder,Ramaswamy,DeSantis
1.04502,Scott,Christie,Trump,Ramaswamy,Haley,Suarez,Youngkin,Hurd,Hutchinson,Pence,Burgum,Elder,DeSantis
0.679403,Christie,Haley,Youngkin,Pence,Burgum,Scott,Elder,Suarez,Hutchinson,Hurd,Ramaswamy,DeSantis,Trump
1.056898,Trump,Ramaswamy,Haley,Scott,DeSantis,Pence,Elder,Youngkin,Hurd,Hutchinson,Burgum,Suarez,Christie
1.084045,Haley,Christie,Scott,Pence,Youngkin,Suarez,Elder,Burgum,Hurd,Hutchinson,DeSantis,Ramaswamy,Trump
0.854256,Trump,DeSantis,Haley,Ramaswamy,Scott,Elder,Hutchinson,Burgum,Hurd,Youngkin,Suarez,Christie,Pence
0.879255,Trump,Ramaswamy,DeSantis,Scott,Hurd,Youngkin,Elder,Burgum,Haley,Hutchinson,Christie,Pence,Suarez
1.002609,Trump,Ramaswamy,Scott,DeSantis,Elder,Hutchinson,Pence,Christie,Suarez,Youngkin,Hurd,Burgum,Haley
1.180376,Trump,Ramaswamy,DeSantis,Scott,Haley,Burgum,Youngkin,Pence,Elder,Suarez,Hutchinson,Christie,Hurd
1.033456,Haley,DeSantis,Scott,Ramaswamy,Pence,Christie,Trump,Elder,Hutchinson,Burgum,Hurd,Youngkin,Suarez
1.164009,Haley,Pence,Scott,Christie,Youngkin,DeSantis,Hutchinson,Burgum,Suarez,Elder,Hurd,Ramaswamy,Trump
0.861664,Ramaswamy,Christie,Haley,Scott,Elder,Burgum,Hutchinson,Youngkin,Suarez,Hurd,Pence,DeSantis,Trump
0.867089,Youngkin,DeSantis,Trump,Haley,Scott,Ramaswamy,Christie,Pence,Burgum,Suarez,Elder,Hurd,Hutchinson
1.144161,Trump,Pence,Ramaswamy,Haley,DeSantis,Christie,Scott,Burgum,Hutchinson,Elder,Hurd,Suarez,Youngkin
0.825865,Ramaswamy,Trump,DeSantis,Christie,Haley,Scott,Burgum,Elder,Hurd,Youngkin,Hutchinson,Pence,Suarez
1.270672,Trump,DeSantis,Ramaswamy,Christie,Pence,Haley,Scott,Hutchinson,Elder,Youngkin,Suarez,Hurd,Burgum
2.040183,Trump,DeSantis,Christie,Haley,Elder,Ramaswamy,Scott,Burgum,Suarez,Hurd,Youngkin,Hutchinson,Pence
1.261425,Hurd,Suarez,Haley,Hutchinson,Christie,Burgum,Scott,Youngkin,Pence,Ramaswamy,Elder,DeSantis,Trump
0.68511,Trump,Pence,Scott,Hutchinson,Hurd,Elder,Suarez,Burgum,Youngkin,Haley,Ramaswamy,DeSantis,Christie
1.308647,Trump,Ramaswamy,DeSantis,Pence,Haley,Burgum,Scott,Suarez,Hutchinson,Elder,Hurd,Youngkin,Christie
0.787886,Trump,DeSantis,Suarez,Hurd,Burgum,Pence,Scott,Haley,Elder,Hutchinson,Youngkin,Christie,Ramaswamy
2.102951,Christie,Haley,Hutchinson,Scott,Hurd,Youngkin,Suarez,Burgum,Elder,DeSantis,Pence,Ramaswamy,Trump
0.658711,Trump,Ramaswamy,Haley,Christie,Suarez,Elder,DeSantis,Pence,Hurd,Youngkin,Scott,Hutchinson,Burgum
1.559977,Trump,DeSantis,Haley,Scott,Hutchinson,Hurd,Youngkin,Suarez,Burgum,Elder,Pence,Christie,Ramaswamy
0.992095,Trump,Pence,Christie,Ramaswamy,Hutchinson,Haley,Scott,DeSantis,Elder,Hurd,Suarez,Youngkin,Burgum
0.502301,Trump,Ramaswamy,Pence,Elder,Hurd,Haley,Youngkin,DeSantis,Christie,Scott,Burgum,Suarez,Hutchinson
1.180031,Trump,DeSantis,Ramaswamy,Pence,Christie,Scott,Elder,Hutchinson,Hurd,Haley,Burgum,Suarez,Youngkin
0.620487,Trump,Ramaswamy,DeSantis,Pence,Scott,Youngkin,Burgum,Elder,Christie,Haley,Hutchinson,Hurd,Suarez
0.812586,Trump,DeSantis,Pence,Hutchinson,Hurd,Haley,Christie,Ramaswamy,Youngkin,Burgum,Scott,Suarez,Elder
0.960016,Youngkin,Haley,Christie,Trump,DeSantis,Scott,Pence,Hutchinson,Elder,Burgum,Suarez,Hurd,Ramaswamy
0.720887,Trump,DeSantis,Ramaswamy,Christie,Scott,Suarez,Burgum,Youngkin,Elder,Hurd,Hutchinson,Haley,Pence
1.379506,Trump,DeSantis,Ramaswamy,Scott,Elder,Haley,Hutchinson,Burgum,Youngkin,Hurd,Suarez,Pence,Christie
0.932463,Trump,DeSantis,Haley,Ramaswamy,Youngkin,Scott,Hurd,Suarez,Burgum,Elder,Pence,Christie,Hutchinson
1.342131,Trump,DeSantis,Haley,Scott,Pence,Ramaswamy,Burgum,Hutchinson,Youngkin,Elder,Suarez,Christie,Hurd
0.568215,Trump,Hutchinson,Pence,Haley,Suarez,Ramaswamy,Christie,Hurd,Scott,Youngkin,Elder,Burgum,DeSantis
0.612993,Trump,DeSantis,Pence,Ramaswamy,Christie,Haley,Scott,Burgum,Elder,Hutchinson,Suarez,Hurd,Youngkin
1.149689,Trump,DeSantis,Youngkin,Elder,Burgum,Scott,Haley,Suarez,Hutchinson,Hurd,Ramaswamy,Christie,Pence
1.122006,Ramaswamy,Christie,Scott,Elder,Pence,Hurd,Youngkin,Hutchinson,Burgum,Haley,Suarez,DeSantis,Trump
0.751381,Trump,Ramaswamy,DeSantis,Scott,Youngkin,Elder,Burgum,Hurd,Haley,Christie,Hutchinson,Suarez,Pence
1.096176,Trump,Ramaswamy,DeSantis,Burgum,Haley,Scott,Elder,Youngkin,Pence,Hutchinson,Suarez,Christie,Hurd
0.710658,Trump,Ramaswamy,Pence,Elder,Haley,Scott,Burgum,Hutchinson,Hurd,Christie,Youngkin,Suarez,DeSantis
1.503597,Ramaswamy,Trump,Hutchinson,Suarez,Hurd,Burgum,Youngkin,Scott,Haley,Pence,DeSantis,Christie,Elder
0.786484,Ramaswamy,Trump,DeSantis,Haley,Pence,Hurd,Burgum,Hutchinson,Elder,Scott,Suarez,Christie,Youngkin
2.045976,Ramaswamy,Trump,DeSantis,Youngkin,Haley,Elder,Scott,Hurd,Hutchinson,Suarez,Burgum,Pence,Christie
0.708142,Ramaswamy,Trump,DeSantis,Pence,Haley,Christie,Suarez,Elder,Burgum,Youngkin,Hurd,Hutchinson,Scott
0.867089,Youngkin,DeSantis,Trump,Haley,Scott,Ramaswamy,Christie,Pence,Burgum,Suarez,Elder,Hurd,Hutchinson
0.901839,Trump,Ramaswamy,Pence,Scott,Christie,Haley,Elder,Hurd,Suarez,Hutchinson,Burgum,Youngkin,DeSantis
0.564615,Scott,Ramaswamy,Pence,DeSantis,Christie,Elder,Trump,Hutchinson,Youngkin,Hurd,Haley,Suarez,Burgum
0.798657,Ramaswamy,Haley,Pence,Burgum,Hutchinson,Scott,Elder,DeSantis,Christie,Suarez,Hurd,Youngkin,Trump
0.779605,Hutchinson,Hurd,Burgum,Haley,Ramaswamy,DeSantis,Christie,Pence,Suarez,Youngkin,Scott,Elder,Trump
1.002609,Trump,Scott,Haley,DeSantis,Ramaswamy,Pence,Christie,Elder,Youngkin,Hutchinson,Suarez,Hurd,Burgum
0.720887,Trump,Scott,Ramaswamy,Haley,Elder,Youngkin,DeSantis,Hutchinson,Hurd,Pence,Suarez,Christie,Burgum
1.002609,Trump,Scott,Haley,DeSantis,Ramaswamy,Pence,Christie,Elder,Youngkin,Hutchinson,Suarez,Hurd,Burgum
1.137748,DeSantis,Pence,Haley,Hutchinson,Scott,Christie,Elder,Suarez,Youngkin,Ramaswamy,Burgum,Hurd,Trump
1.796801,DeSantis,Haley,Scott,Ramaswamy,Trump,Youngkin,Burgum,Pence,Christie,Hutchinson,Hurd,Elder,Suarez
1.629188,Ramaswamy,Haley,Scott,Pence,Christie,Suarez,Elder,Burgum,Hutchinson,Youngkin,Hurd,DeSantis,Trump
0.974208,DeSantis,Haley,Scott,Trump,Ramaswamy,Pence,Youngkin,Hurd,Hutchinson,Burgum,Christie,Suarez,Elder
0.620487,Trump,Ramaswamy,DeSantis,Pence,Scott,Youngkin,Burgum,Elder,Christie,Haley,Hutchinson,Hurd,Suarez
1.002609,Trump,DeSantis,Haley,Scott,Ramaswamy,Elder,Pence,Youngkin,Burgum,Suarez,Hurd,Christie,Hutchinson
1.049608,Trump,Ramaswamy,Scott,Haley,Elder,DeSantis,Pence,Burgum,Hurd,Youngkin,Hutchinson,Christie,Suarez
0.929519,Christie,Haley,Ramaswamy,DeSantis,Scott,Pence,Youngkin,Burgum,Hutchinson,Suarez,Hurd,Elder,Trump
0.970759,Trump,Ramaswamy,DeSantis,Scott,Elder,Hutchinson,Hurd,Pence,Youngkin,Burgum,Christie,Suarez,Haley
1.376605,Trump,DeSantis,Ramaswamy,Scott,Christie,Pence,Haley,Hurd,Youngkin,Hutchinson,Suarez,Elder,Burgum
0.888483,Trump,Ramaswamy,Elder,Youngkin,Hutchinson,Suarez,Scott,Hurd,Burgum,Pence,DeSantis,Haley,Christie
1.121883,Ramaswamy,Pence,Christie,Haley,Trump,DeSantis,Suarez,Burgum,Hutchinson,Scott,Hurd,Youngkin,Elder
0.687217,Trump,Ramaswamy,DeSantis,Haley,Scott,Pence,Suarez,Youngkin,Burgum,Hutchinson,Elder,Christie,Hurd
0.741903,Ramaswamy,Christie,Elder,Youngkin,DeSantis,Burgum,Haley,Scott,Hurd,Pence,Suarez,Hutchinson,Trump
1.271577,DeSantis,Ramaswamy,Trump,Haley,Scott,Pence,Hutchinson,Burgum,Youngkin,Elder,Suarez,Christie,Hurd
1.529463,Christie,Pence,Scott,Burgum,Hutchinson,Ramaswamy,Suarez,Youngkin,Hurd,Elder,Haley,DeSantis,Trump
1.023323,DeSantis,Ramaswamy,Trump,Haley,Youngkin,Scott,Burgum,Elder,Suarez,Hurd,Hutchinson,Pence,Christie
0.659886,Trump,Ramaswamy,DeSantis,Elder,Scott,Hutchinson,Burgum,Pence,Hurd,Youngkin,Christie,Haley,Suarez
0.638382,Trump,Elder,Hutchinson,Burgum,Scott,Youngkin,Hurd,Ramaswamy,Haley,Pence,Christie,DeSantis,Suarez
0.710673,DeSantis,Ramaswamy,Scott,Elder,Hurd,Pence,Youngkin,Christie,Hutchinson,Suarez,Burgum,Haley,Trump
0.846648,Trump,Ramaswamy,Pence,DeSantis,Christie,Burgum,Scott,Haley,Hutchinson,Youngkin,Suarez,Hurd,Elder
1.338331,DeSantis,Ramaswamy,Burgum,Scott,Haley,Youngkin,Elder,Trump,Pence,Christie,Suarez,Hutchinson,Hurd
0.868636,Trump,Pence,Christie,Scott,Youngkin,DeSantis,Hurd,Elder,Haley,Burgum,Hutchinson,Suarez,Ramaswamy
0.839544,Trump,Ramaswamy,DeSantis,Youngkin,Scott,Suarez,Elder,Haley,Burgum,Hurd,Pence,Hutchinson,Christie
0.901839,Pence,Christie,Scott,Suarez,Hutchinson,Burgum,Hurd,Youngkin,Elder,Haley,DeSantis,Ramaswamy,Trump
0.888483,Trump,Ramaswamy,DeSantis,Haley,Scott,Christie,Burgum,Pence,Elder,Youngkin,Hutchinson,Suarez,Hurd
1.312363,DeSantis,Trump,Scott,Youngkin,Haley,Pence,Hutchinson,Christie,Elder,Ramaswamy,Hurd,Suarez,Burgum
1.066087,Ramaswamy,Elder,Scott,DeSantis,Suarez,Pence,Burgum,Hurd,Hutchinson,Christie,Haley,Trump,Youngkin
0.901839,Trump,Ramaswamy,Pence,Scott,Christie,Haley,Elder,Hurd,Suarez,Hutchinson,Burgum,Youngkin,DeSantis
0.947572,Trump,DeSantis,Scott,Pence,Haley,Youngkin,Elder,Hurd,Burgum,Hutchinson,Ramaswamy,Christie,Suarez
1.257506,Trump,DeSantis,Ramaswamy,Christie,Suarez,Youngkin,Scott,Hurd,Burgum,Elder,Hutchinson,Haley,Pence
0.792237,Trump,Ramaswamy,DeSantis,Haley,Pence,Youngkin,Hutchinson,Scott,Elder,Hurd,Christie,Burgum,Suarez
1.137748,DeSantis,Pence,Haley,Hutchinson,Scott,Christie,Elder,Suarez,Youngkin,Ramaswamy,Burgum,Hurd,Trump
1.180031,Trump,DeSantis,Ramaswamy,Pence,Christie,Scott,Elder,Hutchinson,Hurd,Haley,Burgum,Suarez,Youngkin
0.747966,Trump,DeSantis,Scott,Haley,Hurd,Ramaswamy,Hutchinson,Suarez,Elder,Youngkin,Burgum,Pence,Christie
1.292548,Christie,Scott,Pence,Hutchinson,Haley,Burgum,Hurd,Suarez,Elder,Youngkin,Ramaswamy,DeSantis,Trump
1.292548,Christie,Scott,Pence,Hutchinson,Haley,Burgum,Hurd,Suarez,Elder,Youngkin,Ramaswamy,DeSantis,Trump
0.929519,Trump,DeSantis,Ramaswamy,Scott,Haley,Elder,Hutchinson,Burgum,Youngkin,Pence,Hurd,Suarez,Christie
0.754843,Haley,Scott,DeSantis,Pence,Hutchinson,Trump,Ramaswamy,Christie,Hurd,Burgum,Youngkin,Suarez,Elder
1.002609,Christie,Haley,Suarez,Hutchinson,Pence,Burgum,Elder,Youngkin,Hurd,Scott,Ramaswamy,DeSantis,Trump
2.728993,Haley,Christie,Youngkin,Scott,Burgum,Ramaswamy,DeSantis,Pence,Hutchinson,Suarez,Hurd,Elder,Trump
0.64247,Trump,Haley,Suarez,Elder,Pence,Scott,Hutchinson,DeSantis,Hurd,Christie,Youngkin,Burgum,Ramaswamy
0.875875,Trump,Haley,DeSantis,Christie,Ramaswamy,Hutchinson,Pence,Youngkin,Elder,Scott,Burgum,Hurd,Suarez
1.164009,Haley,Scott,Ramaswamy,DeSantis,Hurd,Elder,Hutchinson,Pence,Suarez,Burgum,Christie,Youngkin,Trump
0.526889,Trump,DeSantis,Ramaswamy,Scott,Christie,Pence,Haley,Burgum,Elder,Youngkin,Hurd,Hutchinson,Suarez
2.670492,Christie,Haley,Burgum,Hutchinson,Scott,Suarez,Hurd,Youngkin,Elder,DeSantis,Pence,Ramaswamy,Trump
0.741903,Trump,DeSantis,Ramaswamy,Haley,Christie,Scott,Hutchinson,Burgum,Youngkin,Elder,Suarez,Hurd,Pence
0.681832,Trump,Ramaswamy,DeSantis,Scott,Elder,Youngkin,Burgum,Hurd,Suarez,Hutchinson,Haley,Pence,Christie
0.614214,Trump,Ramaswamy,DeSantis,Christie,Scott,Hutchinson,Youngkin,Haley,Hurd,Elder,Suarez,Burgum,Pence
2.045976,Ramaswamy,Trump,DeSantis,Youngkin,Haley,Elder,Scott,Hurd,Hutchinson,Suarez,Burgum,Pence,Christie
0.772768,Trump,Ramaswamy,Haley,DeSantis,Elder,Hutchinson,Christie,Youngkin,Pence,Burgum,Hurd,Suarez,Scott
0.854256,Scott,Trump,DeSantis,Burgum,Youngkin,Christie,Ramaswamy,Pence,Haley,Hutchinson,Elder,Hurd,Suarez
0.539873,DeSantis,Trump,Burgum,Elder,Youngkin,Hurd,Christie,Scott,Ramaswamy,Pence,Suarez,Haley,Hutchinson
1.245109,Pence,Christie,Suarez,Youngkin,Haley,Elder,Burgum,DeSantis,Hurd,Hutchinson,Ramaswamy,Scott,Trump
0.879255,Trump,DeSantis,Ramaswamy,Scott,Haley,Burgum,Hurd,Pence,Elder,Hutchinson,Suarez,Youngkin,Christie
1.103994,Trump,Scott,DeSantis,Burgum,Elder,Youngkin,Ramaswamy,Hurd,Haley,Suarez,Hutchinson,Pence,Christie
1.503597,Ramaswamy,Trump,Hutchinson,Suarez,Hurd,Burgum,Youngkin,Scott,Haley,Pence,DeSantis,Christie,Elder
1.219104,Trump,DeSantis,Ramaswamy,Haley,Youngkin,Burgum,Hutchinson,Pence,Scott,Hurd,Elder,Suarez,Christie
1.000625,Christie,Ramaswamy,Haley,Scott,Elder,Youngkin,Suarez,Pence,Burgum,Hutchinson,Hurd,DeSantis,Trump
0.670254,Trump,DeSantis,Pence,Elder,Hurd,Burgum,Hutchinson,Youngkin,Scott,Haley,Suarez,Ramaswamy,Christie
0.709101,Scott,DeSantis,Burgum,Christie,Hutchinson,Elder,Ramaswamy,Trump,Hurd,Pence,Youngkin,Haley,Suarez
1.014141,Trump,Ramaswamy,Scott,DeSantis,Elder,Youngkin,Pence,Burgum,Hurd,Hutchinson,Suarez,Christie,Haley
0.768818,Ramaswamy,DeSantis,Haley,Burgum,Scott,Christie,Youngkin,Hutchinson,Hurd,Elder,Suarez,Pence,Trump
0.903189,Haley,Pence,Ramaswamy,Scott,Elder,Suarez,Youngkin,Burgum,DeSantis,Christie,Hurd,Hutchinson,Trump
1.04502,Trump,Pence,Haley,DeSantis,Scott,Ramaswamy,Christie,Youngkin,Hutchinson,Suarez,Burgum,Hurd,Elder
1.424811,Haley,Christie,Burgum,Hutchinson,Hurd,Elder,Suarez,Youngkin,Scott,DeSantis,Ramaswamy,Pence,Trump
0.690412,Haley,Suarez,Burgum,Pence,Christie,Trump,Ramaswamy,Hutchinson,Hurd,Scott,DeSantis,Youngkin,Elder
1.382498,Hurd,DeSantis,Trump,Suarez,Haley,Hutchinson,Scott,Elder,Pence,Youngkin,Christie,Ramaswamy,Burgum
0.987831,Ramaswamy,DeSantis,Scott,Christie,Haley,Pence,Hutchinson,Burgum,Youngkin,Elder,Suarez,Hurd,Trump
0.996977,Haley,Scott,Christie,Pence,DeSantis,Hutchinson,Burgum,Hurd,Elder,Youngkin,Suarez,Ramaswamy,Trump
0.875875,Haley,Scott,Trump,Ramaswamy,Youngkin,Hutchinson,Elder,Suarez,Burgum,Hurd,Christie,Pence,DeSantis
1.112621,Trump,DeSantis,Ramaswamy,Haley,Scott,Pence,Hurd,Youngkin,Elder,Christie,Burgum,Hutchinson,Suarez
0.743226,DeSantis,Ramaswamy,Trump,Pence,Christie,Burgum,Elder,Haley,Hutchinson,Scott,Suarez,Youngkin,Hurd
0.772768,Trump,Ramaswamy,Haley,DeSantis,Elder,Hutchinson,Christie,Youngkin,Pence,Burgum,Hurd,Suarez,Scott
1.084801,Ramaswamy,Haley,Christie,Burgum,Hutchinson,Elder,Scott,Pence,DeSantis,Youngkin,Hurd,Suarez,Trump
0.79963,Haley,DeSantis,Pence,Burgum,Christie,Scott,Ramaswamy,Hurd,Hutchinson,Youngkin,Elder,Suarez,Trump
0.791835,Scott,Youngkin,Hurd,Christie,Pence,DeSantis,Suarez,Ramaswamy,Haley,Hutchinson,Elder,Burgum,Trump
1.121883,Trump,DeSantis,Scott,Haley,Elder,Ramaswamy,Burgum,Suarez,Pence,Hurd,Youngkin,Hutchinson,Christie
0.624392,Trump,Ramaswamy,Christie,DeSantis,Scott,Suarez,Pence,Haley,Hutchinson,Elder,Hurd,Burgum,Youngkin
1.420777,Trump,Pence,DeSantis,Scott,Ramaswamy,Haley,Hurd,Elder,Christie,Suarez,Burgum,Hutchinson,Youngkin
0.660172,DeSantis,Pence,Ramaswamy,Scott,Suarez,Hutchinson,Hurd,Elder,Christie,Haley,Youngkin,Burgum,Trump
0.932822,Trump,Ramaswamy,DeSantis,Scott,Haley,Elder,Suarez,Pence,Hurd,Burgum,Hutchinson,Youngkin,Christie
1.164009,Haley,Pence,Scott,Christie,Youngkin,DeSantis,Hutchinson,Burgum,Suarez,Elder,Hurd,Ramaswamy,Trump
0.564615,Trump,Ramaswamy,Haley,DeSantis,Hurd,Pence,Scott,Christie,Burgum,Youngkin,Hutchinson,Suarez,Elder
0.668479,Haley,Christie,Pence,Hurd,Suarez,Hutchinson,Youngkin,Burgum,Ramaswamy,DeSantis,Scott,Elder,Trump
0.947572,Trump,DeSantis,Scott,Pence,Haley,Youngkin,Elder,Hurd,Burgum,Hutchinson,Ramaswamy,Christie,Suarez
0.690412,Trump,Ramaswamy,DeSantis,Pence,Scott,Elder,Hurd,Haley,Burgum,Suarez,Hutchinson,Christie,Youngkin
0.660172,Trump,Ramaswamy,DeSantis,Scott,Elder,Haley,Burgum,Youngkin,Hurd,Suarez,Hutchinson,Pence,Christie
0.79963,Trump,Ramaswamy,Scott,DeSantis,Christie,Hutchinson,Haley,Pence,Suarez,Youngkin,Elder,Hurd,Burgum
0.814982,DeSantis,Trump,Haley,Pence,Scott,Suarez,Elder,Burgum,Hurd,Ramaswamy,Youngkin,Christie,Hutchinson
1.458263,DeSantis,Trump,Ramaswamy,Pence,Christie,Suarez,Scott,Elder,Hurd,Hutchinson,Burgum,Youngkin,Haley
0.899549,Trump,Haley,Ramaswamy,DeSantis,Youngkin,Burgum,Elder,Scott,Pence,Christie,Hutchinson,Hurd,Suarez
0.650804,DeSantis,Trump,Ramaswamy,Pence,Hutchinson,Suarez,Hurd,Haley,Youngkin,Elder,Burgum,Christie,Scott
1.292548,Christie,Scott,Pence,Hutchinson,Haley,Burgum,Hurd,Suarez,Elder,Youngkin,Ramaswamy,DeSantis,Trump
0.812586,Trump,DeSantis,Haley,Pence,Ramaswamy,Scott,Hutchinson,Burgum,Suarez,Youngkin,Christie,Hurd,Elder
0.719616,Youngkin,Ramaswamy,Haley,Suarez,DeSantis,Hurd,Hutchinson,Elder,Pence,Scott,Christie,Burgum,Trump
1.18457,Scott,Haley,Ramaswamy,DeSantis,Youngkin,Pence,Elder,Burgum,Christie,Hurd,Hutchinson,Suarez,Trump
1.312363,Christie,Haley,Scott,Pence,Youngkin,Hutchinson,Ramaswamy,Elder,Hurd,Suarez,DeSantis,Burgum,Trump
1.002609,Ramaswamy,Scott,Pence,Burgum,Haley,Christie,Hutchinson,Suarez,Elder,Hurd,Youngkin,DeSantis,Trump
1.149689,Haley,Christie,Pence,Scott,Burgum,Youngkin,Hutchinson,Elder,Hurd,DeSantis,Ramaswamy,Suarez,Trump
1.22744,Haley,Scott,Pence,Burgum,Ramaswamy,Hutchinson,Youngkin,Hurd,Elder,Suarez,DeSantis,Christie,Trump
1.980981,DeSantis,Haley,Pence,Christie,Scott,Burgum,Hutchinson,Hurd,Elder,Suarez,Youngkin,Ramaswamy,Trump
1.002609,Christie,Haley,Suarez,Hutchinson,Pence,Burgum,Elder,Youngkin,Hurd,Scott,Ramaswamy,DeSantis,Trump
0.899895,Trump,Ramaswamy,Scott,Elder,Youngkin,Haley,DeSantis,Hutchinson,Burgum,Suarez,Hurd,Pence,Christie
1.400831,Ramaswamy,Christie,Pence,DeSantis,Haley,Elder,Scott,Youngkin,Suarez,Hutchinson,Hurd,Burgum,Trump
0.690412,DeSantis,Scott,Youngkin,Haley,Trump,Ramaswamy,Hutchinson,Burgum,Elder,Suarez,Hurd,Christie,Pence
0.65782,Trump,Haley,Scott,DeSantis,Youngkin,Burgum,Christie,Hurd,Ramaswamy,Elder,Suarez,Hutchinson,Pence
1.219104,Trump,DeSantis,Ramaswamy,Haley,Youngkin,Burgum,Hutchinson,Pence,Scott,Hurd,Elder,Suarez,Christie
1.149689,Haley,Christie,Pence,Scott,Burgum,Youngkin,Hutchinson,Elder,Hurd,DeSantis,Ramaswamy,Suarez,Trump
1.200697,Ramaswamy,Scott,Trump,Burgum,Haley,DeSantis,Youngkin,Elder,Pence,Suarez,Hutchinson,Hurd,Christie
1.002393,Hurd,Hutchinson,Burgum,Scott,Youngkin,Suarez,Haley,Ramaswamy,Elder,DeSantis,Christie,Pence,Trump
1.529463,Christie,Pence,Scott,Burgum,Hutchinson,Ramaswamy,Suarez,Youngkin,Hurd,Elder,Haley,DeSantis,Trump
0.81114,Trump,DeSantis,Ramaswamy,Haley,Scott,Pence,Youngkin,Burgum,Hutchinson,Christie,Elder,Hurd,Suarez
1.342131,Trump,Scott,DeSantis,Youngkin,Ramaswamy,Hutchinson,Elder,Haley,Burgum,Suarez,Hurd,Pence,Christie
0.660172,DeSantis,Ramaswamy,Suarez,Burgum,Elder,Haley,Pence,Christie,Hutchinson,Hurd,Scott,Youngkin,Trump
0.620487,Trump,Ramaswamy,DeSantis,Pence,Scott,Youngkin,Burgum,Elder,Christie,Haley,Hutchinson,Hurd,Suarez
1.004181,DeSantis,Ramaswamy,Trump,Haley,Scott,Christie,Pence,Burgum,Hurd,Elder,Suarez,Hutchinson,Youngkin
2.040183,Christie,Scott,Pence,Hutchinson,Elder,Burgum,Haley,Youngkin,Hurd,DeSantis,Suarez,Ramaswamy,Trump
0.672156,Ramaswamy,Trump,Elder,Suarez,Hutchinson,Scott,Hurd,Burgum,Haley,Youngkin,Christie,DeSantis,Pence
0.925859,Trump,Pence,Ramaswamy,Hutchinson,DeSantis,Youngkin,Scott,Suarez,Elder,Burgum,Christie,Haley,Hurd
0.58281,Ramaswamy,Elder,Burgum,Scott,Hutchinson,Youngkin,Haley,Christie,Hurd,Suarez,Pence,DeSantis,Trump
0.614214,Scott,Burgum,Hutchinson,Haley,Christie,Suarez,Youngkin,Hurd,Ramaswamy,Elder,DeSantis,Pence,Trump
1.317598,Trump,DeSantis,Haley,Scott,Ramaswamy,Pence,Elder,Youngkin,Hutchinson,Burgum,Hurd,Suarez,Christie
0.54534,Haley,Suarez,Christie,Elder,Scott,Burgum,Youngkin,Hurd,Hutchinson,Pence,Ramaswamy,Trump,DeSantis
1.980981,DeSantis,Haley,Pence,Christie,Scott,Burgum,Hutchinson,Hurd,Elder,Suarez,Youngkin,Ramaswamy,Trump
1.297777,Christie,Haley,Ramaswamy,Pence,Hutchinson,Youngkin,Scott,Burgum,Suarez,Hurd,DeSantis,Elder,Trump
1.004181,DeSantis,Ramaswamy,Trump,Haley,Scott,Christie,Pence,Burgum,Hurd,Elder,Suarez,Hutchinson,Youngkin
0.709101,Christie,Trump,DeSantis,Scott,Ramaswamy,Elder,Hurd,Suarez,Haley,Burgum,Youngkin,Pence,Hutchinson
1.679312,Pence,Haley,Scott,Ramaswamy,DeSantis,Christie,Burgum,Elder,Suarez,Hutchinson,Youngkin,Hurd,Trump
0.660172,Ramaswamy,Trump,DeSantis,Elder,Scott,Pence,Burgum,Haley,Hurd,Youngkin,Hutchinson,Suarez,Christie
0.81114,Hurd,Elder,Hutchinson,Scott,Suarez,Ramaswamy,Burgum,Youngkin,Haley,Christie,Pence,DeSantis,Trump
1.257506,Trump,DeSantis,Ramaswamy,Christie,Suarez,Youngkin,Scott,Hurd,Burgum,Elder,Hutchinson,Haley,Pence
0.919605,DeSantis,Scott,Trump,Ramaswamy,Pence,Elder,Hutchinson,Youngkin,Hurd,Haley,Burgum,Christie,Suarez
0.741903,Haley,Scott,Trump,Pence,DeSantis,Christie,Hutchinson,Youngkin,Elder,Suarez,Hurd,Ramaswamy,Burgum
1.420777,Trump,Pence,DeSantis,Scott,Ramaswamy,Haley,Hurd,Elder,Christie,Suarez,Burgum,Hutchinson,Youngkin
0.690412,Trump,Ramaswamy,DeSantis,Pence,Scott,Elder,Hurd,Haley,Burgum,Suarez,Hutchinson,Christie,Youngkin
1.299495,Haley,DeSantis,Youngkin,Trump,Scott,Burgum,Ramaswamy,Hutchinson,Christie,Pence,Elder,Hurd,Suarez
0.660172,Ramaswamy,Trump,DeSantis,Elder,Scott,Pence,Burgum,Haley,Hurd,Youngkin,Hutchinson,Suarez,Christie
1.101605,Trump,Ramaswamy,DeSantis,Haley,Burgum,Youngkin,Hutchinson,Suarez,Pence,Elder,Hurd,Scott,Christie
1.261425,Hurd,Suarez,Haley,Hutchinson,Christie,Burgum,Scott,Youngkin,Pence,Ramaswamy,Elder,DeSantis,Trump
0.901839,Trump,Pence,Ramaswamy,DeSantis,Hurd,Christie,Burgum,Youngkin,Scott,Suarez,Elder,Haley,Hutchinson
1.086363,Trump,Haley,DeSantis,Scott,Pence,Elder,Ramaswamy,Youngkin,Burgum,Hutchinson,Hurd,Christie,Suarez
0.773286,Christie,Scott,Haley,Elder,Ramaswamy,Hurd,Pence,Youngkin,Hutchinson,Suarez,DeSantis,Trump,Burgum
1.051336,DeSantis,Pence,Christie,Hurd,Haley,Burgum,Elder,Scott,Youngkin,Ramaswamy,Hutchinson,Suarez,Trump
1.334956,Ramaswamy,Pence,Hurd,Scott,Elder,Youngkin,Haley,Christie,DeSantis,Burgum,Suarez,Hutchinson,Trump
1.980981,Christie,Pence,Burgum,Haley,Ramaswamy,Hurd,Elder,Scott,Youngkin,Hutchinson,Suarez,Trump,DeSantis
1.237638,Trump,DeSantis,Ramaswamy,Haley,Scott,Hutchinson,Elder,Hurd,Burgum,Suarez,Christie,Youngkin,Pence
1.339645,Ramaswamy,Burgum,Haley,Hutchinson,Scott,DeSantis,Trump,Pence,Christie,Youngkin,Hurd,Suarez,Elder
1.297777,Christie,Haley,Ramaswamy,Pence,Hutchinson,Youngkin,Scott,Burgum,Suarez,Hurd,DeSantis,Elder,Trump
1.297777,Trump,DeSantis,Ramaswamy,Haley,Hutchinson,Scott,Christie,Youngkin,Elder,Hurd,Burgum,Suarez,Pence
0.823768,Trump,DeSantis,Scott,Pence,Christie,Burgum,Youngkin,Haley,Hutchinson,Suarez,Hurd,Ramaswamy,Elder
0.786484,Trump,Ramaswamy,Scott,Hurd,Burgum,DeSantis,Elder,Suarez,Hutchinson,Youngkin,Haley,Christie,Pence
1.396313,Christie,Burgum,Hurd,Hutchinson,Suarez,Elder,Youngkin,Haley,Pence,Scott,Ramaswamy,DeSantis,Trump
1.120393,Haley,DeSantis,Elder,Christie,Pence,Scott,Ramaswamy,Burgum,Hutchinson,Suarez,Youngkin,Trump,Hurd
0.63756,Trump,Christie,Ramaswamy,Youngkin,Pence,DeSantis,Hutchinson,Hurd,Elder,Haley,Suarez,Burgum,Scott
1.033456,Haley,DeSantis,Scott,Ramaswamy,Pence,Christie,Trump,Elder,Hutchinson,Burgum,Hurd,Youngkin,Suarez
1.308647,Haley,Pence,DeSantis,Elder,Hurd,Burgum,Youngkin,Hutchinson,Scott,Christie,Suarez,Trump,Ramaswamy
0.555612,Trump,Scott,Elder,Hurd,Burgum,Suarez,Youngkin,Hutchinson,DeSantis,Christie,Haley,Pence,Ramaswamy
0.708142,Elder,Scott,Haley,Pence,Suarez,Ramaswamy,Hurd,Burgum,DeSantis,Youngkin,Hutchinson,Trump,Christie
0.516129,Trump,Pence,Ramaswamy,DeSantis,Haley,Christie,Youngkin,Scott,Hutchinson,Suarez,Elder,Burgum,Hurd
0.779609,Trump,Ramaswamy,Pence,DeSantis,Elder,Suarez,Hutchinson,Scott,Youngkin,Burgum,Hurd,Christie,Haley
0.839544,Ramaswamy,Haley,Pence,Scott,Elder,Hurd,Suarez,Youngkin,Hutchinson,Burgum,Christie,DeSantis,Trump
0.564615,Scott,Ramaswamy,Pence,DeSantis,Christie,Elder,Trump,Hutchinson,Youngkin,Hurd,Haley,Suarez,Burgum
0.890183,Trump,Ramaswamy,Haley,Elder,Pence,Scott,Youngkin,Christie,Hurd,Burgum,Suarez,DeSantis,Hutchinson
0.787886,Trump,DeSantis,Suarez,Hurd,Burgum,Pence,Scott,Haley,Elder,Hutchinson,Youngkin,Christie,Ramaswamy
0.991915,Pence,Youngkin,Hutchinson,Hurd,Elder,Haley,Burgum,Ramaswamy,Christie,DeSantis,Suarez,Scott,Trump
1.317598,Trump,DeSantis,Ramaswamy,Youngkin,Haley,Elder,Suarez,Hurd,Hutchinson,Burgum,Christie,Scott,Pence
1.218747,Trump,DeSantis,Burgum,Scott,Haley,Ramaswamy,Youngkin,Elder,Suarez,Hutchinson,Hurd,Pence,Christie
0.679403,Christie,Haley,Youngkin,Pence,Burgum,Scott,Elder,Suarez,Hutchinson,Hurd,Ramaswamy,DeSantis,Trump
2.045976,Ramaswamy,Trump,DeSantis,Youngkin,Haley,Elder,Scott,Hurd,Hutchinson,Suarez,Burgum,Pence,Christie
1.084801,Trump,DeSantis,Haley,Burgum,Scott,Ramaswamy,Youngkin,Pence,Christie,Suarez,Elder,Hurd,Hutchinson
0.81823,Hutchinson,Haley,Burgum,Youngkin,Christie,Ramaswamy,Scott,Pence,Suarez,Elder,Hurd,DeSantis,Trump
1.339645,Scott,Ramaswamy,Haley,Pence,Christie,DeSantis,Hutchinson,Hurd,Suarez,Youngkin,Burgum,Elder,Trump
1.512372,Trump,Christie,Burgum,Hurd,DeSantis,Elder,Ramaswamy,Suarez,Haley,Scott,Hutchinson,Youngkin,Pence
0.930194,Ramaswamy,Youngkin,Pence,Hutchinson,Scott,Trump,Christie,Suarez,Hurd,Haley,DeSantis,Elder,Burgum
1.968129,Trump,Haley,DeSantis,Scott,Burgum,Christie,Elder,Ramaswamy,Hurd,Youngkin,Hutchinson,Suarez,Pence
2.102951,Christie,Haley,Hutchinson,Scott,Hurd,Youngkin,Suarez,Burgum,Elder,DeSantis,Pence,Ramaswamy,Trump
1.101605,Trump,Ramaswamy,DeSantis,Haley,Burgum,Youngkin,Hutchinson,Suarez,Pence,Elder,Hurd,Scott,Christie
0.697987,Trump,DeSantis,Haley,Scott,Ramaswamy,Youngkin,Elder,Hutchinson,Suarez,Hurd,Burgum,Pence,Christie
1.18741,Ramaswamy,Scott,Haley,Pence,Burgum,Hurd,Suarez,Hutchinson,Christie,Youngkin,Elder,DeSantis,Trump
0.704801,Trump,Scott,Youngkin,Burgum,Ramaswamy,Hutchinson,Hurd,Elder,Suarez,DeSantis,Christie,Pence,Haley
1.481912,Trump,DeSantis,Burgum,Haley,Scott,Youngkin,Elder,Hurd,Suarez,Hutchinson,Ramaswamy,Christie,Pence
1.261425,Hurd,Suarez,Haley,Hutchinson,Christie,Burgum,Scott,Youngkin,Pence,Ramaswamy,Elder,DeSantis,Trump
0.916252,Trump,DeSantis,Pence,Hurd,Burgum,Elder,Scott,Hutchinson,Haley,Suarez,Youngkin,Christie,Ramaswamy
0.853945,Burgum,Haley,Ramaswamy,Trump,DeSantis,Pence,Christie,Scott,Hutchinson,Youngkin,Hurd,Elder,Suarez
0.971058,Pence,Scott,Burgum,Hutchinson,Elder,Christie,Hurd,Haley,Ramaswamy,DeSantis,Youngkin,Suarez,Trump
0.722173,DeSantis,Haley,Christie,Ramaswamy,Elder,Youngkin,Hutchinson,Scott,Burgum,Suarez,Hurd,Pence,Trump
1.200697,DeSantis,Trump,Haley,Ramaswamy,Scott,Pence,Hurd,Youngkin,Christie,Burgum,Hutchinson,Elder,Suarez
0.526889,Trump,Ramaswamy,Scott,Hutchinson,Christie,Suarez,Elder,Pence,Youngkin,Haley,Burgum,Hurd,DeSantis
0.650804,Trump,Christie,Ramaswamy,Elder,Burgum,Hurd,DeSantis,Scott,Haley,Youngkin,Suarez,Hutchinson,Pence
0.837753,Trump,Ramaswamy,DeSantis,Scott,Christie,Haley,Suarez,Youngkin,Hutchinson,Pence,Burgum,Elder,Hurd
0.510624,Christie,Hurd,Youngkin,Pence,Scott,Burgum,Elder,Suarez,Haley,Hutchinson,Ramaswamy,Trump,DeSantis
0.851323,Pence,Trump,Burgum,Suarez,Hurd,Elder,Ramaswamy,Hutchinson,Haley,Youngkin,DeSantis,Scott,Christie
1.004181,Trump,Ramaswamy,Scott,Burgum,Hutchinson,Christie,Youngkin,DeSantis,Elder,Haley,Suarez,Hurd,Pence
0.718335,Trump,Ramaswamy,DeSantis,Scott,Haley,Youngkin,Elder,Hutchinson,Suarez,Hurd,Burgum,Pence,Christie
0.792237,Ramaswamy,Haley,Elder,Youngkin,Hutchinson,Burgum,Christie,Scott,Hurd,DeSantis,Suarez,Trump,Pence
1.360419,DeSantis,Ramaswamy,Scott,Youngkin,Trump,Burgum,Haley,Pence,Suarez,Hurd,Hutchinson,Christie,Elder
1.112621,Trump,DeSantis,Ramaswamy,Haley,Scott,Pence,Hurd,Youngkin,Elder,Christie,Burgum,Hutchinson,Suarez
0.925859,Trump,Pence,Ramaswamy,Hutchinson,DeSantis,Youngkin,Scott,Suarez,Elder,Burgum,Christie,Haley,Hurd
0.901839,Trump,Pence,Ramaswamy,DeSantis,Hurd,Christie,Burgum,Youngkin,Scott,Suarez,Elder,Haley,Hutchinson
1.215652,Pence,Scott,Haley,DeSantis,Christie,Hutchinson,Ramaswamy,Youngkin,Hurd,Suarez,Elder,Burgum,Trump
0.816774,Trump,Ramaswamy,DeSantis,Pence,Elder,Scott,Haley,Hurd,Suarez,Burgum,Christie,Youngkin,Hutchinson
0.671534,Scott,Pence,Trump,Suarez,Haley,Elder,Christie,Hutchinson,Youngkin,DeSantis,Burgum,Hurd,Ramaswamy
1.379506,Trump,DeSantis,Ramaswamy,Scott,Elder,Haley,Hutchinson,Burgum,Youngkin,Hurd,Suarez,Pence,Christie
0.837753,Christie,Hutchinson,Hurd,Pence,Haley,Burgum,Elder,Suarez,Youngkin,Scott,Ramaswamy,DeSantis,Trump
2.313415,Trump,DeSantis,Ramaswamy,Burgum,Haley,Hutchinson,Scott,Youngkin,Pence,Hurd,Suarez,Elder,Christie
1.82827,Christie,Youngkin,Suarez,Hutchinson,Scott,Burgum,Hurd,Elder,Ramaswamy,Haley,DeSantis,Pence,Trump
1.086363,Ramaswamy,Haley,DeSantis,Christie,Pence,Hutchinson,Scott,Suarez,Hurd,Youngkin,Burgum,Elder,Trump
1.084045,Christie,Hutchinson,Youngkin,Scott,Haley,Pence,Hurd,Burgum,Elder,Suarez,Ramaswamy,DeSantis,Trump
0.704801,Trump,Scott,Youngkin,Burgum,Ramaswamy,Hutchinson,Hurd,Elder,Suarez,DeSantis,Christie,Pence,Haley
2.728993,Haley,Christie,Youngkin,Scott,Burgum,Ramaswamy,DeSantis,Pence,Hutchinson,Suarez,Hurd,Elder,Trump
1.018243,Trump,DeSantis,Ramaswamy,Burgum,Hutchinson,Hurd,Youngkin,Suarez,Elder,Scott,Haley,Christie,Pence
1.002609,Trump,Ramaswamy,Scott,DeSantis,Elder,Hutchinson,Pence,Christie,Suarez,Youngkin,Hurd,Burgum,Haley
0.517975,DeSantis,Trump,Christie,Ramaswamy,Hutchinson,Burgum,Youngkin,Pence,Hurd,Suarez,Haley,Scott,Elder
0.568215,Ramaswamy,Trump,DeSantis,Scott,Christie,Hurd,Suarez,Burgum,Haley,Elder,Youngkin,Hutchinson,Pence
0.658711,Trump,Ramaswamy,DeSantis,Elder,Scott,Hurd,Youngkin,Burgum,Christie,Hutchinson,Haley,Suarez,Pence
0.539873,DeSantis,Trump,Burgum,Elder,Youngkin,Hurd,Christie,Scott,Ramaswamy,Pence,Suarez,Haley,Hutchinson
0.683048,Scott,Trump,Ramaswamy,DeSantis,Haley,Elder,Hurd,Christie,Youngkin,Suarez,Hutchinson,Pence,Burgum
0.65782,Ramaswamy,Haley,Hutchinson,Pence,Youngkin,Burgum,Elder,Suarez,Hurd,Christie,Scott,DeSantis,Trump
1.017577,Trump,Ramaswamy,Haley,Burgum,Suarez,Christie,Elder,Hurd,Pence,Scott,DeSantis,Hutchinson,Youngkin
0.888483,Trump,Ramaswamy,DeSantis,Haley,Scott,Christie,Burgum,Pence,Elder,Youngkin,Hutchinson,Suarez,Hurd
0.606725,Trump,Pence,Ramaswamy,Scott,Elder,Christie,Youngkin,Burgum,Hurd,Hutchinson,Suarez,Haley,DeSantis
1.164009,Ramaswamy,DeSantis,Christie,Haley,Hutchinson,Suarez,Youngkin,Hurd,Burgum,Elder,Scott,Pence,Trump
1.299495,Trump,DeSantis,Ramaswamy,Scott,Pence,Haley,Christie,Burgum,Elder,Suarez,Hurd,Youngkin,Hutchinson
2.313415,Trump,DeSantis,Ramaswamy,Burgum,Haley,Hutchinson,Scott,Youngkin,Pence,Hurd,Suarez,Elder,Christie
0.64247,Trump,Haley,Suarez,Elder,Pence,Scott,Hutchinson,DeSantis,Hurd,Christie,Youngkin,Burgum,Ramaswamy
0.708142,Trump,DeSantis,Ramaswamy,Scott,Pence,Hurd,Burgum,Suarez,Hutchinson,Elder,Christie,Youngkin,Haley
1.980981,DeSantis,Haley,Pence,Christie,Scott,Burgum,Hutchinson,Hurd,Elder,Suarez,Youngkin,Ramaswamy,Trump
0.729306,Trump,Haley,Ramaswamy,Pence,Scott,DeSantis,Burgum,Elder,Suarez,Youngkin,Hutchinson,Hurd,Christie
0.555612,Trump,Scott,Elder,Hurd,Burgum,Suarez,Youngkin,Hutchinson,DeSantis,Christie,Haley,Pence,Ramaswamy
1.069759,Trump,Haley,Ramaswamy,DeSantis,Scott,Youngkin,Pence,Suarez,Burgum,Elder,Hurd,Hutchinson,Christie
0.817814,Pence,Scott,Trump,Hurd,Hutchinson,Elder,Burgum,Christie,Suarez,DeSantis,Youngkin,Haley,Ramaswamy
0.826713,Trump,DeSantis,Haley,Ramaswamy,Scott,Pence,Elder,Hurd,Burgum,Hutchinson,Youngkin,Suarez,Christie
0.654717,Trump,Ramaswamy,Christie,Scott,Hutchinson,Suarez,Elder,Burgum,Pence,DeSantis,Hurd,Youngkin,Haley
1.299495,Trump,DeSantis,Ramaswamy,Scott,Pence,Haley,Christie,Burgum,Elder,Suarez,Hurd,Youngkin,Hutchinson
0.812586,Trump,DeSantis,Ramaswamy,Haley,Youngkin,Scott,Pence,Burgum,Christie,Elder,Hutchinson,Suarez,Hurd
0.798657,Trump,Scott,DeSantis,Haley,Ramaswamy,Christie,Elder,Hurd,Youngkin,Suarez,Burgum,Hutchinson,Pence
0.960405,Christie,Haley,Ramaswamy,Burgum,Pence,Scott,Elder,Suarez,Hurd,Youngkin,Hutchinson,DeSantis,Trump
0.81114,Christie,DeSantis,Scott,Suarez,Haley,Hurd,Trump,Hutchinson,Burgum,Pence,Elder,Ramaswamy,Youngkin
1.376605,Trump,DeSantis,Ramaswamy,Scott,Christie,Pence,Haley,Hurd,Youngkin,Hutchinson,Suarez,Elder,Burgum
0.660157,DeSantis,Haley,Pence,Scott,Trump,Youngkin,Hutchinson,Elder,Ramaswamy,Burgum,Suarez,Christie,Hurd
1.217557,Haley,Christie,Pence,Scott,Burgum,Youngkin,Suarez,Hurd,Elder,Hutchinson,DeSantis,Ramaswamy,Trump
0.839544,Trump,Scott,Ramaswamy,Elder,Haley,Youngkin,Suarez,Hutchinson,Burgum,Hurd,DeSantis,Pence,Christie
0.636425,Trump,DeSantis,Pence,Haley,Christie,Youngkin,Ramaswamy,Hurd,Burgum,Scott,Suarez,Elder,Hutchinson
0.555612,DeSantis,Trump,Pence,Scott,Christie,Elder,Youngkin,Burgum,Ramaswamy,Hutchinson,Hurd,Suarez,Haley
1.980981,DeSantis,Haley,Pence,Christie,Scott,Burgum,Hutchinson,Hurd,Elder,Suarez,Youngkin,Ramaswamy,Trump
1.444802,Haley,Scott,Trump,Youngkin,Ramaswamy,DeSantis,Hutchinson,Pence,Burgum,Suarez,Hurd,Christie,Elder
2.102951,Trump,Haley,DeSantis,Pence,Christie,Ramaswamy,Hurd,Scott,Youngkin,Elder,Hutchinson,Burgum,Suarez
0.709101,Scott,DeSantis,Burgum,Christie,Hutchinson,Elder,Ramaswamy,Trump,Hurd,Pence,Youngkin,Haley,Suarez
1.253053,Trump,DeSantis,Pence,Haley,Scott,Ramaswamy,Youngkin,Burgum,Elder,Hurd,Suarez,Hutchinson,Christie
0.888483,Trump,Ramaswamy,DeSantis,Haley,Scott,Christie,Burgum,Pence,Elder,Youngkin,Hutchinson,Suarez,Hurd
0.718335,DeSantis,Ramaswamy,Haley,Scott,Pence,Elder,Youngkin,Hurd,Suarez,Burgum,Christie,Hutchinson,Trump
0.929519,Trump,DeSantis,Haley,Scott,Ramaswamy,Youngkin,Pence,Christie,Burgum,Hutchinson,Elder,Suarez,Hurd
0.762857,Trump,DeSantis,Ramaswamy,Pence,Hutchinson,Elder,Youngkin,Christie,Burgum,Hurd,Suarez,Scott,Haley
1.04502,Christie,Hutchinson,Scott,Pence,Hurd,Youngkin,Haley,Burgum,Elder,Suarez,Ramaswamy,DeSantis,Trump
0.823768,Ramaswamy,Haley,Scott,Youngkin,Hurd,Burgum,DeSantis,Trump,Hutchinson,Elder,Suarez,Christie,Pence
0.567195,Trump,Hurd,Elder,Ramaswamy,Christie,Youngkin,Pence,Hutchinson,Haley,Burgum,Suarez,DeSantis,Scott
0.741903,Ramaswamy,Christie,Elder,Youngkin,DeSantis,Burgum,Haley,Scott,Hurd,Pence,Suarez,Hutchinson,Trump
1.334956,Trump,Scott,DeSantis,Pence,Haley,Ramaswamy,Elder,Hurd,Burgum,Youngkin,Suarez,Hutchinson,Christie
1.112621,Trump,DeSantis,Ramaswamy,Haley,Scott,Pence,Hurd,Youngkin,Elder,Christie,Burgum,Hutchinson,Suarez
0.960016,Trump,Scott,Youngkin,Haley,DeSantis,Ramaswamy,Burgum,Suarez,Hurd,Elder,Pence,Hutchinson,Christie
0.768818,Ramaswamy,DeSantis,Haley,Burgum,Scott,Christie,Youngkin,Hutchinson,Hurd,Elder,Suarez,Pence,Trump
1.281476,Trump,Ramaswamy,DeSantis,Haley,Scott,Hutchinson,Elder,Youngkin,Burgum,Suarez,Pence,Christie,Hurd
1.424811,Haley,Christie,Burgum,Hutchinson,Hurd,Elder,Suarez,Youngkin,Scott,DeSantis,Ramaswamy,Pence,Trump
0.555612,Trump,Scott,Elder,Hurd,Burgum,Suarez,Youngkin,Hutchinson,DeSantis,Christie,Haley,Pence,Ramaswamy
0.868636,Trump,Ramaswamy,Pence,Scott,Suarez,Burgum,Hurd,DeSantis,Youngkin,Christie,Elder,Hutchinson,Haley
0.639186,Hutchinson,Pence,Haley,Ramaswamy,Youngkin,Christie,Elder,Trump,Scott,DeSantis,Hurd,Suarez,Burgum
0.73399,Trump,DeSantis,Ramaswamy,Pence,Christie,Haley,Scott,Youngkin,Elder,Hutchinson,Burgum,Suarez,Hurd
1.149689,Haley,Christie,Pence,Scott,Burgum,Youngkin,Hutchinson,Elder,Hurd,DeSantis,Ramaswamy,Suarez,Trump
0.899549,Ramaswamy,Pence,Haley,Christie,Scott,Youngkin,Trump,DeSantis,Elder,Burgum,Hutchinson,Hurd,Suarez
0.813634,Haley,Ramaswamy,Pence,Scott,Burgum,Suarez,Hutchinson,Christie,Youngkin,Elder,Hurd,DeSantis,Trump
0.798657,DeSantis,Burgum,Haley,Elder,Youngkin,Hurd,Suarez,Ramaswamy,Christie,Pence,Hutchinson,Scott,Trump
2.480722,Trump,Haley,DeSantis,Pence,Ramaswamy,Elder,Hutchinson,Burgum,Suarez,Hurd,Christie,Scott,Youngkin
1.218747,Trump,DeSantis,Burgum,Scott,Haley,Ramaswamy,Youngkin,Elder,Suarez,Hutchinson,Hurd,Pence,Christie
0.81114,Trump,DeSantis,Ramaswamy,Haley,Scott,Pence,Youngkin,Burgum,Hutchinson,Christie,Elder,Hurd,Suarez
0.996977,Haley,Scott,Christie,Pence,DeSantis,Hutchinson,Burgum,Hurd,Elder,Youngkin,Suarez,Ramaswamy,Trump
1.158692,Hutchinson,Christie,Hurd,Burgum,Pence,Scott,Haley,Suarez,Youngkin,Elder,DeSantis,Ramaswamy,Trump
1.342131,Trump,Scott,DeSantis,Youngkin,Ramaswamy,Hutchinson,Elder,Haley,Burgum,Suarez,Hurd,Pence,Christie
0.93342,Christie,DeSantis,Ramaswamy,Pence,Trump,Scott,Haley,Elder,Youngkin,Burgum,Hurd,Hutchinson,Suarez
0.992095,Trump,Pence,Christie,Ramaswamy,Hutchinson,Haley,Scott,DeSantis,Elder,Hurd,Suarez,Youngkin,Burgum
1.200697,DeSantis,Trump,Haley,Ramaswamy,Scott,Pence,Hurd,Youngkin,Christie,Burgum,Hutchinson,Elder,Suarez
0.962767,Haley,Pence,DeSantis,Youngkin,Scott,Hurd,Elder,Hutchinson,Suarez,Burgum,Christie,Trump,Ramaswamy
1.049608,Trump,Ramaswamy,Scott,Haley,Elder,DeSantis,Pence,Burgum,Hurd,Youngkin,Hutchinson,Christie,Suarez
2.220458,Trump,DeSantis,Haley,Ramaswamy,Elder,Scott,Pence,Youngkin,Burgum,Hurd,Suarez,Hutchinson,Christie
1.036417,Haley,Christie,DeSantis,Pence,Hutchinson,Youngkin,Burgum,Hurd,Suarez,Ramaswamy,Scott,Elder,Trump
0.916252,Trump,DeSantis,Pence,Hurd,Burgum,Elder,Scott,Hutchinson,Haley,Suarez,Youngkin,Christie,Ramaswamy
1.095555,Trump,DeSantis,Ramaswamy,Scott,Haley,Burgum,Hutchinson,Hurd,Elder,Youngkin,Suarez,Pence,Christie
1.345458,Haley,Ramaswamy,Suarez,Christie,Hutchinson,Scott,Youngkin,Burgum,Hurd,Elder,DeSantis,Pence,Trump
0.654717,Trump,Ramaswamy,Christie,Scott,Hutchinson,Suarez,Elder,Burgum,Pence,DeSantis,Hurd,Youngkin,Haley
1.219104,DeSantis,Trump,Haley,Ramaswamy,Youngkin,Burgum,Hutchinson,Hurd,Scott,Suarez,Elder,Christie,Pence
0.792237,Ramaswamy,Haley,Elder,Youngkin,Hutchinson,Burgum,Christie,Scott,Hurd,DeSantis,Suarez,Trump,Pence
0.761663,DeSantis,Youngkin,Haley,Pence,Scott,Christie,Burgum,Trump,Hutchinson,Hurd,Elder,Suarez,Ramaswamy
0.567195,Youngkin,Hurd,Suarez,Ramaswamy,Scott,Elder,Christie,Burgum,DeSantis,Haley,Hutchinson,Pence,Trump
1.048733,Trump,Ramaswamy,DeSantis,Burgum,Haley,Scott,Pence,Hutchinson,Elder,Suarez,Youngkin,Hurd,Christie
1.270672,DeSantis,Trump,Haley,Ramaswamy,Scott,Youngkin,Pence,Hurd,Burgum,Hutchinson,Elder,Christie,Suarez
0.823768,Trump,Ramaswamy,Haley,Burgum,Christie,Suarez,Pence,Hutchinson,Youngkin,Elder,Scott,Hurd,DeSantis
0.825865,Ramaswamy,Trump,Haley,DeSantis,Pence,Scott,Christie,Youngkin,Suarez,Hutchinson,Elder,Burgum,Hurd
1.669118,Trump,DeSantis,Haley,Scott,Ramaswamy,Pence,Youngkin,Burgum,Christie,Elder,Suarez,Hurd,Hutchinson
1.014141,Trump,Youngkin,Ramaswamy,Scott,Elder,DeSantis,Haley,Burgum,Suarez,Pence,Hutchinson,Hurd,Christie
1.023323,DeSantis,Trump,Scott,Christie,Youngkin,Hutchinson,Burgum,Suarez,Haley,Elder,Pence,Hurd,Ramaswamy
1.122006,Trump,Haley,DeSantis,Youngkin,Burgum,Hurd,Hutchinson,Scott,Suarez,Elder,Pence,Christie,Ramaswamy
1.103994,Christie,Pence,Haley,Hutchinson,Hurd,Suarez,Burgum,Elder,Youngkin,Scott,Ramaswamy,DeSantis,Trump
2.040183,Ramaswamy,Haley,Scott,Suarez,Hutchinson,Youngkin,Elder,Hurd,Burgum,Pence,Christie,DeSantis,Trump
0.899549,Ramaswamy,Trump,Hutchinson,Elder,Suarez,Youngkin,Burgum,Christie,Scott,Haley,DeSantis,Pence,Hurd
1.247329,DeSantis,Youngkin,Haley,Scott,Elder,Suarez,Hutchinson,Burgum,Ramaswamy,Hurd,Trump,Pence,Christie
0.708142,Trump,DeSantis,Ramaswamy,Pence,Suarez,Christie,Haley,Scott,Hurd,Hutchinson,Youngkin,Burgum,Elder
0.773286,Christie,Scott,Haley,Elder,Ramaswamy,Hurd,Pence,Youngkin,Hutchinson,Suarez,DeSantis,Trump,Burgum
0.650804,DeSantis,Trump,Ramaswamy,Pence,Hutchinson,Suarez,Hurd,Haley,Youngkin,Elder,Burgum,Christie,Scott
2.728993,Haley,Christie,Youngkin,Scott,Burgum,Ramaswamy,DeSantis,Pence,Hutchinson,Suarez,Hurd,Elder,Trump
0.741903,Haley,Scott,Trump,Pence,DeSantis,Christie,Hutchinson,Youngkin,Elder,Suarez,Hurd,Ramaswamy,Burgum
1.132141,Trump,Ramaswamy,Haley,Hutchinson,Scott,Hurd,Christie,DeSantis,Burgum,Youngkin,Pence,Suarez,Elder
0.87319,Trump,DeSantis,Ramaswamy,Haley,Pence,Christie,Youngkin,Scott,Hutchinson,Burgum,Hurd,Suarez,Elder
0.868636,Trump,Ramaswamy,Pence,Scott,Suarez,Burgum,Hurd,DeSantis,Youngkin,Christie,Elder,Hutchinson,Haley
0.58281,Haley,Trump,Suarez,Scott,Youngkin,Burgum,Elder,Christie,Hurd,Hutchinson,Pence,Ramaswamy,DeSantis
1.753818,Trump,Ramaswamy,DeSantis,Elder,Scott,Youngkin,Haley,Hurd,Burgum,Suarez,Hutchinson,Christie,Pence
1.134561,Haley,Christie,Scott,Burgum,Hutchinson,Suarez,Youngkin,Hurd,Pence,Elder,DeSantis,Ramaswamy,Trump
0.746623,Pence,Trump,Ramaswamy,Youngkin,Suarez,Hurd,Hutchinson,Christie,Elder,Burgum,DeSantis,Haley,Scott
0.960016,Trump,Ramaswamy,DeSantis,Burgum,Scott,Elder,Haley,Hurd,Suarez,Youngkin,Pence,Hutchinson,Christie
0.710658,Trump,Ramaswamy,Pence,Elder,Haley,Scott,Burgum,Hutchinson,Hurd,Christie,Youngkin,Suarez,DeSantis
0.6612,Ramaswamy,Pence,DeSantis,Burgum,Youngkin,Hutchinson,Hurd,Christie,Suarez,Scott,Haley,Elder,Trump
1.559977,Trump,Ramaswamy,Scott,Burgum,DeSantis,Haley,Christie,Suarez,Pence,Hutchinson,Elder,Hurd,Youngkin
1.478149,Ramaswamy,Pence,DeSantis,Scott,Haley,Hurd,Burgum,Suarez,Elder,Hutchinson,Youngkin,Christie,Trump
1.000625,Hutchinson,Hurd,Scott,Christie,Pence,Burgum,Haley,Youngkin,Elder,Suarez,Ramaswamy,DeSantis,Trump
1.137748,Trump,Ramaswamy,Scott,Haley,Burgum,Hutchinson,Christie,Hurd,Elder,Suarez,Youngkin,DeSantis,Pence
0.773286,Ramaswamy,Hutchinson,Burgum,Youngkin,Suarez,Scott,Hurd,Elder,Pence,Christie,DeSantis,Haley,Trump
2.220458,Trump,DeSantis,Haley,Ramaswamy,Elder,Scott,Pence,Youngkin,Burgum,Hurd,Suarez,Hutchinson,Christie
1.149689,Trump,DeSantis,Youngkin,Elder,Burgum,Scott,Haley,Suarez,Hutchinson,Hurd,Ramaswamy,Christie,Pence
0.919605,DeSantis,Trump,Pence,Ramaswamy,Elder,Burgum,Scott,Youngkin,Hutchinson,Suarez,Hurd,Haley,Christie
0.798657,Christie,Pence,DeSantis,Haley,Hutchinson,Hurd,Scott,Suarez,Youngkin,Ramaswamy,Burgum,Elder,Trump
1.122006,Trump,Scott,Haley,Ramaswamy,DeSantis,Pence,Christie,Burgum,Youngkin,Hurd,Suarez,Hutchinson,Elder
0.58281,Haley,Trump,Suarez,Scott,Youngkin,Burgum,Elder,Christie,Hurd,Hutchinson,Pence,Ramaswamy,DeSantis
1.22744,Haley,Scott,Pence,Burgum,Ramaswamy,Hutchinson,Youngkin,Hurd,Elder,Suarez,DeSantis,Christie,Trump
0.720887,Trump,Scott,Ramaswamy,Haley,Elder,Youngkin,DeSantis,Hutchinson,Hurd,Pence,Suarez,Christie,Burgum
0.690412,DeSantis,Scott,Youngkin,Haley,Trump,Ramaswamy,Hutchinson,Burgum,Elder,Suarez,Hurd,Christie,Pence
1.04502,Scott,Christie,Trump,Ramaswamy,Haley,Suarez,Youngkin,Hurd,Hutchinson,Pence,Burgum,Elder,DeSantis
0.624392,Trump,Ramaswamy,Christie,DeSantis,Scott,Suarez,Pence,Haley,Hutchinson,Elder,Hurd,Burgum,Youngkin
0.741903,Haley,Scott,Trump,Pence,DeSantis,Christie,Hutchinson,Youngkin,Elder,Suarez,Hurd,Ramaswamy,Burgum
0.971058,Pence,Scott,Burgum,Hutchinson,Elder,Christie,Hurd,Haley,Ramaswamy,DeSantis,Youngkin,Suarez,Trump
1.002609,Trump,Scott,Haley,DeSantis,Ramaswamy,Pence,Christie,Elder,Youngkin,Hutchinson,Suarez,Hurd,Burgum
1.017577,Trump,Haley,Scott,Ramaswamy,DeSantis,Burgum,Pence,Hurd,Youngkin,Elder,Suarez,Hutchinson,Christie
1.339645,Scott,Ramaswamy,Haley,Pence,Christie,DeSantis,Hutchinson,Hurd,Suarez,Youngkin,Burgum,Elder,Trump
0.798657,DeSantis,Ramaswamy,Haley,Scott,Trump,Christie,Burgum,Elder,Hurd,Hutchinson,Youngkin,Pence,Suarez
1.158692,Trump,Ramaswamy,Suarez,Haley,Christie,Pence,Scott,Elder,Burgum,DeSantis,Hurd,Hutchinson,Youngkin
0.722173,Trump,Ramaswamy,DeSantis,Hutchinson,Hurd,Suarez,Pence,Elder,Christie,Scott,Youngkin,Haley,Burgum
0.606725,Trump,Pence,Ramaswamy,Scott,Elder,Christie,Youngkin,Burgum,Hurd,Hutchinson,Suarez,Haley,DeSantis
0.56361,Ramaswamy,Trump,DeSantis,Haley,Scott,Youngkin,Elder,Burgum,Hurd,Hutchinson,Christie,Suarez,Pence
0.919605,DeSantis,Trump,Pence,Ramaswamy,Elder,Burgum,Scott,Youngkin,Hutchinson,Suarez,Hurd,Haley,Christie
1.004181,Trump,Ramaswamy,Scott,Burgum,Hutchinson,Christie,Youngkin,DeSantis,Elder,Haley,Suarez,Hurd,Pence
1.218747,Trump,DeSantis,Burgum,Scott,Haley,Ramaswamy,Youngkin,Elder,Suarez,Hutchinson,Hurd,Pence,Christie
0.806909,Ramaswamy,Trump,DeSantis,Elder,Haley,Scott,Pence,Hutchinson,Youngkin,Burgum,Hurd,Suarez,Christie
1.372707,Christie,Pence,DeSantis,Ramaswamy,Elder,Scott,Hurd,Youngkin,Hutchinson,Haley,Suarez,Burgum,Trump
1.270672,Ramaswamy,Trump,DeSantis,Scott,Haley,Burgum,Youngkin,Pence,Hutchinson,Elder,Hurd,Suarez,Christie
0.929519,Trump,DeSantis,Ramaswamy,Scott,Haley,Elder,Hutchinson,Burgum,Youngkin,Pence,Hurd,Suarez,Christie
0.875626,Ramaswamy,Christie,Haley,Pence,Hurd,Scott,Elder,DeSantis,Youngkin,Trump,Hutchinson,Burgum,Suarez
1.215652,Trump,DeSantis,Pence,Christie,Youngkin,Scott,Haley,Hutchinson,Hurd,Elder,Suarez,Ramaswamy,Burgum
1.753818,Trump,Ramaswamy,DeSantis,Elder,Scott,Youngkin,Haley,Hurd,Burgum,Suarez,Hutchinson,Christie,Pence
1.200697,DeSantis,Ramaswamy,Pence,Hutchinson,Hurd,Christie,Youngkin,Haley,Burgum,Elder,Suarez,Scott,Trump
0.886527,Christie,Suarez,DeSantis,Hutchinson,Hurd,Elder,Scott,Youngkin,Pence,Haley,Burgum,Ramaswamy,Trump
1.048733,Trump,Ramaswamy,DeSantis,Burgum,Haley,Scott,Pence,Hutchinson,Elder,Suarez,Youngkin,Hurd,Christie
1.131761,DeSantis,Trump,Pence,Elder,Christie,Suarez,Burgum,Youngkin,Haley,Scott,Ramaswamy,Hutchinson,Hurd
1.164009,Christie,Haley,DeSantis,Scott,Ramaswamy,Youngkin,Pence,Burgum,Hutchinson,Hurd,Suarez,Elder,Trump
1.068725,Trump,DeSantis,Ramaswamy,Elder,Scott,Pence,Hurd,Youngkin,Haley,Hutchinson,Burgum,Christie,Suarez
1.314392,Hutchinson,Christie,Hurd,Suarez,Burgum,Youngkin,Haley,Scott,Pence,Ramaswamy,Elder,DeSantis,Trump
0.792237,Trump,DeSantis,Scott,Ramaswamy,Elder,Youngkin,Christie,Burgum,Pence,Suarez,Hurd,Hutchinson,Haley
0.798657,Christie,Pence,DeSantis,Haley,Hutchinson,Hurd,Scott,Suarez,Youngkin,Ramaswamy,Burgum,Elder,Trump
1.533806,Trump,Ramaswamy,DeSantis,Haley,Scott,Christie,Pence,Suarez,Youngkin,Elder,Hurd,Burgum,Hutchinson
1.002609,Christie,Haley,Suarez,Hutchinson,Pence,Burgum,Elder,Youngkin,Hurd,Scott,Ramaswamy,DeSantis,Trump
0.93342,Trump,Pence,Hutchinson,Scott,DeSantis,Burgum,Ramaswamy,Elder,Hurd,Youngkin,Christie,Suarez,Haley
0.552991,Trump,DeSantis,Scott,Ramaswamy,Hutchinson,Haley,Christie,Youngkin,Hurd,Elder,Burgum,Suarez,Pence
0.825865,Trump,Pence,DeSantis,Ramaswamy,Haley,Scott,Youngkin,Elder,Burgum,Hutchinson,Hurd,Suarez,Christie
0.880236,Trump,Christie,Elder,Suarez,Haley,Burgum,Scott,Hurd,Youngkin,Hutchinson,DeSantis,Ramaswamy,Pence
1.112621,Trump,DeSantis,Ramaswamy,Haley,Scott,Pence,Hurd,Youngkin,Elder,Christie,Burgum,Hutchinson,Suarez
0.567195,Trump,Hurd,Elder,Ramaswamy,Christie,Youngkin,Pence,Hutchinson,Haley,Burgum,Suarez,DeSantis,Scott
1.376605,Haley,Christie,Elder,Hutchinson,Hurd,Youngkin,Burgum,Pence,Scott,Suarez,Ramaswamy,DeSantis,Trump
0.68511,Pence,Ramaswamy,Trump,Scott,Haley,DeSantis,Hurd,Christie,Youngkin,Hutchinson,Burgum,Elder,Suarez
0.724205,Christie,Haley,Pence,Youngkin,Scott,Suarez,Hutchinson,Hurd,Elder,Burgum,Ramaswamy,DeSantis,Trump
1.334956,Trump,Scott,DeSantis,Pence,Haley,Ramaswamy,Elder,Hurd,Burgum,Youngkin,Suarez,Hutchinson,Christie
0.839544,Ramaswamy,Haley,Pence,Scott,Elder,Hurd,Suarez,Youngkin,Hutchinson,Burgum,Christie,DeSantis,Trump
1.101605,Trump,Ramaswamy,DeSantis,Haley,Burgum,Youngkin,Hutchinson,Suarez,Pence,Elder,Hurd,Scott,Christie
0.812586,Trump,DeSantis,Ramaswamy,Haley,Youngkin,Scott,Pence,Burgum,Christie,Elder,Hutchinson,Suarez,Hurd
1.217557,Haley,Christie,Pence,Scott,Burgum,Youngkin,Suarez,Hurd,Elder,Hutchinson,DeSantis,Ramaswamy,Trump
1.332874,Trump,Ramaswamy,Haley,Scott,Burgum,Elder,Hutchinson,DeSantis,Suarez,Youngkin,Pence,Hurd,Christie
0.709101,Scott,DeSantis,Burgum,Christie,Hutchinson,Elder,Ramaswamy,Trump,Hurd,Pence,Youngkin,Haley,Suarez
0.58281,Trump,Haley,Elder,Ramaswamy,DeSantis,Pence,Suarez,Youngkin,Hutchinson,Hurd,Scott,Christie,Burgum
0.516129,Trump,Pence,Ramaswamy,DeSantis,Haley,Christie,Youngkin,Scott,Hutchinson,Suarez,Elder,Burgum,Hurd
1.278271,DeSantis,Scott,Trump,Ramaswamy,Haley,Pence,Hutchinson,Elder,Hurd,Suarez,Youngkin,Burgum,Christie
1.546149,Trump,DeSantis,Haley,Pence,Ramaswamy,Scott,Youngkin,Elder,Burgum,Hutchinson,Suarez,Hurd,Christie
0.751381,Ramaswamy,DeSantis,Scott,Burgum,Pence,Haley,Trump,Youngkin,Hutchinson,Christie,Suarez,Elder,Hurd
1.084045,Trump,Haley,Burgum,DeSantis,Youngkin,Scott,Elder,Suarez,Hutchinson,Ramaswamy,Pence,Hurd,Christie
0.91927,Trump,Pence,Scott,Burgum,Hurd,Elder,Christie,DeSantis,Youngkin,Ramaswamy,Suarez,Hutchinson,Haley
0.929519,Trump,DeSantis,Scott,Hutchinson,Ramaswamy,Elder,Hurd,Suarez,Burgum,Youngkin,Haley,Pence,Christie
1.261425,Hurd,Suarez,Haley,Hutchinson,Christie,Burgum,Scott,Youngkin,Pence,Ramaswamy,Elder,DeSantis,Trump
2.040183,Ramaswamy,DeSantis,Trump,Pence,Hurd,Hutchinson,Elder,Burgum,Scott,Suarez,Haley,Youngkin,Christie
0.81114,Trump,DeSantis,Ramaswamy,Haley,Scott,Pence,Youngkin,Burgum,Hutchinson,Christie,Elder,Hurd,Suarez
0.778987,Trump,Pence,Elder,Scott,Christie,Burgum,Haley,Youngkin,Suarez,Hurd,DeSantis,Hutchinson,Ramaswamy
0.839544,Ramaswamy,Haley,Pence,Scott,Elder,Hurd,Suarez,Youngkin,Hutchinson,Burgum,Christie,DeSantis,Trump
0.718335,Christie,Haley,Burgum,Youngkin,Elder,Hutchinson,Hurd,Pence,Suarez,Ramaswamy,Scott,DeSantis,Trump
1.376605,Christie,Haley,Hutchinson,Scott,DeSantis,Burgum,Elder,Suarez,Hurd,Youngkin,Pence,Ramaswamy,Trump
1.134561,Haley,Pence,DeSantis,Christie,Trump,Burgum,Scott,Ramaswamy,Hurd,Youngkin,Elder,Suarez,Hutchinson
1.166972,Ramaswamy,DeSantis,Haley,Pence,Hutchinson,Elder,Suarez,Hurd,Burgum,Scott,Youngkin,Christie,Trump
0.649364,Ramaswamy,Suarez,DeSantis,Burgum,Pence,Hutchinson,Scott,Elder,Hurd,Haley,Youngkin,Trump,Christie
0.800433,Trump,DeSantis,Ramaswamy,Pence,Scott,Elder,Haley,Burgum,Hurd,Youngkin,Christie,Hutchinson,Suarez
0.660157,DeSantis,Haley,Pence,Scott,Trump,Youngkin,Hutchinson,Elder,Ramaswamy,Burgum,Suarez,Christie,Hurd
1.068725,Ramaswamy,Haley,Youngkin,Suarez,Elder,Hutchinson,Christie,Pence,Burgum,Scott,DeSantis,Hurd,Trump
0.819929,DeSantis,Trump,Pence,Ramaswamy,Elder,Burgum,Youngkin,Hutchinson,Scott,Hurd,Haley,Suarez,Christie
1.002609,Trump,DeSantis,Haley,Scott,Ramaswamy,Elder,Pence,Youngkin,Burgum,Suarez,Hurd,Christie,Hutchinson
0.731376,Scott,Haley,Trump,Ramaswamy,DeSantis,Pence,Christie,Hutchinson,Youngkin,Suarez,Burgum,Hurd,Elder
0.813634,Haley,Ramaswamy,Pence,Scott,Burgum,Suarez,Hutchinson,Christie,Youngkin,Elder,Hurd,DeSantis,Trump
0.903768,Pence,Haley,DeSantis,Scott,Ramaswamy,Youngkin,Suarez,Burgum,Elder,Hutchinson,Hurd,Christie,Trump
0.95645,Ramaswamy,Pence,Trump,DeSantis,Burgum,Hutchinson,Hurd,Christie,Youngkin,Scott,Elder,Haley,Suarez
1.112621,Trump,DeSantis,Ramaswamy,Haley,Scott,Pence,Hurd,Youngkin,Elder,Christie,Burgum,Hutchinson,Suarez
0.654717,Trump,Ramaswamy,Christie,Scott,Hutchinson,Suarez,Elder,Burgum,Pence,DeSantis,Hurd,Youngkin,Haley
0.690412,Haley,Suarez,Burgum,Pence,Christie,Trump,Ramaswamy,Hutchinson,Hurd,Scott,DeSantis,Youngkin,Elder
1.084801,Ramaswamy,Haley,Christie,Burgum,Hutchinson,Elder,Scott,Pence,DeSantis,Youngkin,Hurd,Suarez,Trump
0.987831,Trump,Ramaswamy,Haley,Pence,Hutchinson,Elder,Suarez,Christie,Scott,Hurd,Youngkin,DeSantis,Burgum
1.18741,DeSantis,Haley,Scott,Trump,Burgum,Ramaswamy,Christie,Pence,Youngkin,Hutchinson,Hurd,Suarez,Elder
1.245109,DeSantis,Trump,Ramaswamy,Haley,Scott,Burgum,Youngkin,Elder,Pence,Suarez,Hurd,Hutchinson,Christie
2.045976,DeSantis,Haley,Scott,Ramaswamy,Trump,Burgum,Youngkin,Pence,Elder,Hutchinson,Suarez,Hurd,Christie
0.825865,Trump,Pence,DeSantis,Ramaswamy,Haley,Scott,Youngkin,Elder,Burgum,Hutchinson,Hurd,Suarez,Christie
1.134561,Trump,Ramaswamy,DeSantis,Christie,Burgum,Haley,Pence,Elder,Hutchinson,Scott,Suarez,Youngkin,Hurd
0.64247,Trump,Haley,Suarez,Elder,Pence,Scott,Hutchinson,DeSantis,Hurd,Christie,Youngkin,Burgum,Ramaswamy
0.868636,Trump,Pence,Christie,Hurd,DeSantis,Burgum,Scott,Hutchinson,Suarez,Elder,Youngkin,Ramaswamy,Haley
0.917948,DeSantis,Trump,Haley,Youngkin,Scott,Burgum,Hutchinson,Elder,Hurd,Pence,Suarez,Ramaswamy,Christie
0.621594,Trump,DeSantis,Ramaswamy,Scott,Youngkin,Elder,Burgum,Haley,Suarez,Christie,Pence,Hutchinson,Hurd
0.65782,Ramaswamy,Youngkin,Scott,Burgum,Suarez,Hutchinson,Hurd,Haley,Elder,Pence,Christie,DeSantis,Trump
0.960405,Christie,Haley,Ramaswamy,Burgum,Pence,Scott,Elder,Suarez,Hurd,Youngkin,Hutchinson,DeSantis,Trump
0.779609,Trump,Ramaswamy,Pence,DeSantis,Elder,Suarez,Hutchinson,Scott,Youngkin,Burgum,Hurd,Christie,Haley
1.002609,Trump,Scott,Haley,DeSantis,Ramaswamy,Pence,Christie,Elder,Youngkin,Hutchinson,Suarez,Hurd,Burgum
1.04502,Ramaswamy,DeSantis,Christie,Pence,Haley,Hutchinson,Scott,Youngkin,Burgum,Elder,Suarez,Trump,Hurd
1.434836,DeSantis,Burgum,Ramaswamy,Youngkin,Haley,Scott,Trump,Elder,Pence,Suarez,Hurd,Christie,Hutchinson
0.81114,Ramaswamy,Trump,Elder,DeSantis,Haley,Youngkin,Burgum,Scott,Hurd,Suarez,Hutchinson,Pence,Christie
1.200697,DeSantis,Ramaswamy,Pence,Hutchinson,Hurd,Christie,Youngkin,Haley,Burgum,Elder,Suarez,Scott,Trump
0.839544,Trump,Ramaswamy,DeSantis,Youngkin,Scott,Suarez,Elder,Haley,Burgum,Hurd,Pence,Hutchinson,Christie
1.221353,Trump,DeSantis,Ramaswamy,Pence,Burgum,Christie,Youngkin,Haley,Hurd,Hutchinson,Elder,Scott,Suarez
0.743226,Pence,Ramaswamy,Trump,DeSantis,Christie,Suarez,Hutchinson,Youngkin,Haley,Hurd,Scott,Elder,Burgum
0.741903,DeSantis,Pence,Haley,Ramaswamy,Trump,Christie,Elder,Scott,Hutchinson,Hurd,Youngkin,Suarez,Burgum
0.671534,Scott,Pence,Trump,Suarez,Haley,Elder,Christie,Hutchinson,Youngkin,DeSantis,Burgum,Hurd,Ramaswamy
0.724205,Trump,Ramaswamy,DeSantis,Scott,Burgum,Haley,Youngkin,Elder,Hurd,Suarez,Hutchinson,Pence,Christie
0.970759,Trump,Ramaswamy,DeSantis,Scott,Elder,Hutchinson,Hurd,Pence,Youngkin,Burgum,Christie,Suarez,Haley
0.868636,Trump,Pence,Christie,Scott,Youngkin,DeSantis,Hurd,Elder,Haley,Burgum,Hutchinson,Suarez,Ramaswamy
1.122006,Trump,Haley,DeSantis,Youngkin,Burgum,Hurd,Hutchinson,Scott,Suarez,Elder,Pence,Christie,Ramaswamy
1.137748,Trump,DeSantis,Ramaswamy,Haley,Scott,Pence,Hurd,Youngkin,Burgum,Elder,Hutchinson,Suarez,Christie
1.134561,Haley,DeSantis,Ramaswamy,Pence,Scott,Elder,Youngkin,Trump,Christie,Hutchinson,Burgum,Hurd,Suarez
1.002609,Trump,Ramaswamy,DeSantis,Hutchinson,Pence,Christie,Haley,Hurd,Elder,Scott,Youngkin,Burgum,Suarez
1.372707,Christie,Pence,DeSantis,Ramaswamy,Elder,Scott,Hurd,Youngkin,Hutchinson,Haley,Suarez,Burgum,Trump
0.660157,DeSantis,Haley,Pence,Scott,Trump,Youngkin,Hutchinson,Elder,Ramaswamy,Burgum,Suarez,Christie,Hurd
0.650804,Trump,Christie,Ramaswamy,Elder,Burgum,Hurd,DeSantis,Scott,Haley,Youngkin,Suarez,Hutchinson,Pence
0.660172,Hurd,Hutchinson,Haley,Scott,Burgum,Christie,Suarez,Elder,Pence,Youngkin,Ramaswamy,DeSantis,Trump
1.317598,Trump,DeSantis,Haley,Scott,Ramaswamy,Pence,Elder,Youngkin,Hutchinson,Burgum,Hurd,Suarez,Christie
1.079307,Trump,Ramaswamy,DeSantis,Haley,Youngkin,Christie,Scott,Pence,Burgum,Elder,Suarez,Hurd,Hutchinson
0.638382,Trump,Elder,Hutchinson,Burgum,Scott,Youngkin,Hurd,Ramaswamy,Haley,Pence,Christie,DeSantis,Suarez
0.718335,DeSantis,Ramaswamy,Haley,Scott,Pence,Elder,Youngkin,Hurd,Suarez,Burgum,Christie,Hutchinson,Trump
1.217557,Christie,Haley,Hutchinson,Youngkin,Burgum,Hurd,Elder,Scott,Suarez,Pence,DeSantis,Ramaswamy,Trump
0.658711,Trump,Ramaswamy,DeSantis,Elder,Scott,Hurd,Youngkin,Burgum,Christie,Hutchinson,Haley,Suarez,Pence
0.95828,Trump,DeSantis,Haley,Ramaswamy,Scott,Youngkin,Pence,Elder,Burgum,Suarez,Hurd,Christie,Hutchinson
1.669118,Trump,DeSantis,Haley,Scott,Ramaswamy,Pence,Youngkin,Burgum,Christie,Elder,Suarez,Hurd,Hutchinson
0.612993,Trump,Ramaswamy,DeSantis,Christie,Pence,Haley,Hutchinson,Burgum,Elder,Suarez,Scott,Youngkin,Hurd
1.253053,Trump,DeSantis,Pence,Haley,Scott,Ramaswamy,Youngkin,Burgum,Elder,Hurd,Suarez,Hutchinson,Christie
1.084045,Ramaswamy,Trump,DeSantis,Scott,Youngkin,Burgum,Hutchinson,Hurd,Suarez,Elder,Haley,Pence,Christie
1.000625,Christie,Ramaswamy,Haley,Scott,Elder,Youngkin,Suarez,Pence,Burgum,Hutchinson,Hurd,DeSantis,Trump
0.681832,DeSantis,Trump,Pence,Elder,Christie,Hurd,Youngkin,Ramaswamy,Hutchinson,Scott,Haley,Burgum,Suarez
0.886784,DeSantis,Pence,Christie,Scott,Burgum,Hurd,Elder,Youngkin,Suarez,Ramaswamy,Hutchinson,Haley,Trump
0.890183,Trump,Ramaswamy,Haley,Elder,Pence,Scott,Youngkin,Christie,Hurd,Burgum,Suarez,DeSantis,Hutchinson
0.668479,Trump,Burgum,Elder,Ramaswamy,Youngkin,Scott,DeSantis,Pence,Hutchinson,Haley,Christie,Suarez,Hurd
0.929519,Christie,Haley,Burgum,Suarez,Elder,Hurd,Hutchinson,Youngkin,Scott,Ramaswamy,DeSantis,Trump,Pence
1.103994,Ramaswamy,DeSantis,Trump,Haley,Christie,Scott,Burgum,Pence,Youngkin,Hurd,Hutchinson,Elder,Suarez
