weight,rank1,rank2,rank3,rank4,rank5,rank6,rank7,rank8,rank9,rank10,rank11,rank12,rank13
0.930194,Ramaswamy,Youngkin,Pence,Hutchinson,Scott,Trump,Christie,Suarez,Hurd,Haley,DeSantis,Elder,Burgum
1.137748,DeSantis,Pence,Haley,Hutchinson,Scott,Christie,Elder,Suarez,Youngkin,Ramaswamy,Burgum,Hurd,Trump
1.312363,Trump,Pence,DeSantis,Christie,Ramaswamy,Elder,Hurd,Burgum,Scott,Youngkin,Hutchinson,Suarez,Haley
0.63756,Trump,DeSantis,Scott,Haley,Christie,Youngkin,Hurd,Suarez,Elder,Burgum,Ramaswamy,Pence,Hutchinson
0.567195,Youngkin,Trump,Scott,Haley,Hurd,Christie,Hutchinson,Suarez,Elder,Ramaswamy,Burgum,Pence,DeSantis
1.023323,Pence,DeSantis,Scott,Ramaswamy,Trump,Burgum,Haley,Christie,Hutchinson,Youngkin,Hurd,Elder,Suarez
0.743226,Pence,Ramaswamy,Trump,DeSantis,Christie,Suarez,Hutchinson,Youngkin,Haley,Hurd,Scott,Elder,Burgum
1.591224,DeSantis,Haley,Pence,Ramaswamy,Scott,Hurd,Suarez,Burgum,Youngkin,Christie,Elder,Hutchinson,Trump
1.270672,DeSantis,Trump,Haley,Ramaswamy,Scott,Youngkin,Pence,Hurd,Burgum,Hutchinson,Elder,Christie,Suarez
1.219104,DeSantis,Trump,Haley,Ramaswamy,Youngkin,Burgum,Hutchinson,Hurd,Scott,Suarez,Elder,Christie,Pence
1.215652,Scott,Christie,Haley,DeSantis,Pence,Ramaswamy,Hurd,Youngkin,Burgum,Hutchinson,Elder,Suarez,Trump
1.342131,Trump,DeSantis,Haley,Scott,Pence,Ramaswamy,Burgum,Hutchinson,Youngkin,Elder,Suarez,Christie,Hurd
0.960405,Christie,Haley,Ramaswamy,Burgum,Pence,Scott,Elder,Suarez,Hurd,Youngkin,Hutchinson,DeSantis,Trump
1.068725,Ramaswamy,Haley,Youngkin,Suarez,Elder,Hutchinson,Christie,Pence,Burgum,Scott,DeSantis,Hurd,Trump
1.000625,Christie,Ramaswamy,Haley,Scott,Elder,Youngkin,Suarez,Pence,Burgum,Hutchinson,Hurd,DeSantis,Trump
0.839247,DeSantis,Trump,Ramaswamy,Pence,Christie,Haley,Burgum,Hurd,Elder,Hutchinson,Youngkin,Scott,Suarez
1.217557,Haley,Christie,Pence,Scott,Burgum,Youngkin,Suarez,Hurd,Elder,Hutchinson,DeSantis,Ramaswamy,Trump
1.73441,Pence,DeSantis,Christie,Burgum,Youngkin,Scott,Hurd,Suarez,Haley,Elder,Ramaswamy,Trump,Hutchinson
0.787886,Trump,DeSantis,Suarez,Hurd,Burgum,Pence,Scott,Haley,Elder,Hutchinson,Youngkin,Christie,Ramaswamy
0.661349,DeSantis,Ramaswamy,Scott,Suarez,Hutchinson,Hurd,Elder,Burgum,Christie,Youngkin,Haley,Pence,Trump
1.056898,Trump,Haley,DeSantis,Ramaswamy,Scott,Elder,Youngkin,Burgum,Hurd,Suarez,Hutchinson,Pence,Christie
0.767178,Trump,Ramaswamy,Elder,Scott,Burgum,Youngkin,DeSantis,Haley,Suarez,Pence,Hutchinson,Hurd,Christie
0.636425,Trump,DeSantis,Pence,Christie,Ramaswamy,Hutchinson,Burgum,Hurd,Youngkin,Haley,Elder,Scott,Suarez
1.068725,Trump,Ramaswamy,DeSantis,Pence,Haley,Christie,Burgum,Elder,Hurd,Suarez,Youngkin,Scott,Hutchinson
0.798657,DeSantis,Ramaswamy,Haley,Scott,Trump,Christie,Burgum,Elder,Hurd,Hutchinson,Youngkin,Pence,Suarez
1.219104,Trump,DeSantis,Scott,Haley,Elder,Ramaswamy,Youngkin,Burgum,Hutchinson,Hurd,Suarez,Pence,Christie
1.120393,Trump,Ramaswamy,Haley,DeSantis,Scott,Burgum,Youngkin,Pence,Christie,Elder,Suarez,Hurd,Hutchinson
0.968363,Pence,DeSantis,Trump,Haley,Ramaswamy,Suarez,Scott,Youngkin,Christie,Hutchinson,Elder,Burgum,Hurd
0.612993,Trump,Ramaswamy,DeSantis,Christie,Pence,Haley,Hutchinson,Burgum,Elder,Suarez,Scott,Youngkin,Hurd
1.299495,Trump,DeSantis,Ramaswamy,Scott,Pence,Haley,Christie,Burgum,Elder,Suarez,Hurd,Youngkin,Hutchinson
1.164009,Haley,Scott,Ramaswamy,DeSantis,Hurd,Elder,Hutchinson,Pence,Suarez,Burgum,Christie,Youngkin,Trump
0.798657,Trump,Scott,DeSantis,Haley,Ramaswamy,Christie,Elder,Hurd,Youngkin,Suarez,Burgum,Hutchinson,Pence
1.308647,Trump,Ramaswamy,DeSantis,Pence,Haley,Burgum,Scott,Suarez,Hutchinson,Elder,Hurd,Youngkin,Christie
1.200697,Trump,Haley,DeSantis,Pence,Scott,Christie,Ramaswamy,Hurd,Elder,Burgum,Youngkin,Suarez,Hutchinson
0.899549,Trump,Haley,Ramaswamy,DeSantis,Youngkin,Burgum,Elder,Scott,Pence,Christie,Hutchinson,Hurd,Suarez
0.668479,Haley,Christie,Pence,Hurd,Suarez,Hutchinson,Youngkin,Burgum,Ramaswamy,DeSantis,Scott,Elder,Trump
1.086363,Trump,DeSantis,Elder,Ramaswamy,Scott,Burgum,Haley,Youngkin,Suarez,Hurd,Hutchinson,Pence,Christie
0.970759,Christie,Hutchinson,Burgum,Hurd,Youngkin,Elder,Haley,Scott,Ramaswamy,DeSantis,Pence,Trump,Suarez
0.879255,Trump,DeSantis,Ramaswamy,Scott,Haley,Burgum,Hurd,Pence,Elder,Hutchinson,Suarez,Youngkin,Christie
1.297088,Christie,Haley,Youngkin,Burgum,Hutchinson,Elder,Suarez,Hurd,DeSantis,Scott,Ramaswamy,Pence,Trump
0.681832,DeSantis,Trump,Scott,Ramaswamy,Elder,Hurd,Youngkin,Burgum,Suarez,Hutchinson,Haley,Christie,Pence
0.660172,Trump,Ramaswamy,DeSantis,Scott,Elder,Haley,Burgum,Youngkin,Hurd,Suarez,Hutchinson,Pence,Christie
0.720887,Trump,Scott,Ramaswamy,Haley,Elder,Youngkin,DeSantis,Hutchinson,Hurd,Pence,Suarez,Christie,Burgum
2.132521,Christie,Hutchinson,Haley,Pence,Hurd,Elder,Suarez,Burgum,Youngkin,Scott,Ramaswamy,DeSantis,Trump
0.798657,Trump,Haley,Ramaswamy,DeSantis,Scott,Hutchinson,Pence,Elder,Burgum,Youngkin,Hurd,Suarez,Christie
1.546149,Trump,DeSantis,Haley,Pence,Ramaswamy,Scott,Youngkin,Elder,Burgum,Hutchinson,Suarez,Hurd,Christie
1.002609,Trump,DeSantis,Ramaswamy,Elder,Burgum,Scott,Haley,Youngkin,Suarez,Hurd,Pence,Hutchinson,Christie
1.188226,Trump,Ramaswamy,DeSantis,Pence,Scott,Haley,Hurd,Christie,Youngkin,Elder,Suarez,Burgum,Hutchinson
1.218747,Trump,Pence,DeSantis,Christie,Scott,Burgum,Suarez,Elder,Youngkin,Hurd,Hutchinson,Haley,Ramaswamy
1.826138,Trump,Ramaswamy,Elder,DeSantis,Youngkin,Burgum,Suarez,Christie,Haley,Hurd,Hutchinson,Scott,Pence
1.084045,Haley,Christie,Scott,Pence,Youngkin,Suarez,Elder,Burgum,Hurd,Hutchinson,DeSantis,Ramaswamy,Trump
0.741903,Ramaswamy,Christie,Elder,Youngkin,DeSantis,Burgum,Haley,Scott,Hurd,Pence,Suarez,Hutchinson,Trump
0.947572,Trump,DeSantis,Scott,Pence,Haley,Youngkin,Elder,Hurd,Burgum,Hutchinson,Ramaswamy,Christie,Suarez
1.051336,Christie,Haley,Trump,Scott,Hutchinson,Elder,DeSantis,Hurd,Burgum,Suarez,Youngkin,Ramaswamy,Pence
0.812586,Trump,DeSantis,Pence,Hutchinson,Hurd,Haley,Christie,Ramaswamy,Youngkin,Burgum,Scott,Suarez,Elder
0.875875,Haley,Scott,Trump,Ramaswamy,Youngkin,Hutchinson,Elder,Suarez,Burgum,Hurd,Christie,Pence,DeSantis
0.92613,Ramaswamy,DeSantis,Pence,Hurd,Haley,Youngkin,Hutchinson,Suarez,Burgum,Trump,Elder,Scott,Christie
0.772768,Trump,Ramaswamy,Haley,DeSantis,Elder,Hutchinson,Christie,Youngkin,Pence,Burgum,Hurd,Suarez,Scott
0.63756,Trump,DeSantis,Scott,Haley,Christie,Youngkin,Hurd,Suarez,Elder,Burgum,Ramaswamy,Pence,Hutchinson
1.458263,DeSantis,Trump,Ramaswamy,Pence,Christie,Suarez,Scott,Elder,Hurd,Hutchinson,Burgum,Youngkin,Haley
0.902673,Trump,Scott,DeSantis,Elder,Youngkin,Pence,Hurd,Burgum,Ramaswamy,Haley,Suarez,Hutchinson,Christie
0.658711,Trump,Ramaswamy,Haley,Christie,Suarez,Elder,DeSantis,Pence,Hurd,Youngkin,Scott,Hutchinson,Burgum
0.660172,DeSantis,Ramaswamy,Haley,Scott,Elder,Hurd,Pence,Hutchinson,Youngkin,Burgum,Christie,Suarez,Trump
1.669118,Trump,DeSantis,Youngkin,Pence,Hurd,Elder,Hutchinson,Suarez,Ramaswamy,Haley,Christie,Scott,Burgum
0.660172,DeSantis,Ramaswamy,Haley,Scott,Elder,Hurd,Pence,Hutchinson,Youngkin,Burgum,Christie,Suarez,Trump
1.22744,Haley,Scott,Pence,Burgum,Ramaswamy,Hutchinson,Youngkin,Hurd,Elder,Suarez,DeSantis,Christie,Trump
0.603219,DeSantis,Ramaswamy,Pence,Suarez,Youngkin,Scott,Trump,Burgum,Christie,Haley,Hutchinson,Hurd,Elder
0.667953,Trump,Ramaswamy,Haley,DeSantis,Christie,Scott,Pence,Hutchinson,Burgum,Elder,Suarez,Hurd,Youngkin
1.297777,Christie,Haley,Ramaswamy,Pence,Hutchinson,Youngkin,Scott,Burgum,Suarez,Hurd,DeSantis,Elder,Trump
1.529463,Scott,Ramaswamy,Pence,Elder,Haley,Youngkin,Hurd,Christie,Burgum,Suarez,Hutchinson,DeSantis,Trump
1.968129,Trump,Haley,DeSantis,Scott,Burgum,Christie,Elder,Ramaswamy,Hurd,Youngkin,Hutchinson,Suarez,Pence
1.049608,Trump,Ramaswamy,Scott,Haley,Elder,DeSantis,Pence,Burgum,Hurd,Youngkin,Hutchinson,Christie,Suarez
0.785097,Trump,Ramaswamy,DeSantis,Youngkin,Haley,Hutchinson,Elder,Scott,Hurd,Burgum,Pence,Christie,Suarez
0.819929,Ramaswamy,Trump,DeSantis,Haley,Christie,Pence,Scott,Hurd,Suarez,Youngkin,Elder,Hutchinson,Burgum
1.271577,Trump,DeSantis,Ramaswamy,Scott,Haley,Youngkin,Suarez,Burgum,Pence,Christie,Hurd,Hutchinson,Elder
2.202489,DeSantis,Trump,Ramaswamy,Scott,Pence,Youngkin,Hutchinson,Elder,Hurd,Suarez,Burgum,Christie,Haley
1.117221,Trump,DeSantis,Ramaswamy,Haley,Youngkin,Christie,Elder,Burgum,Hutchinson,Suarez,Hurd,Scott,Pence
1.121883,Trump,DeSantis,Scott,Haley,Elder,Ramaswamy,Burgum,Suarez,Pence,Hurd,Youngkin,Hutchinson,Christie
0.65782,Ramaswamy,Haley,Hutchinson,Pence,Youngkin,Burgum,Elder,Suarez,Hurd,Christie,Scott,DeSantis,Trump
1.023323,DeSantis,Ramaswamy,Trump,Haley,Youngkin,Scott,Burgum,Elder,Suarez,Hurd,Hutchinson,Pence,Christie
0.731376,Scott,Haley,Trump,Ramaswamy,DeSantis,Pence,Christie,Hutchinson,Youngkin,Suarez,Burgum,Hurd,Elder
0.798657,Trump,Scott,Haley,Pence,Burgum,Youngkin,DeSantis,Ramaswamy,Elder,Suarez,Hutchinson,Christie,Hurd
0.708142,Trump,DeSantis,Ramaswamy,Pence,Suarez,Christie,Haley,Scott,Hurd,Hutchinson,Youngkin,Burgum,Elder
0.688082,DeSantis,Ramaswamy,Trump,Hurd,Elder,Christie,Scott,Haley,Suarez,Burgum,Pence,Youngkin,Hutchinson
1.166972,Ramaswamy,DeSantis,Haley,Pence,Hutchinson,Elder,Suarez,Hurd,Burgum,Scott,Youngkin,Christie,Trump
0.516129,Trump,Pence,Ramaswamy,DeSantis,Haley,Christie,Youngkin,Scott,Hutchinson,Suarez,Elder,Burgum,Hurd
1.270672,Trump,DeSantis,Ramaswamy,Youngkin,Haley,Elder,Suarez,Scott,Burgum,Pence,Hutchinson,Hurd,Christie
1.049608,Trump,Pence,Ramaswamy,Haley,Scott,DeSantis,Suarez,Hurd,Hutchinson,Youngkin,Elder,Burgum,Christie
0.903768,DeSantis,Trump,Scott,Youngkin,Burgum,Pence,Elder,Hurd,Hutchinson,Suarez,Haley,Ramaswamy,Christie
1.131761,Trump,Ramaswamy,DeSantis,Christie,Haley,Scott,Pence,Burgum,Elder,Youngkin,Hutchinson,Hurd,Suarez
0.466606,Haley,Christie,Hurd,Scott,Elder,Ramaswamy,Pence,Suarez,Burgum,Youngkin,DeSantis,Hutchinson,Trump
0.708142,Trump,DeSantis,Ramaswamy,Scott,Pence,Hurd,Burgum,Suarez,Hutchinson,Elder,Christie,Youngkin,Haley
0.516129,Trump,Pence,Ramaswamy,DeSantis,Haley,Christie,Youngkin,Scott,Hutchinson,Suarez,Elder,Burgum,Hurd
0.972281,Hurd,Burgum,Hutchinson,Youngkin,Haley,Elder,Christie,Pence,DeSantis,Ramaswamy,Scott,Suarez,Trump
0.650804,Ramaswamy,Trump,Haley,Hutchinson,Youngkin,Suarez,Burgum,Elder,Hurd,Christie,Pence,Scott,DeSantis
0.888483,Trump,Ramaswamy,Elder,Youngkin,Hutchinson,Suarez,Scott,Hurd,Burgum,Pence,DeSantis,Haley,Christie
1.218747,Trump,Pence,DeSantis,Christie,Scott,Burgum,Suarez,Elder,Youngkin,Hurd,Hutchinson,Haley,Ramaswamy
1.297088,Ramaswamy,Pence,Scott,Burgum,DeSantis,Christie,Youngkin,Suarez,Elder,Hutchinson,Hurd,Trump,Haley
0.970759,Christie,Hutchinson,Burgum,Hurd,Youngkin,Elder,Haley,Scott,Ramaswamy,DeSantis,Pence,Trump,Suarez
0.466606,Trump,DeSantis,Scott,Ramaswamy,Burgum,Haley,Hurd,Youngkin,Elder,Christie,Pence,Hutchinson,Suarez
0.781276,Pence,Scott,Burgum,Haley,Elder,Hurd,Youngkin,Suarez,Christie,DeSantis,Hutchinson,Ramaswamy,Trump
0.743226,Pence,Ramaswamy,Trump,DeSantis,Christie,Suarez,Hutchinson,Youngkin,Haley,Hurd,Scott,Elder,Burgum
0.857098,Trump,DeSantis,Pence,Christie,Scott,Hurd,Haley,Hutchinson,Burgum,Ramaswamy,Elder,Youngkin,Suarez
2.045976,DeSantis,Haley,Scott,Ramaswamy,Trump,Burgum,Youngkin,Pence,Elder,Hutchinson,Suarez,Hurd,Christie
1.488257,DeSantis,Ramaswamy,Pence,Hutchinson,Haley,Christie,Trump,Scott,Suarez,Elder,Burgum,Hurd,Youngkin
0.798657,DeSantis,Burgum,Haley,Elder,Youngkin,Hurd,Suarez,Ramaswamy,Christie,Pence,Hutchinson,Scott,Trump
0.970759,Christie,Hutchinson,Burgum,Hurd,Youngkin,Elder,Haley,Scott,Ramaswamy,DeSantis,Pence,Trump,Suarez
0.650804,Burgum,Haley,Scott,Pence,Ramaswamy,DeSantis,Christie,Trump,Elder,Hutchinson,Youngkin,Hurd,Suarez
0.930194,Ramaswamy,Youngkin,Pence,Hutchinson,Scott,Trump,Christie,Suarez,Hurd,Haley,DeSantis,Elder,Burgum
0.731376,Scott,Haley,Trump,Ramaswamy,DeSantis,Pence,Christie,Hutchinson,Youngkin,Suarez,Burgum,Hurd,Elder
1.773147,Trump,Ramaswamy,DeSantis,Haley,Pence,Christie,Youngkin,Hurd,Scott,Elder,Hutchinson,Burgum,Suarez
1.424811,Ramaswamy,DeSantis,Trump,Elder,Youngkin,Scott,Hutchinson,Suarez,Burgum,Hurd,Pence,Haley,Christie
0.837753,Trump,Ramaswamy,DeSantis,Scott,Christie,Haley,Suarez,Youngkin,Hutchinson,Pence,Burgum,Elder,Hurd
0.73399,Ramaswamy,Haley,Trump,Pence,Scott,Christie,DeSantis,Youngkin,Hurd,Hutchinson,Burgum,Suarez,Elder
0.568215,Ramaswamy,Trump,DeSantis,Scott,Christie,Hurd,Suarez,Burgum,Haley,Elder,Youngkin,Hutchinson,Pence
1.149689,Trump,DeSantis,Youngkin,Elder,Burgum,Scott,Haley,Suarez,Hutchinson,Hurd,Ramaswamy,Christie,Pence
1.529463,Christie,Elder,Scott,Hurd,Haley,Suarez,Burgum,Youngkin,Hutchinson,Ramaswamy,Pence,DeSantis,Trump
1.459965,Trump,Ramaswamy,DeSantis,Christie,Burgum,Hurd,Elder,Suarez,Haley,Youngkin,Pence,Hutchinson,Scott
0.614214,Scott,Burgum,Hutchinson,Haley,Christie,Suarez,Youngkin,Hurd,Ramaswamy,Elder,DeSantis,Pence,Trump
0.826713,Trump,DeSantis,Haley,Ramaswamy,Scott,Pence,Elder,Hurd,Burgum,Hutchinson,Youngkin,Suarez,Christie
1.002609,Trump,Scott,Haley,DeSantis,Ramaswamy,Pence,Christie,Elder,Youngkin,Hutchinson,Suarez,Hurd,Burgum
0.710658,Trump,Ramaswamy,Pence,Elder,Haley,Scott,Burgum,Hutchinson,Hurd,Christie,Youngkin,Suarez,DeSantis
1.270672,DeSantis,Haley,Ramaswamy,Scott,Trump,Pence,Elder,Youngkin,Christie,Hurd,Burgum,Hutchinson,Suarez
0.901839,Trump,Pence,Ramaswamy,DeSantis,Hurd,Christie,Burgum,Youngkin,Scott,Suarez,Elder,Haley,Hutchinson
0.960016,Haley,Trump,Scott,Ramaswamy,Pence,Suarez,DeSantis,Christie,Elder,Youngkin,Burgum,Hutchinson,Hurd
0.91927,DeSantis,Ramaswamy,Pence,Trump,Youngkin,Christie,Burgum,Scott,Hurd,Hutchinson,Suarez,Elder,Haley
1.567187,Trump,Pence,Hurd,DeSantis,Burgum,Elder,Scott,Youngkin,Hutchinson,Ramaswamy,Christie,Suarez,Haley
1.376605,Christie,Haley,Hutchinson,Scott,DeSantis,Burgum,Elder,Suarez,Hurd,Youngkin,Pence,Ramaswamy,Trump
1.033456,DeSantis,Trump,Haley,Scott,Pence,Burgum,Youngkin,Ramaswamy,Elder,Christie,Hutchinson,Hurd,Suarez
0.555612,DeSantis,Trump,Pence,Scott,Christie,Elder,Youngkin,Burgum,Ramaswamy,Hutchinson,Hurd,Suarez,Haley
0.741903,Trump,DeSantis,Ramaswamy,Haley,Christie,Scott,Hutchinson,Burgum,Youngkin,Elder,Suarez,Hurd,Pence
1.049608,Christie,Elder,Hutchinson,Suarez,Hurd,Burgum,Youngkin,Haley,Ramaswamy,Scott,Pence,DeSantis,Trump
0.786484,Ramaswamy,Trump,DeSantis,Haley,Pence,Hurd,Burgum,Hutchinson,Elder,Scott,Suarez,Christie,Youngkin
1.018243,Ramaswamy,Pence,Trump,Haley,Burgum,Elder,Youngkin,DeSantis,Hutchinson,Scott,Christie,Hurd,Suarez
0.762857,Trump,DeSantis,Ramaswamy,Pence,Hutchinson,Elder,Youngkin,Christie,Burgum,Hurd,Suarez,Scott,Haley
1.219104,DeSantis,Trump,Ramaswamy,Haley,Scott,Elder,Youngkin,Pence,Suarez,Burgum,Hurd,Christie,Hutchinson
1.117221,Trump,DeSantis,Ramaswamy,Haley,Youngkin,Christie,Elder,Burgum,Hutchinson,Suarez,Hurd,Scott,Pence
1.206101,Christie,Haley,Scott,Burgum,Hutchinson,Youngkin,Suarez,Hurd,Elder,Pence,Ramaswamy,DeSantis,Trump
0.658711,Trump,Ramaswamy,DeSantis,Elder,Scott,Hurd,Youngkin,Burgum,Christie,Hutchinson,Haley,Suarez,Pence
0.798657,Trump,Ramaswamy,DeSantis,Scott,Burgum,Christie,Elder,Hurd,Youngkin,Haley,Suarez,Hutchinson,Pence
1.04502,Suarez,Haley,Christie,Hutchinson,Elder,Pence,Burgum,Hurd,Scott,Youngkin,DeSantis,Ramaswamy,Trump
0.987831,Ramaswamy,DeSantis,Scott,Christie,Haley,Pence,Hutchinson,Burgum,Youngkin,Elder,Suarez,Hurd,Trump
1.134561,Trump,Ramaswamy,DeSantis,Scott,Haley,Elder,Pence,Christie,Youngkin,Hutchinson,Hurd,Burgum,Suarez
1.533806,Trump,Ramaswamy,DeSantis,Haley,Scott,Christie,Pence,Suarez,Youngkin,Elder,Hurd,Burgum,Hutchinson
1.084045,Ramaswamy,Trump,DeSantis,Scott,Youngkin,Burgum,Hutchinson,Hurd,Suarez,Elder,Haley,Pence,Christie
0.791835,Scott,Youngkin,Hurd,Christie,Pence,DeSantis,Suarez,Ramaswamy,Haley,Hutchinson,Elder,Burgum,Trump
0.606725,Trump,DeSantis,Ramaswamy,Elder,Scott,Christie,Hurd,Youngkin,Haley,Suarez,Hutchinson,Burgum,Pence
0.867089,Youngkin,DeSantis,Trump,Haley,Scott,Ramaswamy,Christie,Pence,Burgum,Suarez,Elder,Hurd,Hutchinson
1.669118,Trump,DeSantis,Youngkin,Pence,Hurd,Elder,Hutchinson,Suarez,Ramaswamy,Haley,Christie,Scott,Burgum
1.188226,Pence,Ramaswamy,Trump,Haley,Scott,Christie,Elder,Burgum,Hurd,Suarez,Youngkin,Hutchinson,DeSantis
0.688082,DeSantis,Ramaswamy,Trump,Hurd,Elder,Christie,Scott,Haley,Suarez,Burgum,Pence,Youngkin,Hutchinson
0.724205,Christie,Haley,Pence,Youngkin,Scott,Suarez,Hutchinson,Hurd,Elder,Burgum,Ramaswamy,DeSantis,Trump
0.661349,DeSantis,Ramaswamy,Scott,Suarez,Hutchinson,Hurd,Elder,Burgum,Christie,Youngkin,Haley,Pence,Trump
2.480722,Trump,Haley,DeSantis,Pence,Ramaswamy,Elder,Hutchinson,Burgum,Suarez,Hurd,Christie,Scott,Youngkin
0.710673,DeSantis,Ramaswamy,Scott,Elder,Hurd,Pence,Youngkin,Christie,Hutchinson,Suarez,Burgum,Haley,Trump
1.180376,DeSantis,Trump,Youngkin,Haley,Scott,Ramaswamy,Burgum,Suarez,Hurd,Hutchinson,Elder,Pence,Christie
0.968735,Trump,DeSantis,Ramaswamy,Hutchinson,Burgum,Hurd,Scott,Elder,Youngkin,Haley,Suarez,Christie,Pence
0.627394,Ramaswamy,Pence,Scott,Trump,Haley,DeSantis,Christie,Burgum,Elder,Suarez,Youngkin,Hurd,Hutchinson
0.721527,DeSantis,Ramaswamy,Haley,Trump,Youngkin,Scott,Pence,Elder,Christie,Hutchinson,Hurd,Suarez,Burgum
1.529463,Christie,Pence,Scott,Burgum,Hutchinson,Ramaswamy,Suarez,Youngkin,Hurd,Elder,Haley,DeSantis,Trump
0.767178,Trump,Ramaswamy,Elder,Scott,Burgum,Youngkin,DeSantis,Haley,Suarez,Pence,Hutchinson,Hurd,Christie
1.188226,Trump,DeSantis,Haley,Scott,Ramaswamy,Burgum,Hutchinson,Christie,Pence,Elder,Youngkin,Suarez,Hurd
1.132141,Trump,Pence,Ramaswamy,Christie,Burgum,Scott,Hurd,Youngkin,Elder,Hutchinson,Haley,Suarez,DeSantis
1.218747,Trump,Pence,DeSantis,Christie,Scott,Burgum,Suarez,Elder,Youngkin,Hurd,Hutchinson,Haley,Ramaswamy
0.932822,Trump,Ramaswamy,DeSantis,Scott,Haley,Elder,Suarez,Pence,Hurd,Burgum,Hutchinson,Youngkin,Christie
1.180376,DeSantis,Trump,Youngkin,Haley,Scott,Ramaswamy,Burgum,Suarez,Hurd,Hutchinson,Elder,Pence,Christie
1.084801,Trump,DeSantis,Haley,Burgum,Scott,Ramaswamy,Youngkin,Pence,Christie,Suarez,Elder,Hurd,Hutchinson
0.779605,Trump,Ramaswamy,DeSantis,Hurd,Pence,Christie,Haley,Scott,Youngkin,Suarez,Burgum,Hutchinson,Elder
1.084801,Trump,DeSantis,Haley,Burgum,Scott,Ramaswamy,Youngkin,Pence,Christie,Suarez,Elder,Hurd,Hutchinson
1.478149,Ramaswamy,Pence,DeSantis,Scott,Haley,Hurd,Burgum,Suarez,Elder,Hutchinson,Youngkin,Christie,Trump
1.215652,Trump,DeSantis,Pence,Christie,Youngkin,Scott,Haley,Hutchinson,Hurd,Elder,Suarez,Ramaswamy,Burgum
1.164009,Ramaswamy,DeSantis,Christie,Haley,Hutchinson,Suarez,Youngkin,Hurd,Burgum,Elder,Scott,Pence,Trump
0.63756,Trump,DeSantis,Scott,Haley,Christie,Youngkin,Hurd,Suarez,Elder,Burgum,Ramaswamy,Pence,Hutchinson
0.991915,Pence,Youngkin,Hutchinson,Hurd,Elder,Haley,Burgum,Ramaswamy,Christie,DeSantis,Suarez,Scott,Trump
1.312363,Trump,Pence,DeSantis,Christie,Ramaswamy,Elder,Hurd,Burgum,Scott,Youngkin,Hutchinson,Suarez,Haley
1.04502,Ramaswamy,DeSantis,Christie,Pence,Haley,Hutchinson,Scott,Youngkin,Burgum,Elder,Suarez,Trump,Hurd
0.81114,Pence,Christie,Ramaswamy,Scott,Haley,Hurd,Youngkin,Hutchinson,Suarez,Elder,Burgum,DeSantis,Trump
1.158692,Hutchinson,Christie,Hurd,Burgum,Pence,Scott,Haley,Suarez,Youngkin,Elder,DeSantis,Ramaswamy,Trump
0.968735,Trump,DeSantis,Ramaswamy,Hutchinson,Burgum,Hurd,Scott,Elder,Youngkin,Haley,Suarez,Christie,Pence
1.056898,Trump,Pence,DeSantis,Christie,Scott,Youngkin,Ramaswamy,Burgum,Suarez,Hutchinson,Hurd,Haley,Elder
1.312363,Christie,Haley,Scott,Pence,Youngkin,Hutchinson,Ramaswamy,Elder,Hurd,Suarez,DeSantis,Burgum,Trump
0.87319,Trump,DeSantis,Ramaswamy,Haley,Pence,Christie,Youngkin,Scott,Hutchinson,Burgum,Hurd,Suarez,Elder
0.624392,Trump,Ramaswamy,DeSantis,Scott,Elder,Hurd,Youngkin,Suarez,Hutchinson,Christie,Haley,Burgum,Pence
1.014141,Trump,Youngkin,Ramaswamy,Scott,Elder,DeSantis,Haley,Burgum,Suarez,Pence,Hutchinson,Hurd,Christie
0.65782,Ramaswamy,Pence,Haley,DeSantis,Hurd,Scott,Suarez,Trump,Hutchinson,Burgum,Christie,Elder,Youngkin
1.033456,Haley,Scott,Pence,Christie,Burgum,Trump,Hutchinson,Hurd,Youngkin,Suarez,Elder,Ramaswamy,DeSantis
1.086363,Trump,DeSantis,Elder,Ramaswamy,Scott,Burgum,Haley,Youngkin,Suarez,Hurd,Hutchinson,Pence,Christie
0.517975,DeSantis,Trump,Christie,Ramaswamy,Hutchinson,Burgum,Youngkin,Pence,Hurd,Suarez,Haley,Scott,Elder
0.875875,Haley,Scott,Trump,Ramaswamy,Youngkin,Hutchinson,Elder,Suarez,Burgum,Hurd,Christie,Pence,DeSantis
1.017577,Trump,Ramaswamy,Haley,Burgum,Suarez,Christie,Elder,Hurd,Pence,Scott,DeSantis,Hutchinson,Youngkin
1.611159,Burgum,Ramaswamy,Scott,Pence,DeSantis,Haley,Hutchinson,Trump,Youngkin,Hurd,Suarez,Christie,Elder
1.158692,Trump,Ramaswamy,Suarez,Haley,Christie,Pence,Scott,Elder,Burgum,DeSantis,Hurd,Hutchinson,Youngkin
0.681832,DeSantis,Trump,Pence,Elder,Christie,Hurd,Youngkin,Ramaswamy,Hutchinson,Scott,Haley,Burgum,Suarez
0.56361,Ramaswamy,Trump,DeSantis,Haley,Scott,Youngkin,Elder,Burgum,Hurd,Hutchinson,Christie,Suarez,Pence
0.792237,Trump,Ramaswamy,DeSantis,Pence,Haley,Hutchinson,Scott,Elder,Youngkin,Suarez,Hurd,Burgum,Christie
1.529463,Scott,Ramaswamy,Pence,Elder,Haley,Youngkin,Hurd,Christie,Burgum,Suarez,Hutchinson,DeSantis,Trump
0.968363,Pence,DeSantis,Trump,Haley,Ramaswamy,Suarez,Scott,Youngkin,Christie,Hutchinson,Elder,Burgum,Hurd
1.04502,Christie,Hutchinson,Scott,Pence,Hurd,Youngkin,Haley,Burgum,Elder,Suarez,Ramaswamy,DeSantis,Trump
1.679312,Pence,Haley,Scott,Ramaswamy,DeSantis,Christie,Burgum,Elder,Suarez,Hutchinson,Youngkin,Hurd,Trump
0.814982,DeSantis,Trump,Haley,Pence,Scott,Suarez,Elder,Burgum,Hurd,Ramaswamy,Youngkin,Christie,Hutchinson
0.93342,Trump,Pence,Hutchinson,Scott,DeSantis,Burgum,Ramaswamy,Elder,Hurd,Youngkin,Christie,Suarez,Haley
0.612993,Trump,Ramaswamy,DeSantis,Christie,Hurd,Elder,Suarez,Hutchinson,Youngkin,Haley,Pence,Burgum,Scott
0.660172,Christie,Haley,Pence,Scott,Elder,Hutchinson,Suarez,Youngkin,Hurd,Burgum,Ramaswamy,DeSantis,Trump
0.903768,Pence,Haley,DeSantis,Scott,Ramaswamy,Youngkin,Suarez,Burgum,Elder,Hutchinson,Hurd,Christie,Trump
0.724205,Haley,Ramaswamy,Suarez,Elder,Hurd,Hutchinson,Youngkin,Christie,Burgum,Scott,Pence,DeSantis,Trump
0.526889,Trump,DeSantis,Ramaswamy,Scott,Christie,Pence,Haley,Burgum,Elder,Youngkin,Hurd,Hutchinson,Suarez
1.245109,Pence,Christie,Suarez,Youngkin,Haley,Elder,Burgum,DeSantis,Hurd,Hutchinson,Ramaswamy,Scott,Trump
1.753818,Ramaswamy,Christie,DeSantis,Pence,Haley,Trump,Scott,Youngkin,Hutchinson,Burgum,Elder,Hurd,Suarez
1.314392,Trump,DeSantis,Ramaswamy,Hutchinson,Haley,Pence,Burgum,Youngkin,Christie,Hurd,Scott,Elder,Suarez
1.529463,Scott,Ramaswamy,Pence,Elder,Haley,Youngkin,Hurd,Christie,Burgum,Suarez,Hutchinson,DeSantis,Trump
0.970759,Trump,DeSantis,Ramaswamy,Youngkin,Haley,Burgum,Scott,Hutchinson,Elder,Christie,Hurd,Suarez,Pence
0.620487,Trump,Ramaswamy,DeSantis,Pence,Scott,Youngkin,Burgum,Elder,Christie,Haley,Hutchinson,Hurd,Suarez
0.767178,Pence,Haley,Elder,Scott,Burgum,Hurd,Christie,Youngkin,DeSantis,Suarez,Ramaswamy,Hutchinson,Trump
1.270672,DeSantis,Haley,Ramaswamy,Scott,Trump,Pence,Elder,Youngkin,Christie,Hurd,Burgum,Hutchinson,Suarez
1.249847,Trump,Pence,Ramaswamy,Youngkin,DeSantis,Elder,Hutchinson,Suarez,Hurd,Haley,Christie,Burgum,Scott
0.882284,Trump,Haley,DeSantis,Ramaswamy,Scott,Pence,Suarez,Hurd,Youngkin,Christie,Elder,Burgum,Hutchinson
1.529463,Christie,Elder,Scott,Hurd,Haley,Suarez,Burgum,Youngkin,Hutchinson,Ramaswamy,Pence,DeSantis,Trump
1.270672,DeSantis,Haley,Ramaswamy,Scott,Trump,Pence,Elder,Youngkin,Christie,Hurd,Burgum,Hutchinson,Suarez
0.743226,Pence,Ramaswamy,Trump,DeSantis,Christie,Suarez,Hutchinson,Youngkin,Haley,Hurd,Scott,Elder,Burgum
0.91927,DeSantis,Ramaswamy,Pence,Trump,Youngkin,Christie,Burgum,Scott,Hurd,Hutchinson,Suarez,Elder,Haley
1.18741,DeSantis,Ramaswamy,Christie,Haley,Trump,Scott,Pence,Hutchinson,Suarez,Elder,Hurd,Youngkin,Burgum
1.069759,Trump,Ramaswamy,Youngkin,DeSantis,Scott,Haley,Burgum,Pence,Hurd,Suarez,Hutchinson,Christie,Elder
1.478149,Trump,DeSantis,Haley,Ramaswamy,Youngkin,Scott,Hutchinson,Burgum,Pence,Hurd,Elder,Christie,Suarez
2.045976,DeSantis,Haley,Scott,Ramaswamy,Trump,Burgum,Youngkin,Pence,Elder,Hutchinson,Suarez,Hurd,Christie
0.681832,DeSantis,Trump,Pence,Elder,Christie,Hurd,Youngkin,Ramaswamy,Hutchinson,Scott,Haley,Burgum,Suarez
0.718335,Christie,Pence,Haley,Suarez,Burgum,DeSantis,Scott,Elder,Hurd,Hutchinson,Youngkin,Ramaswamy,Trump
0.903768,Scott,Elder,Ramaswamy,DeSantis,Trump,Pence,Youngkin,Haley,Hurd,Burgum,Suarez,Hutchinson,Christie
1.980981,DeSantis,Haley,Pence,Christie,Scott,Burgum,Hutchinson,Hurd,Elder,Suarez,Youngkin,Ramaswamy,Trump
1.297777,Trump,DeSantis,Ramaswamy,Haley,Hutchinson,Scott,Christie,Youngkin,Elder,Hurd,Burgum,Suarez,Pence
0.742806,Trump,Haley,DeSantis,Scott,Ramaswamy,Youngkin,Christie,Elder,Burgum,Hurd,Pence,Suarez,Hutchinson
1.158692,Trump,Ramaswamy,Suarez,Haley,Christie,Pence,Scott,Elder,Burgum,DeSantis,Hurd,Hutchinson,Youngkin
1.669118,Ramaswamy,Trump,Scott,Burgum,Youngkin,Haley,Elder,Hurd,Suarez,Pence,DeSantis,Hutchinson,Christie
1.275187,Pence,Ramaswamy,DeSantis,Scott,Christie,Burgum,Hurd,Elder,Haley,Youngkin,Hutchinson,Suarez,Trump
0.58281,Haley,Trump,Suarez,Scott,Youngkin,Burgum,Elder,Christie,Hurd,Hutchinson,Pence,Ramaswamy,DeSantis
0.92613,Ramaswamy,DeSantis,Pence,Hurd,Haley,Youngkin,Hutchinson,Suarez,Burgum,Trump,Elder,Scott,Christie
0.708142,Ramaswamy,Trump,DeSantis,Pence,Haley,Christie,Suarez,Elder,Burgum,Youngkin,Hurd,Hutchinson,Scott
0.731376,Scott,Haley,Trump,Ramaswamy,DeSantis,Pence,Christie,Hutchinson,Youngkin,Suarez,Burgum,Hurd,Elder
0.812586,Trump,DeSantis,Haley,Pence,Ramaswamy,Scott,Hutchinson,Burgum,Suarez,Youngkin,Christie,Hurd,Elder
1.144161,Trump,Pence,Ramaswamy,Haley,DeSantis,Christie,Scott,Burgum,Hutchinson,Elder,Hurd,Suarez,Youngkin
0.9069,Trump,DeSantis,Pence,Haley,Christie,Hurd,Youngkin,Elder,Suarez,Burgum,Scott,Hutchinson,Ramaswamy
1.292548,Christie,Pence,Haley,Scott,Ramaswamy,Burgum,Hutchinson,Hurd,Youngkin,Elder,Suarez,DeSantis,Trump
0.798657,Ramaswamy,Haley,Pence,Burgum,Hutchinson,Scott,Elder,DeSantis,Christie,Suarez,Hurd,Youngkin,Trump
0.929519,DeSantis,Trump,Ramaswamy,Youngkin,Scott,Burgum,Pence,Elder,Hutchinson,Suarez,Hurd,Haley,Christie
0.668479,Ramaswamy,DeSantis,Haley,Pence,Scott,Christie,Burgum,Youngkin,Hurd,Elder,Suarez,Hutchinson,Trump
0.747966,Christie,Haley,Hurd,Hutchinson,Ramaswamy,Scott,Youngkin,Burgum,Elder,Suarez,Pence,DeSantis,Trump
1.669118,Trump,DeSantis,Youngkin,Pence,Hurd,Elder,Hutchinson,Suarez,Ramaswamy,Haley,Christie,Scott,Burgum
0.621594,Trump,DeSantis,Ramaswamy,Scott,Youngkin,Elder,Burgum,Haley,Suarez,Christie,Pence,Hutchinson,Hurd
0.825865,Trump,Pence,DeSantis,Ramaswamy,Haley,Scott,Youngkin,Elder,Burgum,Hutchinson,Hurd,Suarez,Christie
1.033456,Trump,Ramaswamy,Haley,DeSantis,Scott,Youngkin,Elder,Burgum,Pence,Hurd,Hutchinson,Suarez,Christie
1.200697,Ramaswamy,Scott,Trump,Burgum,Haley,DeSantis,Youngkin,Elder,Pence,Suarez,Hutchinson,Hurd,Christie
0.65782,Trump,Haley,Scott,DeSantis,Youngkin,Burgum,Christie,Hurd,Ramaswamy,Elder,Suarez,Hutchinson,Pence
0.798657,Trump,DeSantis,Haley,Pence,Scott,Christie,Hurd,Burgum,Hutchinson,Elder,Youngkin,Suarez,Ramaswamy
0.577422,Haley,Elder,Trump,Suarez,DeSantis,Pence,Youngkin,Burgum,Scott,Hutchinson,Ramaswamy,Hurd,Christie
2.040183,Ramaswamy,Haley,Scott,Suarez,Hutchinson,Youngkin,Elder,Hurd,Burgum,Pence,Christie,DeSantis,Trump
0.827631,Pence,DeSantis,Ramaswamy,Haley,Christie,Trump,Hutchinson,Elder,Youngkin,Hurd,Suarez,Scott,Burgum
0.837753,Christie,Hutchinson,Hurd,Pence,Haley,Burgum,Elder,Suarez,Youngkin,Scott,Ramaswamy,DeSantis,Trump
0.800433,Trump,DeSantis,Ramaswamy,Pence,Scott,Elder,Haley,Burgum,Hurd,Youngkin,Christie,Hutchinson,Suarez
0.539873,Trump,Ramaswamy,Suarez,DeSantis,Scott,Christie,Hurd,Haley,Elder,Youngkin,Hutchinson,Pence,Burgum
0.853945,Burgum,Haley,Ramaswamy,Trump,DeSantis,Pence,Christie,Scott,Hutchinson,Youngkin,Hurd,Elder,Suarez
1.314392,Haley,Trump,DeSantis,Burgum,Pence,Christie,Scott,Youngkin,Hutchinson,Hurd,Ramaswamy,Suarez,Elder
2.045976,Ramaswamy,Trump,DeSantis,Youngkin,Haley,Elder,Scott,Hurd,Hutchinson,Suarez,Burgum,Pence,Christie
1.218747,DeSantis,Trump,Pence,Ramaswamy,Burgum,Christie,Haley,Scott,Elder,Youngkin,Hurd,Hutchinson,Suarez
0.56361,Trump,Haley,DeSantis,Elder,Christie,Hutchinson,Suarez,Hurd,Burgum,Ramaswamy,Scott,Youngkin,Pence
1.629188,Trump,Elder,DeSantis,Scott,Ramaswamy,Haley,Suarez,Burgum,Youngkin,Pence,Hutchinson,Hurd,Christie
0.917948,DeSantis,Trump,Haley,Youngkin,Scott,Burgum,Hutchinson,Elder,Hurd,Pence,Suarez,Ramaswamy,Christie
1.023323,DeSantis,Ramaswamy,Trump,Haley,Youngkin,Scott,Burgum,Elder,Suarez,Hurd,Hutchinson,Pence,Christie
1.218747,DeSantis,Trump,Pence,Ramaswamy,Burgum,Christie,Haley,Scott,Elder,Youngkin,Hurd,Hutchinson,Suarez
0.681832,DeSantis,Trump,Scott,Ramaswamy,Elder,Hurd,Youngkin,Burgum,Suarez,Hutchinson,Haley,Christie,Pence
0.813634,Haley,Ramaswamy,Pence,Scott,Burgum,Suarez,Hutchinson,Christie,Youngkin,Elder,Hurd,DeSantis,Trump
0.767178,Pence,Haley,Elder,Scott,Burgum,Hurd,Christie,Youngkin,DeSantis,Suarez,Ramaswamy,Hutchinson,Trump
0.709101,Scott,DeSantis,Burgum,Christie,Hutchinson,Elder,Ramaswamy,Trump,Hurd,Pence,Youngkin,Haley,Suarez
0.996977,Trump,DeSantis,Haley,Ramaswamy,Burgum,Hutchinson,Suarez,Elder,Pence,Hurd,Christie,Scott,Youngkin
0.794043,Trump,Christie,DeSantis,Pence,Suarez,Scott,Hurd,Youngkin,Hutchinson,Elder,Burgum,Ramaswamy,Haley
0.564615,Trump,DeSantis,Pence,Ramaswamy,Suarez,Christie,Scott,Haley,Elder,Hutchinson,Burgum,Youngkin,Hurd
1.109667,DeSantis,Trump,Ramaswamy,Burgum,Haley,Youngkin,Christie,Elder,Hurd,Scott,Hutchinson,Suarez,Pence
1.004181,Trump,Ramaswamy,Scott,Burgum,Hutchinson,Christie,Youngkin,DeSantis,Elder,Haley,Suarez,Hurd,Pence
0.886784,Trump,Ramaswamy,Burgum,Christie,DeSantis,Pence,Scott,Haley,Elder,Suarez,Hutchinson,Youngkin,Hurd
0.792237,DeSantis,Haley,Youngkin,Pence,Scott,Suarez,Ramaswamy,Elder,Hurd,Hutchinson,Burgum,Trump,Christie
0.760085,Pence,Burgum,Elder,Hurd,Youngkin,Hutchinson,Haley,DeSantis,Christie,Scott,Suarez,Ramaswamy,Trump
0.901839,Pence,Christie,Scott,Suarez,Hutchinson,Burgum,Hurd,Youngkin,Elder,Haley,DeSantis,Ramaswamy,Trump
0.516129,Trump,Pence,Ramaswamy,DeSantis,Haley,Christie,Youngkin,Scott,Hutchinson,Suarez,Elder,Burgum,Hurd
0.837753,Christie,Hutchinson,Hurd,Pence,Haley,Burgum,Elder,Suarez,Youngkin,Scott,Ramaswamy,DeSantis,Trump
1.002609,Trump,Ramaswamy,Scott,DeSantis,Elder,Hutchinson,Pence,Christie,Suarez,Youngkin,Hurd,Burgum,Haley
0.81114,Pence,Christie,Ramaswamy,Scott,Haley,Hurd,Youngkin,Hutchinson,Suarez,Elder,Burgum,DeSantis,Trump
0.932463,Trump,Pence,Youngkin,Hurd,Scott,Burgum,Hutchinson,Elder,Haley,Christie,Suarez,DeSantis,Ramaswamy
2.220458,Trump,DeSantis,Haley,Ramaswamy,Elder,Scott,Pence,Youngkin,Burgum,Hurd,Suarez,Hutchinson,Christie
0.992095,Trump,Pence,Christie,Ramaswamy,Hutchinson,Haley,Scott,DeSantis,Elder,Hurd,Suarez,Youngkin,Burgum
0.87319,Trump,DeSantis,Ramaswamy,Haley,Pence,Christie,Youngkin,Scott,Hutchinson,Burgum,Hurd,Suarez,Elder
0.899895,Trump,DeSantis,Haley,Scott,Pence,Youngkin,Ramaswamy,Elder,Burgum,Suarez,Hutchinson,Hurd,Christie
0.992095,Trump,Pence,Christie,Ramaswamy,Hutchinson,Haley,Scott,DeSantis,Elder,Hurd,Suarez,Youngkin,Burgum
1.049608,Trump,Ramaswamy,Scott,Haley,Elder,DeSantis,Pence,Burgum,Hurd,Youngkin,Hutchinson,Christie,Suarez
1.079307,Ramaswamy,Trump,Haley,DeSantis,Pence,Burgum,Suarez,Elder,Hurd,Youngkin,Hutchinson,Scott,Christie
1.134561,Hutchinson,Christie,Scott,Haley,Hurd,Youngkin,Burgum,Suarez,DeSantis,Elder,Ramaswamy,Pence,Trump
0.92613,Ramaswamy,DeSantis,Pence,Hurd,Haley,Youngkin,Hutchinson,Suarez,Burgum,Trump,Elder,Scott,Christie
0.710673,DeSantis,Ramaswamy,Scott,Elder,Hurd,Pence,Youngkin,Christie,Hutchinson,Suarez,Burgum,Haley,Trump
1.611159,DeSantis,Trump,Burgum,Ramaswamy,Haley,Pence,Scott,Christie,Youngkin,Hurd,Suarez,Hutchinson,Elder
1.271577,Trump,DeSantis,Ramaswamy,Scott,Haley,Youngkin,Suarez,Burgum,Pence,Christie,Hurd,Hutchinson,Elder
1.000625,Trump,DeSantis,Haley,Burgum,Scott,Ramaswamy,Pence,Christie,Hutchinson,Youngkin,Hurd,Elder,Suarez
0.81114,Hurd,Elder,Hutchinson,Scott,Suarez,Ramaswamy,Burgum,Youngkin,Haley,Christie,Pence,DeSantis,Trump
0.960016,Haley,Trump,Scott,Ramaswamy,Pence,Suarez,DeSantis,Christie,Elder,Youngkin,Burgum,Hutchinson,Hurd
0.667953,Trump,Ramaswamy,Haley,DeSantis,Christie,Scott,Pence,Hutchinson,Burgum,Elder,Suarez,Hurd,Youngkin
0.620487,Trump,Pence,Christie,DeSantis,Hutchinson,Hurd,Haley,Ramaswamy,Elder,Burgum,Youngkin,Suarez,Scott
0.786484,Trump,Ramaswamy,Scott,Hurd,Burgum,DeSantis,Elder,Suarez,Hutchinson,Youngkin,Haley,Christie,Pence
0.886784,DeSantis,Trump,Haley,Ramaswamy,Scott,Youngkin,Pence,Elder,Christie,Suarez,Hutchinson,Hurd,Burgum
1.376605,Haley,Christie,Elder,Hutchinson,Hurd,Youngkin,Burgum,Pence,Scott,Suarez,Ramaswamy,DeSantis,Trump
1.101605,DeSantis,Trump,Haley,Ramaswamy,Pence,Scott,Christie,Hutchinson,Hurd,Elder,Youngkin,Burgum,Suarez
0.932822,Trump,Ramaswamy,DeSantis,Scott,Burgum,Youngkin,Haley,Hurd,Suarez,Elder,Christie,Pence,Hutchinson
1.002609,Trump,DeSantis,Haley,Scott,Ramaswamy,Elder,Pence,Youngkin,Burgum,Suarez,Hurd,Christie,Hutchinson
0.925859,Trump,Pence,Ramaswamy,Hutchinson,DeSantis,Youngkin,Scott,Suarez,Elder,Burgum,Christie,Haley,Hurd
1.149689,Trump,DeSantis,Youngkin,Elder,Burgum,Scott,Haley,Suarez,Hutchinson,Hurd,Ramaswamy,Christie,Pence
0.828187,Haley,Elder,Scott,Youngkin,Hurd,Hutchinson,Burgum,Suarez,Ramaswamy,Christie,Pence,DeSantis,Trump
0.888483,Trump,Ramaswamy,DeSantis,Haley,Scott,Christie,Burgum,Pence,Elder,Youngkin,Hutchinson,Suarez,Hurd
1.129901,Trump,Ramaswamy,Haley,Youngkin,DeSantis,Scott,Elder,Hutchinson,Hurd,Suarez,Burgum,Pence,Christie
0.56361,Trump,Haley,DeSantis,Elder,Christie,Hutchinson,Suarez,Hurd,Burgum,Ramaswamy,Scott,Youngkin,Pence
0.718335,Christie,Haley,Burgum,Youngkin,Elder,Hutchinson,Hurd,Pence,Suarez,Ramaswamy,Scott,DeSantis,Trump
1.299495,Haley,DeSantis,Youngkin,Trump,Scott,Burgum,Ramaswamy,Hutchinson,Christie,Pence,Elder,Hurd,Suarez
0.73399,Trump,DeSantis,Ramaswamy,Pence,Christie,Haley,Scott,Youngkin,Elder,Hutchinson,Burgum,Suarez,Hurd
1.015766,Pence,Haley,DeSantis,Scott,Burgum,Christie,Elder,Suarez,Youngkin,Hutchinson,Trump,Ramaswamy,Hurd
0.762857,Trump,DeSantis,Ramaswamy,Pence,Hutchinson,Elder,Youngkin,Christie,Burgum,Hurd,Suarez,Scott,Haley
0.720887,Pence,Ramaswamy,Scott,DeSantis,Haley,Trump,Burgum,Elder,Youngkin,Hurd,Hutchinson,Suarez,Christie
1.084045,Trump,Haley,Burgum,DeSantis,Youngkin,Scott,Elder,Suarez,Hutchinson,Ramaswamy,Pence,Hurd,Christie
0.671534,Ramaswamy,Trump,DeSantis,Haley,Pence,Scott,Christie,Burgum,Hutchinson,Elder,Youngkin,Suarez,Hurd
0.640195,Trump,DeSantis,Pence,Scott,Haley,Ramaswamy,Christie,Hurd,Elder,Hutchinson,Burgum,Suarez,Youngkin
1.120393,Trump,Ramaswamy,Haley,DeSantis,Scott,Burgum,Youngkin,Pence,Christie,Elder,Suarez,Hurd,Hutchinson
0.819929,Ramaswamy,Trump,DeSantis,Haley,Christie,Pence,Scott,Hurd,Suarez,Youngkin,Elder,Hutchinson,Burgum
0.970759,Trump,Ramaswamy,Youngkin,DeSantis,Haley,Elder,Scott,Burgum,Hurd,Suarez,Hutchinson,Pence,Christie
1.180376,DeSantis,Trump,Ramaswamy,Haley,Scott,Youngkin,Elder,Hutchinson,Suarez,Hurd,Burgum,Christie,Pence
1.458263,DeSantis,Trump,Ramaswamy,Pence,Christie,Suarez,Scott,Elder,Hurd,Hutchinson,Burgum,Youngkin,Haley
0.639186,Ramaswamy,Elder,Suarez,Hurd,Christie,Youngkin,Pence,Burgum,Hutchinson,Scott,Haley,Trump,DeSantis
0.779605,DeSantis,Haley,Trump,Scott,Pence,Ramaswamy,Youngkin,Suarez,Elder,Christie,Hutchinson,Hurd,Burgum
1.218747,DeSantis,Trump,Pence,Ramaswamy,Burgum,Christie,Haley,Scott,Elder,Youngkin,Hurd,Hutchinson,Suarez
1.166972,Ramaswamy,DeSantis,Haley,Pence,Hutchinson,Elder,Suarez,Hurd,Burgum,Scott,Youngkin,Christie,Trump
1.200697,Pence,Haley,Scott,DeSantis,Hutchinson,Burgum,Elder,Youngkin,Suarez,Trump,Hurd,Christie,Ramaswamy
0.577422,Haley,Elder,Trump,Suarez,DeSantis,Pence,Youngkin,Burgum,Scott,Hutchinson,Ramaswamy,Hurd,Christie
1.546149,DeSantis,Haley,Ramaswamy,Scott,Trump,Pence,Elder,Burgum,Youngkin,Christie,Hutchinson,Hurd,Suarez
0.798657,Ramaswamy,Haley,Pence,Burgum,Hutchinson,Scott,Elder,DeSantis,Christie,Suarez,Hurd,Youngkin,Trump
1.134561,Haley,DeSantis,Ramaswamy,Pence,Scott,Elder,Youngkin,Trump,Christie,Hutchinson,Burgum,Hurd,Suarez
1.627319,Trump,DeSantis,Scott,Haley,Pence,Elder,Hutchinson,Youngkin,Burgum,Hurd,Suarez,Christie,Ramaswamy
1.82827,Christie,Youngkin,Suarez,Hutchinson,Scott,Burgum,Hurd,Elder,Ramaswamy,Haley,DeSantis,Pence,Trump
1.611159,DeSantis,Trump,Pence,Burgum,Haley,Hutchinson,Youngkin,Scott,Elder,Suarez,Hurd,Christie,Ramaswamy
1.15048,DeSantis,Ramaswamy,Trump,Christie,Scott,Pence,Burgum,Elder,Hutchinson,Youngkin,Hurd,Haley,Suarez
1.158692,Hutchinson,Christie,Hurd,Burgum,Pence,Scott,Haley,Suarez,Youngkin,Elder,DeSantis,Ramaswamy,Trump
1.101605,Trump,Ramaswamy,DeSantis,Haley,Burgum,Youngkin,Hutchinson,Suarez,Pence,Elder,Hurd,Scott,Christie
0.526889,Trump,DeSantis,Ramaswamy,Scott,Christie,Pence,Haley,Burgum,Elder,Youngkin,Hurd,Hutchinson,Suarez
0.668479,Trump,Burgum,Elder,Ramaswamy,Youngkin,Scott,DeSantis,Pence,Hutchinson,Haley,Christie,Suarez,Hurd
2.202489,Haley,Christie,Hutchinson,Scott,Hurd,Youngkin,Burgum,Suarez,Elder,Pence,Ramaswamy,DeSantis,Trump
0.785097,Trump,Ramaswamy,DeSantis,Haley,Scott,Hutchinson,Christie,Elder,Suarez,Hurd,Burgum,Youngkin,Pence
0.751381,Ramaswamy,DeSantis,Scott,Burgum,Pence,Haley,Trump,Youngkin,Hutchinson,Christie,Suarez,Elder,Hurd
1.696369,Trump,DeSantis,Ramaswamy,Scott,Youngkin,Suarez,Hutchinson,Burgum,Hurd,Elder,Christie,Haley,Pence
1.002393,Hurd,Hutchinson,Burgum,Scott,Youngkin,Suarez,Haley,Ramaswamy,Elder,DeSantis,Christie,Pence,Trump
1.18741,DeSantis,Ramaswamy,Christie,Haley,Trump,Scott,Pence,Hutchinson,Suarez,Elder,Hurd,Youngkin,Burgum
0.687217,Trump,Ramaswamy,DeSantis,Haley,Scott,Pence,Suarez,Youngkin,Burgum,Hutchinson,Elder,Christie,Hurd
0.510624,Christie,Hurd,Youngkin,Pence,Scott,Burgum,Elder,Suarez,Haley,Hutchinson,Ramaswamy,Trump,DeSantis
0.901839,Trump,Ramaswamy,Pence,Scott,Christie,Haley,Elder,Hurd,Suarez,Hutchinson,Burgum,Youngkin,DeSantis
0.846648,Trump,Ramaswamy,Pence,DeSantis,Christie,Burgum,Scott,Haley,Hutchinson,Youngkin,Suarez,Hurd,Elder
0.592254,Trump,Haley,Hutchinson,Pence,Ramaswamy,DeSantis,Scott,Elder,Christie,Youngkin,Hurd,Suarez,Burgum
0.971058,Pence,Scott,Burgum,Hutchinson,Elder,Christie,Hurd,Haley,Ramaswamy,DeSantis,Youngkin,Suarez,Trump
1.299495,Trump,DeSantis,Ramaswamy,Scott,Pence,Haley,Christie,Burgum,Elder,Suarez,Hurd,Youngkin,Hutchinson
0.695049,Ramaswamy,Pence,Christie,Trump,Scott,Hutchinson,Burgum,Hurd,DeSantis,Youngkin,Haley,Elder,Suarez
1.376605,Christie,Hutchinson,Scott,Elder,Youngkin,Suarez,Hurd,Burgum,Haley,Pence,Ramaswamy,DeSantis,Trump
0.567195,Trump,Hurd,Elder,Ramaswamy,Christie,Youngkin,Pence,Hutchinson,Haley,Burgum,Suarez,DeSantis,Scott
0.879255,Trump,Ramaswamy,Christie,Elder,Haley,Scott,Suarez,Burgum,Hurd,Hutchinson,Youngkin,DeSantis,Pence
0.741903,Trump,Ramaswamy,Hutchinson,Scott,Hurd,Pence,Christie,Burgum,Elder,Suarez,Youngkin,Haley,DeSantis
0.949777,Trump,DeSantis,Burgum,Scott,Elder,Hurd,Youngkin,Haley,Hutchinson,Suarez,Ramaswamy,Pence,Christie
0.9069,Trump,DeSantis,Pence,Haley,Christie,Hurd,Youngkin,Elder,Suarez,Burgum,Scott,Hutchinson,Ramaswamy
0.892157,Christie,Haley,Hutchinson,Pence,Scott,Hurd,Burgum,Suarez,Trump,DeSantis,Elder,Youngkin,Ramaswamy
0.79963,Trump,Ramaswamy,Scott,DeSantis,Christie,Hutchinson,Haley,Pence,Suarez,Youngkin,Elder,Hurd,Burgum
0.792237,Trump,Ramaswamy,DeSantis,Haley,Pence,Youngkin,Hutchinson,Scott,Elder,Hurd,Christie,Burgum,Suarez
1.001352,Ramaswamy,Trump,DeSantis,Christie,Haley,Suarez,Scott,Hutchinson,Hurd,Burgum,Elder,Youngkin,Pence
0.854785,Pence,DeSantis,Christie,Ramaswamy,Haley,Elder,Scott,Hutchinson,Burgum,Suarez,Hurd,Youngkin,Trump
0.971058,Pence,Scott,Burgum,Hutchinson,Elder,Christie,Hurd,Haley,Ramaswamy,DeSantis,Youngkin,Suarez,Trump
0.567195,Youngkin,Hurd,Suarez,Ramaswamy,Scott,Elder,Christie,Burgum,DeSantis,Haley,Hutchinson,Pence,Trump
1.134561,Haley,Christie,Scott,Burgum,Hutchinson,Suarez,Youngkin,Hurd,Pence,Elder,DeSantis,Ramaswamy,Trump
0.735939,Christie,Pence,Hutchinson,Youngkin,Scott,Ramaswamy,Hurd,Burgum,Elder,Haley,Suarez,DeSantis,Trump
0.681832,DeSantis,Trump,Scott,Ramaswamy,Elder,Hurd,Youngkin,Burgum,Suarez,Hutchinson,Haley,Christie,Pence
0.743226,Trump,DeSantis,Ramaswamy,Pence,Scott,Haley,Hutchinson,Youngkin,Christie,Hurd,Elder,Burgum,Suarez
0.779609,Trump,DeSantis,Ramaswamy,Scott,Pence,Haley,Christie,Youngkin,Hutchinson,Elder,Burgum,Suarez,Hurd
0.720887,Trump,Scott,Ramaswamy,Haley,Elder,Youngkin,DeSantis,Hutchinson,Hurd,Pence,Suarez,Christie,Burgum
0.724205,Trump,Ramaswamy,DeSantis,Scott,Burgum,Haley,Youngkin,Elder,Hurd,Suarez,Hutchinson,Pence,Christie
0.813634,Haley,Ramaswamy,Pence,Scott,Burgum,Suarez,Hutchinson,Christie,Youngkin,Elder,Hurd,DeSantis,Trump
0.903189,Haley,Pence,Ramaswamy,Scott,Elder,Suarez,Youngkin,Burgum,DeSantis,Christie,Hurd,Hutchinson,Trump
0.92613,Ramaswamy,DeSantis,Pence,Hurd,Haley,Youngkin,Hutchinson,Suarez,Burgum,Trump,Elder,Scott,Christie
0.660172,DeSantis,Ramaswamy,Suarez,Burgum,Elder,Haley,Pence,Christie,Hutchinson,Hurd,Scott,Youngkin,Trump
1.188447,Haley,DeSantis,Ramaswamy,Burgum,Hurd,Scott,Hutchinson,Elder,Suarez,Youngkin,Christie,Pence,Trump
1.82827,Christie,Youngkin,Suarez,Hutchinson,Scott,Burgum,Hurd,Elder,Ramaswamy,Haley,DeSantis,Pence,Trump
1.207837,Trump,Ramaswamy,DeSantis,Pence,Christie,Hutchinson,Haley,Youngkin,Elder,Scott,Burgum,Hurd,Suarez
0.614352,Scott,Haley,Hurd,Pence,Hutchinson,Burgum,Suarez,Christie,Youngkin,Trump,Ramaswamy,Elder,DeSantis
0.899549,Trump,Haley,Ramaswamy,DeSantis,Youngkin,Burgum,Elder,Scott,Pence,Christie,Hutchinson,Hurd,Suarez
0.552991,Trump,DeSantis,Scott,Ramaswamy,Hutchinson,Haley,Christie,Youngkin,Hurd,Elder,Burgum,Suarez,Pence
0.65782,Ramaswamy,Pence,Haley,DeSantis,Hurd,Scott,Suarez,Trump,Hutchinson,Burgum,Christie,Elder,Youngkin
1.117221,Trump,DeSantis,Ramaswamy,Haley,Youngkin,Christie,Elder,Burgum,Hutchinson,Suarez,Hurd,Scott,Pence
0.929519,DeSantis,Trump,Ramaswamy,Youngkin,Scott,Burgum,Pence,Elder,Hutchinson,Suarez,Hurd,Haley,Christie
0.996977,Haley,Scott,Christie,Pence,DeSantis,Hutchinson,Burgum,Hurd,Elder,Youngkin,Suarez,Ramaswamy,Trump
0.767178,Pence,Haley,Elder,Scott,Burgum,Hurd,Christie,Youngkin,DeSantis,Suarez,Ramaswamy,Hutchinson,Trump
1.679312,Trump,DeSantis,Haley,Hutchinson,Hurd,Burgum,Ramaswamy,Pence,Suarez,Elder,Youngkin,Scott,Christie
1.134561,Trump,Ramaswamy,DeSantis,Scott,Haley,Elder,Pence,Christie,Youngkin,Hutchinson,Hurd,Burgum,Suarez
0.901839,Trump,Ramaswamy,Haley,Hurd,DeSantis,Scott,Christie,Suarez,Hutchinson,Elder,Youngkin,Pence,Burgum
1.342131,Trump,DeSantis,Haley,Scott,Pence,Ramaswamy,Burgum,Hutchinson,Youngkin,Elder,Suarez,Christie,Hurd
1.372707,Trump,Pence,DeSantis,Haley,Christie,Scott,Burgum,Hurd,Elder,Suarez,Youngkin,Hutchinson,Ramaswamy
0.603219,DeSantis,Ramaswamy,Pence,Suarez,Youngkin,Scott,Trump,Burgum,Christie,Haley,Hutchinson,Hurd,Elder
1.50968,Trump,DeSantis,Pence,Ramaswamy,Burgum,Haley,Hutchinson,Elder,Youngkin,Scott,Hurd,Suarez,Christie
0.567195,Trump,Ramaswamy,Christie,Hurd,Haley,Pence,Youngkin,DeSantis,Elder,Suarez,Burgum,Scott,Hutchinson
1.033456,Haley,DeSantis,Scott,Ramaswamy,Pence,Christie,Trump,Elder,Hutchinson,Burgum,Hurd,Youngkin,Suarez
1.215652,Haley,Ramaswamy,DeSantis,Trump,Scott,Christie,Pence,Hurd,Youngkin,Elder,Hutchinson,Suarez,Burgum
0.720887,Trump,Scott,Ramaswamy,Haley,Elder,Youngkin,DeSantis,Hutchinson,Hurd,Pence,Suarez,Christie,Burgum
1.215652,Haley,Ramaswamy,DeSantis,Trump,Scott,Christie,Pence,Hurd,Youngkin,Elder,Hutchinson,Suarez,Burgum
1.478149,Haley,Christie,DeSantis,Pence,Youngkin,Scott,Elder,Burgum,Hutchinson,Trump,Suarez,Hurd,Ramaswamy
0.929519,Trump,DeSantis,Ramaswamy,Scott,Haley,Elder,Hutchinson,Burgum,Youngkin,Pence,Hurd,Suarez,Christie
1.271577,DeSantis,Ramaswamy,Trump,Haley,Scott,Pence,Hutchinson,Burgum,Youngkin,Elder,Suarez,Christie,Hurd
0.792237,Trump,Elder,Hurd,Hutchinson,Ramaswamy,Christie,Youngkin,Pence,Suarez,Scott,DeSantis,Burgum,Haley
0.670254,Hutchinson,Elder,Suarez,Hurd,Scott,Youngkin,Christie,Pence,Ramaswamy,Haley,Burgum,DeSantis,Trump
1.308647,Haley,Pence,DeSantis,Elder,Youngkin,Christie,Hutchinson,Hurd,Scott,Burgum,Suarez,Trump,Ramaswamy
1.017577,Trump,Haley,Scott,Ramaswamy,DeSantis,Burgum,Pence,Hurd,Youngkin,Elder,Suarez,Hutchinson,Christie
0.851323,Trump,Ramaswamy,Christie,Youngkin,Haley,Pence,Elder,Hurd,Scott,Hutchinson,DeSantis,Burgum,Suarez
0.624392,Trump,Ramaswamy,DeSantis,Scott,Elder,Hurd,Youngkin,Suarez,Hutchinson,Christie,Haley,Burgum,Pence
0.708142,Trump,Ramaswamy,Haley,Pence,Suarez,Christie,Youngkin,DeSantis,Hurd,Scott,Burgum,Hutchinson,Elder
1.559977,Trump,DeSantis,Haley,Scott,Hutchinson,Hurd,Youngkin,Suarez,Burgum,Elder,Pence,Christie,Ramaswamy
0.650804,Burgum,Haley,Scott,Pence,Ramaswamy,DeSantis,Christie,Trump,Elder,Hutchinson,Youngkin,Hurd,Suarez
0.767178,Trump,Ramaswamy,Elder,Scott,Burgum,Youngkin,DeSantis,Haley,Suarez,Pence,Hutchinson,Hurd,Christie
0.466606,Haley,Christie,Hurd,Scott,Elder,Ramaswamy,Pence,Suarez,Burgum,Youngkin,DeSantis,Hutchinson,Trump
1.247329,Trump,Ramaswamy,DeSantis,Christie,Haley,Hutchinson,Youngkin,Hurd,Suarez,Scott,Burgum,Elder,Pence
0.620487,Trump,Ramaswamy,DeSantis,Pence,Scott,Youngkin,Burgum,Elder,Christie,Haley,Hutchinson,Hurd,Suarez
1.122006,Trump,Haley,DeSantis,Youngkin,Burgum,Hurd,Hutchinson,Scott,Suarez,Elder,Pence,Christie,Ramaswamy
1.103789,Trump,Haley,DeSantis,Christie,Suarez,Hurd,Youngkin,Ramaswamy,Elder,Scott,Burgum,Hutchinson,Pence
0.991915,Pence,Youngkin,Hutchinson,Hurd,Elder,Haley,Burgum,Ramaswamy,Christie,DeSantis,Suarez,Scott,Trump
1.529463,Scott,Ramaswamy,Pence,Elder,Haley,Youngkin,Hurd,Christie,Burgum,Suarez,Hutchinson,DeSantis,Trump
1.045781,Trump,Ramaswamy,Scott,DeSantis,Haley,Elder,Hurd,Suarez,Hutchinson,Youngkin,Burgum,Pence,Christie
0.970759,Trump,Ramaswamy,DeSantis,Scott,Youngkin,Haley,Burgum,Suarez,Elder,Hurd,Hutchinson,Pence,Christie
1.281476,Ramaswamy,Scott,Haley,Pence,DeSantis,Burgum,Youngkin,Hurd,Trump,Hutchinson,Suarez,Christie,Elder
1.103789,Trump,Haley,DeSantis,Christie,Suarez,Hurd,Youngkin,Ramaswamy,Elder,Scott,Burgum,Hutchinson,Pence
1.376605,Christie,Haley,Hutchinson,Scott,DeSantis,Burgum,Elder,Suarez,Hurd,Youngkin,Pence,Ramaswamy,Trump
0.720887,Pence,Ramaswamy,Scott,DeSantis,Haley,Trump,Burgum,Elder,Youngkin,Hurd,Hutchinson,Suarez,Christie
0.747966,Pence,Trump,Ramaswamy,Scott,Haley,Suarez,Hutchinson,DeSantis,Christie,Elder,Youngkin,Burgum,Hurd
0.798657,Trump,Haley,Ramaswamy,DeSantis,Scott,Hutchinson,Pence,Elder,Burgum,Youngkin,Hurd,Suarez,Christie
2.670492,Christie,Haley,Burgum,Hutchinson,Scott,Suarez,Hurd,Youngkin,Elder,DeSantis,Pence,Ramaswamy,Trump
1.049608,Haley,Scott,DeSantis,Ramaswamy,Pence,Christie,Trump,Burgum,Hutchinson,Suarez,Elder,Hurd,Youngkin
1.481912,Trump,Ramaswamy,Haley,Christie,DeSantis,Burgum,Pence,Scott,Suarez,Hurd,Youngkin,Elder,Hutchinson
1.314392,Trump,DeSantis,Scott,Pence,Youngkin,Burgum,Haley,Ramaswamy,Christie,Elder,Hutchinson,Suarez,Hurd
1.18741,Ramaswamy,Scott,Haley,Pence,Burgum,Hurd,Suarez,Hutchinson,Christie,Youngkin,Elder,DeSantis,Trump
0.987831,Trump,Ramaswamy,Haley,Pence,Hutchinson,Elder,Suarez,Christie,Scott,Hurd,Youngkin,DeSantis,Burgum
1.372707,Trump,Pence,DeSantis,Haley,Christie,Scott,Burgum,Hurd,Elder,Suarez,Youngkin,Hutchinson,Ramaswamy
1.503597,Ramaswamy,Trump,Hutchinson,Suarez,Hurd,Burgum,Youngkin,Scott,Haley,Pence,DeSantis,Christie,Elder
0.798657,Trump,Ramaswamy,DeSantis,Scott,Burgum,Christie,Elder,Hurd,Youngkin,Haley,Suarez,Hutchinson,Pence
0.743226,Trump,DeSantis,Ramaswamy,Pence,Scott,Haley,Hutchinson,Youngkin,Christie,Hurd,Elder,Burgum,Suarez
0.785097,Trump,Ramaswamy,DeSantis,Haley,Scott,Hutchinson,Christie,Elder,Suarez,Hurd,Burgum,Youngkin,Pence
1.180031,Trump,DeSantis,Ramaswamy,Pence,Christie,Scott,Elder,Hutchinson,Hurd,Haley,Burgum,Suarez,Youngkin
1.15048,DeSantis,Ramaswamy,Trump,Christie,Scott,Pence,Burgum,Elder,Hutchinson,Youngkin,Hurd,Haley,Suarez
1.81136,Trump,DeSantis,Haley,Pence,Youngkin,Suarez,Burgum,Scott,Elder,Hurd,Christie,Hutchinson,Ramaswamy
0.992095,Trump,Pence,Christie,Ramaswamy,Hutchinson,Haley,Scott,DeSantis,Elder,Hurd,Suarez,Youngkin,Burgum
0.817814,Pence,Scott,Trump,Hurd,Hutchinson,Elder,Burgum,Christie,Suarez,DeSantis,Youngkin,Haley,Ramaswamy
1.002609,Christie,Haley,Suarez,Hutchinson,Pence,Burgum,Elder,Youngkin,Hurd,Scott,Ramaswamy,DeSantis,Trump
1.270672,DeSantis,Haley,Ramaswamy,Scott,Trump,Pence,Elder,Youngkin,Christie,Hurd,Burgum,Hutchinson,Suarez
1.270672,Trump,DeSantis,Ramaswamy,Youngkin,Haley,Elder,Suarez,Scott,Burgum,Pence,Hutchinson,Hurd,Christie
1.023323,Pence,DeSantis,Scott,Ramaswamy,Trump,Burgum,Haley,Christie,Hutchinson,Youngkin,Hurd,Elder,Suarez
1.968129,Trump,Haley,DeSantis,Scott,Burgum,Christie,Elder,Ramaswamy,Hurd,Youngkin,Hutchinson,Suarez,Pence
0.636425,Trump,DeSantis,Ramaswamy,Pence,Haley,Christie,Elder,Burgum,Hutchinson,Suarez,Hurd,Scott,Youngkin
0.587057,Elder,Scott,Youngkin,Suarez,Ramaswamy,Haley,Hurd,Hutchinson,Burgum,Christie,Pence,DeSantis,Trump
0.697987,Trump,DeSantis,Haley,Scott,Ramaswamy,Youngkin,Elder,Hutchinson,Suarez,Hurd,Burgum,Pence,Christie
0.670254,Trump,DeSantis,Pence,Elder,Hurd,Burgum,Hutchinson,Youngkin,Scott,Haley,Suarez,Ramaswamy,Christie
0.710673,DeSantis,Ramaswamy,Scott,Elder,Hurd,Pence,Youngkin,Christie,Hutchinson,Suarez,Burgum,Haley,Trump
1.033456,Haley,DeSantis,Scott,Ramaswamy,Pence,Christie,Trump,Elder,Hutchinson,Burgum,Hurd,Youngkin,Suarez
0.968735,Trump,DeSantis,Ramaswamy,Hutchinson,Burgum,Hurd,Scott,Elder,Youngkin,Haley,Suarez,Christie,Pence
0.792237,DeSantis,Haley,Youngkin,Pence,Scott,Suarez,Ramaswamy,Elder,Hurd,Hutchinson,Burgum,Trump,Christie
1.247329,DeSantis,Youngkin,Haley,Scott,Elder,Suarez,Hutchinson,Burgum,Ramaswamy,Hurd,Trump,Pence,Christie
0.650804,DeSantis,Trump,Ramaswamy,Pence,Hutchinson,Suarez,Hurd,Haley,Youngkin,Elder,Burgum,Christie,Scott
0.474338,Ramaswamy,Hutchinson,Youngkin,Haley,Hurd,Burgum,Pence,Elder,Scott,Christie,Suarez,DeSantis,Trump
1.567187,Trump,Pence,Hurd,DeSantis,Burgum,Elder,Scott,Youngkin,Hutchinson,Ramaswamy,Christie,Suarez,Haley
1.261425,Trump,Pence,DeSantis,Elder,Christie,Haley,Ramaswamy,Hurd,Hutchinson,Scott,Suarez,Burgum,Youngkin
1.134561,Haley,DeSantis,Ramaswamy,Pence,Scott,Elder,Youngkin,Trump,Christie,Hutchinson,Burgum,Hurd,Suarez
1.002609,Trump,Scott,Haley,DeSantis,Ramaswamy,Pence,Christie,Elder,Youngkin,Hutchinson,Suarez,Hurd,Burgum
1.137748,DeSantis,Pence,Haley,Hutchinson,Scott,Christie,Elder,Suarez,Youngkin,Ramaswamy,Burgum,Hurd,Trump
0.81823,DeSantis,Trump,Ramaswamy,Hutchinson,Suarez,Pence,Christie,Burgum,Haley,Scott,Hurd,Elder,Youngkin
0.888483,Trump,Ramaswamy,DeSantis,Haley,Scott,Christie,Burgum,Pence,Elder,Youngkin,Hutchinson,Suarez,Hurd
1.084801,Ramaswamy,Haley,Christie,Burgum,Hutchinson,Elder,Scott,Pence,DeSantis,Youngkin,Hurd,Suarez,Trump
1.000625,Christie,Ramaswamy,Haley,Scott,Elder,Youngkin,Suarez,Pence,Burgum,Hutchinson,Hurd,DeSantis,Trump
0.603219,Trump,Ramaswamy,Haley,Elder,Scott,Suarez,DeSantis,Burgum,Youngkin,Christie,Hutchinson,Hurd,Pence
1.559977,Trump,Ramaswamy,Scott,Burgum,DeSantis,Haley,Christie,Suarez,Pence,Hutchinson,Elder,Hurd,Youngkin
0.839247,Trump,Pence,Scott,Hurd,Burgum,Haley,Ramaswamy,Suarez,Hutchinson,Elder,DeSantis,Youngkin,Christie
0.718335,Trump,Ramaswamy,DeSantis,Scott,Haley,Youngkin,Elder,Hutchinson,Suarez,Hurd,Burgum,Pence,Christie
0.681832,Hutchinson,DeSantis,Scott,Trump,Haley,Hurd,Pence,Christie,Suarez,Burgum,Youngkin,Elder,Ramaswamy
0.899549,Trump,Haley,Ramaswamy,DeSantis,Youngkin,Burgum,Elder,Scott,Pence,Christie,Hutchinson,Hurd,Suarez
0.9069,Trump,DeSantis,Pence,Haley,Christie,Hurd,Youngkin,Elder,Suarez,Burgum,Scott,Hutchinson,Ramaswamy
1.219104,Trump,DeSantis,Ramaswamy,Haley,Youngkin,Burgum,Hutchinson,Pence,Scott,Hurd,Elder,Suarez,Christie
1.121883,Ramaswamy,Haley,DeSantis,Trump,Hurd,Christie,Suarez,Pence,Burgum,Youngkin,Scott,Elder,Hutchinson
1.15048,DeSantis,Ramaswamy,Trump,Christie,Scott,Pence,Burgum,Elder,Hutchinson,Youngkin,Hurd,Haley,Suarez
1.04502,Trump,Pence,Haley,DeSantis,Scott,Ramaswamy,Christie,Youngkin,Hutchinson,Suarez,Burgum,Hurd,Elder
0.974208,DeSantis,Haley,Scott,Trump,Ramaswamy,Pence,Youngkin,Hurd,Hutchinson,Burgum,Christie,Suarez,Elder
0.785097,Trump,Ramaswamy,DeSantis,Youngkin,Haley,Hutchinson,Elder,Scott,Hurd,Burgum,Pence,Christie,Suarez
1.068725,Ramaswamy,Haley,Youngkin,Suarez,Elder,Hutchinson,Christie,Pence,Burgum,Scott,DeSantis,Hurd,Trump
0.779609,Trump,DeSantis,Ramaswamy,Scott,Pence,Haley,Christie,Youngkin,Hutchinson,Elder,Burgum,Suarez,Hurd
0.603219,Trump,Ramaswamy,DeSantis,Haley,Scott,Elder,Hurd,Suarez,Burgum,Hutchinson,Youngkin,Pence,Christie
0.826713,Ramaswamy,Haley,Christie,Scott,Youngkin,Burgum,DeSantis,Pence,Trump,Elder,Suarez,Hurd,Hutchinson
1.237638,Trump,DeSantis,Ramaswamy,Haley,Scott,Hutchinson,Elder,Hurd,Burgum,Suarez,Christie,Youngkin,Pence
1.188226,Trump,Ramaswamy,DeSantis,Pence,Scott,Haley,Hurd,Christie,Youngkin,Elder,Suarez,Burgum,Hutchinson
0.867089,Trump,Haley,Scott,Elder,Hutchinson,Suarez,Youngkin,DeSantis,Pence,Christie,Burgum,Hurd,Ramaswamy
1.121883,Ramaswamy,Pence,Christie,Haley,Trump,DeSantis,Suarez,Burgum,Hutchinson,Scott,Hurd,Youngkin,Elder
0.87319,Trump,DeSantis,Ramaswamy,Haley,Pence,Christie,Youngkin,Scott,Hutchinson,Burgum,Hurd,Suarez,Elder
0.904612,DeSantis,Haley,Ramaswamy,Pence,Hutchinson,Christie,Youngkin,Burgum,Scott,Trump,Elder,Hurd,Suarez
0.798657,DeSantis,Burgum,Haley,Elder,Youngkin,Hurd,Suarez,Ramaswamy,Christie,Pence,Hutchinson,Scott,Trump
0.660172,Ramaswamy,Trump,DeSantis,Elder,Scott,Pence,Burgum,Haley,Hurd,Youngkin,Hutchinson,Suarez,Christie
0.786484,Trump,Ramaswamy,Scott,Hurd,Burgum,DeSantis,Elder,Suarez,Hutchinson,Youngkin,Haley,Christie,Pence
0.660172,Christie,Haley,Pence,Scott,Elder,Hutchinson,Suarez,Youngkin,Hurd,Burgum,Ramaswamy,DeSantis,Trump
0.879255,Trump,Ramaswamy,DeSantis,Scott,Hurd,Youngkin,Elder,Burgum,Haley,Hutchinson,Christie,Pence,Suarez
1.000625,Hutchinson,Hurd,Scott,Christie,Pence,Burgum,Haley,Youngkin,Elder,Suarez,Ramaswamy,DeSantis,Trump
0.747966,Pence,Trump,Ramaswamy,Scott,Haley,Suarez,Hutchinson,DeSantis,Christie,Elder,Youngkin,Burgum,Hurd
0.56361,Trump,Scott,DeSantis,Elder,Hurd,Burgum,Youngkin,Pence,Ramaswamy,Suarez,Hutchinson,Haley,Christie
1.056898,Trump,Pence,DeSantis,Christie,Scott,Youngkin,Ramaswamy,Burgum,Suarez,Hutchinson,Hurd,Haley,Elder
0.787886,Trump,DeSantis,Suarez,Hurd,Burgum,Pence,Scott,Haley,Elder,Hutchinson,Youngkin,Christie,Ramaswamy
0.668479,Haley,Christie,Pence,Hurd,Suarez,Hutchinson,Youngkin,Burgum,Ramaswamy,DeSantis,Scott,Elder,Trump
1.048733,Pence,Haley,Ramaswamy,Christie,Scott,Hutchinson,DeSantis,Burgum,Hurd,Elder,Youngkin,Suarez,Trump
1.103994,Ramaswamy,DeSantis,Trump,Haley,Christie,Scott,Burgum,Pence,Youngkin,Hurd,Hutchinson,Elder,Suarez
0.654717,Trump,Ramaswamy,Christie,Scott,Hutchinson,Suarez,Elder,Burgum,Pence,DeSantis,Hurd,Youngkin,Haley
0.564615,Scott,Ramaswamy,Pence,DeSantis,Christie,Elder,Trump,Hutchinson,Youngkin,Hurd,Haley,Suarez,Burgum
1.086363,Ramaswamy,Haley,DeSantis,Christie,Pence,Hutchinson,Scott,Suarez,Hurd,Youngkin,Burgum,Elder,Trump
1.434836,DeSantis,Burgum,Ramaswamy,Youngkin,Haley,Scott,Trump,Elder,Pence,Suarez,Hurd,Christie,Hutchinson
0.502301,Trump,Ramaswamy,Pence,Elder,Hurd,Haley,Youngkin,DeSantis,Christie,Scott,Burgum,Suarez,Hutchinson
0.853945,Burgum,Haley,Ramaswamy,Trump,DeSantis,Pence,Christie,Scott,Hutchinson,Youngkin,Hurd,Elder,Suarez
1.253053,Trump,DeSantis,Pence,Haley,Scott,Ramaswamy,Youngkin,Burgum,Elder,Hurd,Suarez,Hutchinson,Christie
0.806909,Ramaswamy,Trump,Haley,Burgum,Pence,Christie,Scott,Hutchinson,Youngkin,DeSantis,Hurd,Suarez,Elder
0.805183,Trump,DeSantis,Haley,Scott,Ramaswamy,Pence,Burgum,Elder,Youngkin,Christie,Hutchinson,Suarez,Hurd
0.95828,Trump,Ramaswamy,Pence,DeSantis,Haley,Burgum,Elder,Suarez,Scott,Youngkin,Hutchinson,Christie,Hurd
0.65782,Ramaswamy,Haley,Hutchinson,Pence,Youngkin,Burgum,Elder,Suarez,Hurd,Christie,Scott,DeSantis,Trump
0.63756,Trump,Christie,Ramaswamy,Youngkin,Pence,DeSantis,Hutchinson,Hurd,Elder,Haley,Suarez,Burgum,Scott
1.308647,Haley,Pence,DeSantis,Elder,Hurd,Burgum,Youngkin,Hutchinson,Scott,Christie,Suarez,Trump,Ramaswamy
0.751381,Trump,Ramaswamy,DeSantis,Scott,Youngkin,Elder,Burgum,Hurd,Haley,Christie,Hutchinson,Suarez,Pence
0.798657,Trump,Haley,Ramaswamy,DeSantis,Scott,Hutchinson,Pence,Elder,Burgum,Youngkin,Hurd,Suarez,Christie
0.697987,Trump,DeSantis,Haley,Scott,Ramaswamy,Youngkin,Elder,Hutchinson,Suarez,Hurd,Burgum,Pence,Christie
1.546149,Trump,DeSantis,Haley,Pence,Ramaswamy,Scott,Youngkin,Elder,Burgum,Hutchinson,Suarez,Hurd,Christie
1.117221,Trump,DeSantis,Ramaswamy,Haley,Youngkin,Christie,Elder,Burgum,Hutchinson,Suarez,Hurd,Scott,Pence
1.120393,Trump,Ramaswamy,Haley,DeSantis,Scott,Burgum,Youngkin,Pence,Christie,Elder,Suarez,Hurd,Hutchinson
1.278271,DeSantis,Scott,Trump,Ramaswamy,Haley,Pence,Hutchinson,Elder,Hurd,Suarez,Youngkin,Burgum,Christie
0.960016,Trump,Ramaswamy,DeSantis,Burgum,Scott,Elder,Haley,Hurd,Suarez,Youngkin,Pence,Hutchinson,Christie
0.65782,Ramaswamy,Haley,Hutchinson,Pence,Youngkin,Burgum,Elder,Suarez,Hurd,Christie,Scott,DeSantis,Trump
0.708142,Ramaswamy,Trump,DeSantis,Pence,Haley,Christie,Suarez,Elder,Burgum,Youngkin,Hurd,Hutchinson,Scott
0.917571,Trump,Ramaswamy,DeSantis,Elder,Youngkin,Hutchinson,Haley,Suarez,Hurd,Pence,Burgum,Scott,Christie
2.040183,Trump,DeSantis,Christie,Haley,Elder,Ramaswamy,Scott,Burgum,Suarez,Hurd,Youngkin,Hutchinson,Pence
1.033456,Haley,Scott,Pence,Christie,Burgum,Trump,Hutchinson,Hurd,Youngkin,Suarez,Elder,Ramaswamy,DeSantis
1.270672,DeSantis,Trump,Haley,Ramaswamy,Scott,Youngkin,Pence,Hurd,Burgum,Hutchinson,Elder,Christie,Suarez
0.718335,DeSantis,Ramaswamy,Haley,Scott,Pence,Elder,Youngkin,Hurd,Suarez,Burgum,Christie,Hutchinson,Trump
2.202489,DeSantis,Trump,Ramaswamy,Scott,Pence,Youngkin,Hutchinson,Elder,Hurd,Suarez,Burgum,Christie,Haley
1.478149,Christie,Hutchinson,Haley,Pence,Scott,Elder,Suarez,Youngkin,Hurd,Burgum,Ramaswamy,DeSantis,Trump
0.95828,Trump,DeSantis,Haley,Ramaswamy,Scott,Youngkin,Pence,Elder,Burgum,Suarez,Hurd,Christie,Hutchinson
0.526889,Trump,DeSantis,Ramaswamy,Scott,Christie,Pence,Haley,Burgum,Elder,Youngkin,Hurd,Hutchinson,Suarez
0.65782,Trump,Haley,Scott,DeSantis,Youngkin,Burgum,Christie,Hurd,Ramaswamy,Elder,Suarez,Hutchinson,Pence
0.888483,Trump,Ramaswamy,Elder,Youngkin,Hutchinson,Suarez,Scott,Hurd,Burgum,Pence,DeSantis,Haley,Christie
1.379506,Trump,DeSantis,Ramaswamy,Scott,Elder,Haley,Hutchinson,Burgum,Youngkin,Hurd,Suarez,Pence,Christie
1.218747,Trump,Pence,DeSantis,Christie,Scott,Burgum,Suarez,Elder,Youngkin,Hurd,Hutchinson,Haley,Ramaswamy
1.134561,Haley,Trump,DeSantis,Christie,Youngkin,Pence,Hutchinson,Hurd,Burgum,Ramaswamy,Suarez,Elder,Scott
0.741903,Trump,Ramaswamy,Hutchinson,Scott,Hurd,Pence,Christie,Burgum,Elder,Suarez,Youngkin,Haley,DeSantis
1.342131,Trump,Scott,DeSantis,Youngkin,Ramaswamy,Hutchinson,Elder,Haley,Burgum,Suarez,Hurd,Pence,Christie
0.614214,Trump,Scott,Hurd,Pence,Ramaswamy,Suarez,Elder,Haley,Christie,Hutchinson,Youngkin,Burgum,DeSantis
1.308647,Haley,Pence,DeSantis,Elder,Hurd,Burgum,Youngkin,Hutchinson,Scott,Christie,Suarez,Trump,Ramaswamy
1.200697,DeSantis,Ramaswamy,Pence,Hutchinson,Hurd,Christie,Youngkin,Haley,Burgum,Elder,Suarez,Scott,Trump
1.132141,Ramaswamy,DeSantis,Trump,Scott,Haley,Pence,Burgum,Hutchinson,Elder,Christie,Hurd,Youngkin,Suarez
1.826138,Trump,Ramaswamy,Elder,DeSantis,Youngkin,Burgum,Suarez,Christie,Haley,Hurd,Hutchinson,Scott,Pence
1.069759,Trump,Ramaswamy,Youngkin,DeSantis,Scott,Haley,Burgum,Pence,Hurd,Suarez,Hutchinson,Christie,Elder
1.002609,Christie,Haley,Suarez,Hutchinson,Pence,Burgum,Elder,Youngkin,Hurd,Scott,Ramaswamy,DeSantis,Trump
0.56361,Ramaswamy,Trump,DeSantis,Haley,Scott,Youngkin,Elder,Burgum,Hurd,Hutchinson,Christie,Suarez,Pence
0.778987,Trump,Pence,Elder,Scott,Christie,Burgum,Haley,Youngkin,Suarez,Hurd,DeSantis,Hutchinson,Ramaswamy
0.890183,Ramaswamy,DeSantis,Scott,Elder,Haley,Youngkin,Burgum,Hurd,Hutchinson,Pence,Suarez,Trump,Christie
0.817814,Pence,Scott,Trump,Hurd,Hutchinson,Elder,Burgum,Christie,Suarez,DeSantis,Youngkin,Haley,Ramaswamy
1.033456,Haley,Scott,Pence,Christie,Burgum,Trump,Hutchinson,Hurd,Youngkin,Suarez,Elder,Ramaswamy,DeSantis
1.529463,Christie,Elder,Scott,Hurd,Haley,Suarez,Burgum,Youngkin,Hutchinson,Ramaswamy,Pence,DeSantis,Trump
1.312363,Trump,DeSantis,Haley,Pence,Ramaswamy,Scott,Youngkin,Elder,Hutchinson,Burgum,Hurd,Suarez,Christie
0.888483,Trump,Ramaswamy,Pence,Youngkin,DeSantis,Scott,Burgum,Haley,Hurd,Elder,Hutchinson,Christie,Suarez
1.134561,Trump,Ramaswamy,DeSantis,Scott,Haley,Elder,Pence,Christie,Youngkin,Hutchinson,Hurd,Burgum,Suarez
1.002609,Christie,Haley,Suarez,Hutchinson,Pence,Burgum,Elder,Youngkin,Hurd,Scott,Ramaswamy,DeSantis,Trump
0.606725,Trump,Pence,Ramaswamy,Scott,Elder,Christie,Youngkin,Burgum,Hurd,Hutchinson,Suarez,Haley,DeSantis
0.81114,Ramaswamy,Trump,Elder,DeSantis,Haley,Youngkin,Burgum,Scott,Hurd,Suarez,Hutchinson,Pence,Christie
0.670254,Trump,DeSantis,Pence,Elder,Hurd,Burgum,Hutchinson,Youngkin,Scott,Haley,Suarez,Ramaswamy,Christie
0.853945,Burgum,Haley,Ramaswamy,Trump,DeSantis,Pence,Christie,Scott,Hutchinson,Youngkin,Hurd,Elder,Suarez
1.04502,Christie,Haley,Burgum,Youngkin,Hutchinson,Hurd,Pence,Scott,Elder,Ramaswamy,DeSantis,Suarez,Trump
0.729306,Trump,Haley,Ramaswamy,Pence,Scott,DeSantis,Burgum,Elder,Suarez,Youngkin,Hutchinson,Hurd,Christie
1.048733,Trump,DeSantis,Pence,Scott,Christie,Haley,Burgum,Ramaswamy,Suarez,Elder,Youngkin,Hutchinson,Hurd
1.669118,Ramaswamy,Trump,Scott,Burgum,Youngkin,Haley,Elder,Hurd,Suarez,Pence,DeSantis,Hutchinson,Christie
1.051336,Christie,Haley,Trump,Scott,Hutchinson,Elder,DeSantis,Hurd,Burgum,Suarez,Youngkin,Ramaswamy,Pence
1.131761,DeSantis,Trump,Pence,Elder,Christie,Suarez,Burgum,Youngkin,Haley,Scott,Ramaswamy,Hutchinson,Hurd
0.892157,Christie,Hutchinson,Hurd,Suarez,Youngkin,Elder,Burgum,Scott,Pence,Haley,DeSantis,Ramaswamy,Trump
0.919605,DeSantis,Scott,Trump,Ramaswamy,Pence,Elder,Hutchinson,Youngkin,Hurd,Haley,Burgum,Christie,Suarez
1.217557,Haley,Christie,Pence,Scott,Burgum,Youngkin,Suarez,Hurd,Elder,Hutchinson,DeSantis,Ramaswamy,Trump
0.888483,Trump,Ramaswamy,Pence,Youngkin,DeSantis,Scott,Burgum,Haley,Hurd,Elder,Hutchinson,Christie,Suarez
0.95828,Trump,Ramaswamy,Pence,DeSantis,Haley,Burgum,Elder,Suarez,Scott,Youngkin,Hutchinson,Christie,Hurd
0.87319,Trump,DeSantis,Ramaswamy,Haley,Pence,Christie,Youngkin,Scott,Hutchinson,Burgum,Hurd,Suarez,Elder
1.068725,Trump,Ramaswamy,DeSantis,Pence,Haley,Christie,Burgum,Elder,Hurd,Suarez,Youngkin,Scott,Hutchinson
0.932463,Trump,Pence,Youngkin,Hurd,Scott,Burgum,Hutchinson,Elder,Haley,Christie,Suarez,DeSantis,Ramaswamy
0.564615,Scott,Ramaswamy,Pence,DeSantis,Christie,Elder,Trump,Hutchinson,Youngkin,Hurd,Haley,Suarez,Burgum
1.018243,Trump,DeSantis,Ramaswamy,Burgum,Hutchinson,Hurd,Youngkin,Suarez,Elder,Scott,Haley,Christie,Pence
1.086363,Ramaswamy,Haley,DeSantis,Christie,Pence,Hutchinson,Scott,Suarez,Hurd,Youngkin,Burgum,Elder,Trump
0.901839,Trump,Ramaswamy,Pence,DeSantis,Suarez,Burgum,Hutchinson,Hurd,Youngkin,Christie,Scott,Elder,Haley
1.132141,Trump,Ramaswamy,Haley,Hutchinson,Scott,Hurd,Christie,DeSantis,Burgum,Youngkin,Pence,Suarez,Elder
1.376605,Trump,DeSantis,Ramaswamy,Scott,Christie,Pence,Haley,Hurd,Youngkin,Hutchinson,Suarez,Elder,Burgum
1.180031,Trump,DeSantis,Haley,Christie,Scott,Hutchinson,Suarez,Burgum,Youngkin,Ramaswamy,Pence,Elder,Hurd
0.903189,Haley,Pence,Ramaswamy,Scott,Elder,Suarez,Youngkin,Burgum,DeSantis,Christie,Hurd,Hutchinson,Trump
1.629188,Ramaswamy,Haley,Scott,Pence,Christie,Suarez,Elder,Burgum,Hutchinson,Youngkin,Hurd,DeSantis,Trump
1.04502,Christie,Hutchinson,Scott,Pence,Hurd,Youngkin,Haley,Burgum,Elder,Suarez,Ramaswamy,DeSantis,Trump
0.612993,Trump,Ramaswamy,DeSantis,Christie,Pence,Haley,Hutchinson,Burgum,Elder,Suarez,Scott,Youngkin,Hurd
0.658711,Trump,Ramaswamy,Haley,Christie,Suarez,Elder,DeSantis,Pence,Hurd,Youngkin,Scott,Hutchinson,Burgum
0.660172,Hurd,Hutchinson,Haley,Scott,Burgum,Christie,Suarez,Elder,Pence,Youngkin,Ramaswamy,DeSantis,Trump
1.345458,Haley,Ramaswamy,Suarez,Christie,Hutchinson,Scott,Youngkin,Burgum,Hurd,Elder,DeSantis,Pence,Trump
0.603219,DeSantis,Ramaswamy,Pence,Suarez,Youngkin,Scott,Trump,Burgum,Christie,Haley,Hutchinson,Hurd,Elder
1.068725,Trump,Ramaswamy,DeSantis,Pence,Haley,Christie,Burgum,Elder,Hurd,Suarez,Youngkin,Scott,Hutchinson
1.051336,Christie,Haley,Trump,Scott,Hutchinson,Elder,DeSantis,Hurd,Burgum,Suarez,Youngkin,Ramaswamy,Pence
0.718335,Christie,Pence,Haley,Suarez,Burgum,DeSantis,Scott,Elder,Hurd,Hutchinson,Youngkin,Ramaswamy,Trump
0.650804,Ramaswamy,Trump,Haley,Hutchinson,Youngkin,Suarez,Burgum,Elder,Hurd,Christie,Pence,Scott,DeSantis
0.56361,Trump,Scott,DeSantis,Elder,Hurd,Burgum,Youngkin,Pence,Ramaswamy,Suarez,Hutchinson,Haley,Christie
1.033456,Haley,Scott,Pence,Christie,Burgum,Trump,Hutchinson,Hurd,Youngkin,Suarez,Elder,Ramaswamy,DeSantis
0.828187,Haley,Elder,Scott,Youngkin,Hurd,Hutchinson,Burgum,Suarez,Ramaswamy,Christie,Pence,DeSantis,Trump
1.036417,Hurd,Christie,Haley,Pence,Suarez,Youngkin,Hutchinson,Burgum,Scott,Ramaswamy,DeSantis,Elder,Trump
1.424811,Haley,Christie,Burgum,Hutchinson,Hurd,Elder,Suarez,Youngkin,Scott,DeSantis,Ramaswamy,Pence,Trump
0.886527,Christie,Suarez,DeSantis,Hutchinson,Hurd,Elder,Scott,Youngkin,Pence,Haley,Burgum,Ramaswamy,Trump
1.376605,Trump,DeSantis,Ramaswamy,Scott,Christie,Pence,Haley,Hurd,Youngkin,Hutchinson,Suarez,Elder,Burgum
1.103994,Ramaswamy,DeSantis,Trump,Haley,Christie,Scott,Burgum,Pence,Youngkin,Hurd,Hutchinson,Elder,Suarez
0.466606,Haley,Christie,Hurd,Scott,Elder,Ramaswamy,Pence,Suarez,Burgum,Youngkin,DeSantis,Hutchinson,Trump
0.902673,Trump,Scott,DeSantis,Elder,Youngkin,Pence,Hurd,Burgum,Ramaswamy,Haley,Suarez,Hutchinson,Christie
0.779605,Trump,Ramaswamy,DeSantis,Hurd,Pence,Christie,Haley,Scott,Youngkin,Suarez,Burgum,Hutchinson,Elder
0.968363,Trump,Ramaswamy,DeSantis,Pence,Christie,Elder,Hurd,Scott,Haley,Hutchinson,Youngkin,Burgum,Suarez
0.510624,Christie,Hurd,Youngkin,Pence,Scott,Burgum,Elder,Suarez,Haley,Hutchinson,Ramaswamy,Trump,DeSantis
0.517975,DeSantis,Trump,Christie,Ramaswamy,Hutchinson,Burgum,Youngkin,Pence,Hurd,Suarez,Haley,Scott,Elder
1.068725,Ramaswamy,Haley,Youngkin,Suarez,Elder,Hutchinson,Christie,Pence,Burgum,Scott,DeSantis,Hurd,Trump
0.708142,Trump,DeSantis,Ramaswamy,Pence,Suarez,Christie,Haley,Scott,Hurd,Hutchinson,Youngkin,Burgum,Elder
0.888483,Trump,Ramaswamy,DeSantis,Haley,Scott,Christie,Burgum,Pence,Elder,Youngkin,Hutchinson,Suarez,Hurd
0.722173,DeSantis,Haley,Christie,Ramaswamy,Elder,Youngkin,Hutchinson,Scott,Burgum,Suarez,Hurd,Pence,Trump
0.568215,Trump,Hutchinson,Pence,Haley,Suarez,Ramaswamy,Christie,Hurd,Scott,Youngkin,Elder,Burgum,DeSantis
0.668479,Trump,DeSantis,Haley,Ramaswamy,Pence,Christie,Burgum,Suarez,Hurd,Elder,Hutchinson,Scott,Youngkin
0.592254,Trump,Haley,Hutchinson,Pence,Ramaswamy,DeSantis,Scott,Elder,Christie,Youngkin,Hurd,Suarez,Burgum
0.466606,Trump,DeSantis,Scott,Ramaswamy,Burgum,Haley,Hurd,Youngkin,Elder,Christie,Pence,Hutchinson,Suarez
1.018243,Ramaswamy,Pence,Trump,Haley,Burgum,Elder,Youngkin,DeSantis,Hutchinson,Scott,Christie,Hurd,Suarez
1.249847,Trump,Pence,Ramaswamy,Youngkin,DeSantis,Elder,Hutchinson,Suarez,Hurd,Haley,Christie,Burgum,Scott
0.814982,DeSantis,Trump,Haley,Pence,Scott,Suarez,Elder,Burgum,Hurd,Ramaswamy,Youngkin,Christie,Hutchinson
0.8662,Trump,DeSantis,Haley,Scott,Ramaswamy,Burgum,Suarez,Youngkin,Hutchinson,Hurd,Elder,Christie,Pence
0.63756,Trump,Christie,Ramaswamy,Youngkin,Pence,DeSantis,Hutchinson,Hurd,Elder,Haley,Suarez,Burgum,Scott
1.546149,Trump,DeSantis,Haley,Pence,Ramaswamy,Scott,Youngkin,Elder,Burgum,Hutchinson,Suarez,Hurd,Christie
0.621594,Trump,Hurd,Elder,Christie,Pence,Hutchinson,Haley,Youngkin,Burgum,DeSantis,Scott,Suarez,Ramaswamy
0.812586,Trump,DeSantis,Ramaswamy,Haley,Youngkin,Scott,Pence,Burgum,Christie,Elder,Hutchinson,Suarez,Hurd
1.334956,Ramaswamy,Pence,Hurd,Scott,Elder,Youngkin,Haley,Christie,DeSantis,Burgum,Suarez,Hutchinson,Trump
0.620487,Trump,Pence,Christie,DeSantis,Hutchinson,Hurd,Haley,Ramaswamy,Elder,Burgum,Youngkin,Suarez,Scott
1.04502,Christie,Haley,Burgum,Youngkin,Hutchinson,Hurd,Pence,Scott,Elder,Ramaswamy,DeSantis,Suarez,Trump
0.854256,Trump,DeSantis,Haley,Ramaswamy,Scott,Elder,Hutchinson,Burgum,Hurd,Youngkin,Suarez,Christie,Pence
1.679312,Trump,DeSantis,Haley,Hutchinson,Hurd,Burgum,Ramaswamy,Pence,Suarez,Elder,Youngkin,Scott,Christie
1.084045,Christie,Hutchinson,Youngkin,Scott,Haley,Pence,Hurd,Burgum,Elder,Suarez,Ramaswamy,DeSantis,Trump
0.650804,Ramaswamy,Trump,Haley,Hutchinson,Youngkin,Suarez,Burgum,Elder,Hurd,Christie,Pence,Scott,DeSantis
0.735939,Christie,Pence,Hutchinson,Youngkin,Scott,Ramaswamy,Hurd,Burgum,Elder,Haley,Suarez,DeSantis,Trump
0.56361,Christie,Hutchinson,Burgum,Elder,Haley,Hurd,Suarez,Scott,Pence,Youngkin,Ramaswamy,DeSantis,Trump
0.880236,Trump,Christie,Elder,Suarez,Haley,Burgum,Scott,Hurd,Youngkin,Hutchinson,DeSantis,Ramaswamy,Pence
1.069759,Trump,Ramaswamy,Youngkin,DeSantis,Scott,Haley,Burgum,Pence,Hurd,Suarez,Hutchinson,Christie,Elder
1.117221,Haley,Pence,Elder,Ramaswamy,DeSantis,Burgum,Hutchinson,Hurd,Suarez,Youngkin,Scott,Christie,Trump
0.516129,Trump,Pence,Ramaswamy,DeSantis,Haley,Christie,Youngkin,Scott,Hutchinson,Suarez,Elder,Burgum,Hurd
1.237454,Haley,Hurd,Burgum,Pence,Suarez,Elder,Christie,Scott,Youngkin,Ramaswamy,Hutchinson,Trump,DeSantis
0.91927,DeSantis,Ramaswamy,Pence,Trump,Youngkin,Christie,Burgum,Scott,Hurd,Hutchinson,Suarez,Elder,Haley
2.045976,Ramaswamy,Trump,DeSantis,Youngkin,Haley,Elder,Scott,Hurd,Hutchinson,Suarez,Burgum,Pence,Christie
0.813634,Haley,Ramaswamy,Pence,Scott,Burgum,Suarez,Hutchinson,Christie,Youngkin,Elder,Hurd,DeSantis,Trump
1.18741,Ramaswamy,Scott,Haley,Pence,Burgum,Hurd,Suarez,Hutchinson,Christie,Youngkin,Elder,DeSantis,Trump
1.103994,Christie,Pence,Haley,Hutchinson,Hurd,Suarez,Burgum,Elder,Youngkin,Scott,Ramaswamy,DeSantis,Trump
0.919605,DeSantis,Trump,Pence,Ramaswamy,Elder,Burgum,Scott,Youngkin,Hutchinson,Suarez,Hurd,Haley,Christie
1.002393,Hurd,Hutchinson,Burgum,Scott,Youngkin,Suarez,Haley,Ramaswamy,Elder,DeSantis,Christie,Pence,Trump
1.292359,Pence,Scott,Haley,Christie,Elder,Burgum,Youngkin,Hurd,Suarez,Hutchinson,Ramaswamy,DeSantis,Trump
1.134561,Hutchinson,Christie,Scott,Haley,Hurd,Youngkin,Burgum,Suarez,DeSantis,Elder,Ramaswamy,Pence,Trump
0.624392,Trump,Ramaswamy,DeSantis,Scott,Elder,Hurd,Youngkin,Suarez,Hutchinson,Christie,Haley,Burgum,Pence
1.669118,Trump,DeSantis,Haley,Scott,Ramaswamy,Pence,Youngkin,Burgum,Christie,Elder,Suarez,Hurd,Hutchinson
1.131761,DeSantis,Trump,Pence,Elder,Christie,Suarez,Burgum,Youngkin,Haley,Scott,Ramaswamy,Hutchinson,Hurd
0.773286,Scott,Haley,Ramaswamy,DeSantis,Pence,Christie,Hurd,Hutchinson,Burgum,Youngkin,Suarez,Elder,Trump
1.018243,Trump,DeSantis,Ramaswamy,Burgum,Hutchinson,Hurd,Youngkin,Suarez,Elder,Scott,Haley,Christie,Pence
0.668479,Haley,Christie,Pence,Hurd,Suarez,Hutchinson,Youngkin,Burgum,Ramaswamy,DeSantis,Scott,Elder,Trump
1.478149,Trump,DeSantis,Haley,Ramaswamy,Youngkin,Scott,Hutchinson,Burgum,Pence,Hurd,Elder,Christie,Suarez
1.271577,DeSantis,Ramaswamy,Trump,Haley,Scott,Pence,Hutchinson,Burgum,Youngkin,Elder,Suarez,Christie,Hurd
0.747966,Pence,Trump,Ramaswamy,Scott,Haley,Suarez,Hutchinson,DeSantis,Christie,Elder,Youngkin,Burgum,Hurd
0.592254,Trump,Haley,Hutchinson,Pence,Ramaswamy,DeSantis,Scott,Elder,Christie,Youngkin,Hurd,Suarez,Burgum
1.048733,Pence,Haley,Ramaswamy,Christie,Scott,Hutchinson,DeSantis,Burgum,Hurd,Elder,Youngkin,Suarez,Trump
1.332874,Trump,Ramaswamy,Haley,Scott,Burgum,Elder,Hutchinson,DeSantis,Suarez,Youngkin,Pence,Hurd,Christie
0.731376,Scott,Haley,Trump,Ramaswamy,DeSantis,Pence,Christie,Hutchinson,Youngkin,Suarez,Burgum,Hurd,Elder
0.724205,Haley,Ramaswamy,Suarez,Elder,Hurd,Hutchinson,Youngkin,Christie,Burgum,Scott,Pence,DeSantis,Trump
0.627394,Ramaswamy,Pence,Scott,Trump,Haley,DeSantis,Christie,Burgum,Elder,Suarez,Youngkin,Hurd,Hutchinson
0.916252,DeSantis,Haley,Scott,Christie,Ramaswamy,Pence,Burgum,Hutchinson,Hurd,Elder,Suarez,Youngkin,Trump
0.718335,Christie,Haley,Burgum,Youngkin,Elder,Hutchinson,Hurd,Pence,Suarez,Ramaswamy,Scott,DeSantis,Trump
0.607662,Ramaswamy,Youngkin,Scott,Suarez,Burgum,Elder,Hurd,Hutchinson,Christie,Pence,Haley,DeSantis,Trump
0.773286,Christie,Scott,Haley,Elder,Ramaswamy,Hurd,Pence,Youngkin,Hutchinson,Suarez,DeSantis,Trump,Burgum
0.773286,Ramaswamy,Pence,Christie,Scott,Suarez,Youngkin,Elder,Trump,Burgum,Hurd,Hutchinson,DeSantis,Haley
0.826713,Ramaswamy,Haley,Christie,Scott,Youngkin,Burgum,DeSantis,Pence,Trump,Elder,Suarez,Hurd,Hutchinson
1.696369,Trump,DeSantis,Ramaswamy,Scott,Youngkin,Suarez,Hutchinson,Burgum,Hurd,Elder,Christie,Haley,Pence
0.960016,Haley,Trump,Scott,Ramaswamy,Pence,Suarez,DeSantis,Christie,Elder,Youngkin,Burgum,Hutchinson,Hurd
0.58281,Ramaswamy,Elder,Burgum,Scott,Hutchinson,Youngkin,Haley,Christie,Hurd,Suarez,Pence,DeSantis,Trump
0.823768,Ramaswamy,Haley,Scott,Youngkin,Hurd,Burgum,DeSantis,Trump,Hutchinson,Elder,Suarez,Christie,Pence
1.004181,Trump,Ramaswamy,DeSantis,Burgum,Christie,Youngkin,Scott,Suarez,Hutchinson,Elder,Pence,Hurd,Haley
0.747966,Christie,Haley,Hurd,Hutchinson,Ramaswamy,Scott,Youngkin,Burgum,Elder,Suarez,Pence,DeSantis,Trump
1.137748,DeSantis,Pence,Haley,Hutchinson,Scott,Christie,Elder,Suarez,Youngkin,Ramaswamy,Burgum,Hurd,Trump
0.932463,Trump,DeSantis,Haley,Ramaswamy,Youngkin,Scott,Hurd,Suarez,Burgum,Elder,Pence,Christie,Hutchinson
0.56361,Ramaswamy,Trump,DeSantis,Haley,Scott,Youngkin,Elder,Burgum,Hurd,Hutchinson,Christie,Suarez,Pence
1.611159,Trump,Ramaswamy,Scott,DeSantis,Haley,Youngkin,Pence,Elder,Suarez,Burgum,Hurd,Hutchinson,Christie
1.512372,Trump,Christie,Burgum,Hurd,DeSantis,Elder,Ramaswamy,Suarez,Haley,Scott,Hutchinson,Youngkin,Pence
1.103994,Christie,Pence,Haley,Hutchinson,Hurd,Suarez,Burgum,Elder,Youngkin,Scott,Ramaswamy,DeSantis,Trump
0.660172,DeSantis,Ramaswamy,Haley,Scott,Elder,Hurd,Pence,Hutchinson,Youngkin,Burgum,Christie,Suarez,Trump
0.683048,Scott,Trump,Ramaswamy,DeSantis,Haley,Elder,Hurd,Christie,Youngkin,Suarez,Hutchinson,Pence,Burgum
0.827631,Pence,DeSantis,Ramaswamy,Haley,Christie,Trump,Hutchinson,Elder,Youngkin,Hurd,Suarez,Scott,Burgum
0.879255,Trump,DeSantis,Ramaswamy,Scott,Haley,Burgum,Hurd,Pence,Elder,Hutchinson,Suarez,Youngkin,Christie
0.68511,Pence,Ramaswamy,DeSantis,Hurd,Christie,Elder,Suarez,Burgum,Scott,Haley,Youngkin,Hutchinson,Trump
1.50968,Trump,DeSantis,Pence,Ramaswamy,Burgum,Haley,Hutchinson,Elder,Youngkin,Scott,Hurd,Suarez,Christie
1.167786,Trump,Pence,DeSantis,Scott,Ramaswamy,Haley,Burgum,Christie,Hutchinson,Elder,Suarez,Youngkin,Hurd
1.22744,Haley,Scott,Pence,Burgum,Ramaswamy,Hutchinson,Youngkin,Hurd,Elder,Suarez,DeSantis,Christie,Trump
0.968735,Trump,DeSantis,Ramaswamy,Hutchinson,Burgum,Hurd,Scott,Elder,Youngkin,Haley,Suarez,Christie,Pence
1.444802,Haley,Scott,Trump,Youngkin,Ramaswamy,DeSantis,Hutchinson,Pence,Burgum,Suarez,Hurd,Christie,Elder
0.741903,Ramaswamy,Christie,Elder,Youngkin,DeSantis,Burgum,Haley,Scott,Hurd,Pence,Suarez,Hutchinson,Trump
0.761663,DeSantis,Youngkin,Haley,Pence,Scott,Christie,Burgum,Trump,Hutchinson,Hurd,Elder,Suarez,Ramaswamy
0.612993,Trump,DeSantis,Pence,Ramaswamy,Christie,Haley,Scott,Burgum,Elder,Hutchinson,Suarez,Hurd,Youngkin
0.949777,Trump,DeSantis,Burgum,Scott,Elder,Hurd,Youngkin,Haley,Hutchinson,Suarez,Ramaswamy,Pence,Christie
1.132141,Trump,Pence,Ramaswamy,Christie,Burgum,Scott,Hurd,Youngkin,Elder,Hutchinson,Haley,Suarez,DeSantis
0.746623,Pence,Trump,Ramaswamy,Youngkin,Suarez,Hurd,Hutchinson,Christie,Elder,Burgum,DeSantis,Haley,Scott
0.720887,Trump,Scott,Ramaswamy,Haley,Elder,Youngkin,DeSantis,Hutchinson,Hurd,Pence,Suarez,Christie,Burgum
1.166972,Ramaswamy,DeSantis,Haley,Pence,Hutchinson,Elder,Suarez,Hurd,Burgum,Scott,Youngkin,Christie,Trump
1.22744,Haley,Scott,Pence,Burgum,Ramaswamy,Hutchinson,Youngkin,Hurd,Elder,Suarez,DeSantis,Christie,Trump
1.079307,Ramaswamy,Trump,Haley,DeSantis,Pence,Burgum,Suarez,Elder,Hurd,Youngkin,Hutchinson,Scott,Christie
0.751381,Trump,Ramaswamy,DeSantis,Scott,Youngkin,Elder,Burgum,Hurd,Haley,Christie,Hutchinson,Suarez,Pence
0.996977,Haley,Scott,Christie,Pence,DeSantis,Hutchinson,Burgum,Hurd,Elder,Youngkin,Suarez,Ramaswamy,Trump
0.710673,DeSantis,Ramaswamy,Scott,Elder,Hurd,Pence,Youngkin,Christie,Hutchinson,Suarez,Burgum,Haley,Trump
0.73399,Haley,Christie,Suarez,Youngkin,Burgum,Elder,Hutchinson,Ramaswamy,Scott,Hurd,Pence,DeSantis,Trump
0.539873,Trump,Ramaswamy,Suarez,DeSantis,Scott,Christie,Hurd,Haley,Elder,Youngkin,Hutchinson,Pence,Burgum
1.207837,Ramaswamy,DeSantis,Trump,Scott,Pence,Youngkin,Hutchinson,Haley,Elder,Christie,Hurd,Suarez,Burgum
1.753818,Trump,Ramaswamy,DeSantis,Elder,Scott,Youngkin,Haley,Hurd,Burgum,Suarez,Hutchinson,Christie,Pence
0.812586,Trump,Scott,Ramaswamy,DeSantis,Pence,Hurd,Elder,Suarez,Burgum,Hutchinson,Youngkin,Christie,Haley
1.158692,Trump,Ramaswamy,Suarez,Haley,Christie,Pence,Scott,Elder,Burgum,DeSantis,Hurd,Hutchinson,Youngkin
0.762857,Trump,DeSantis,Ramaswamy,Pence,Hutchinson,Elder,Youngkin,Christie,Burgum,Hurd,Suarez,Scott,Haley
0.826818,DeSantis,Burgum,Scott,Ramaswamy,Hurd,Trump,Haley,Christie,Hutchinson,Elder,Pence,Suarez,Youngkin
1.481912,Trump,Ramaswamy,Haley,Christie,DeSantis,Burgum,Pence,Scott,Suarez,Hurd,Youngkin,Elder,Hutchinson
1.103994,Christie,Ramaswamy,Haley,Suarez,Elder,Hurd,Burgum,Youngkin,Scott,Hutchinson,Pence,DeSantis,Trump
0.768818,Ramaswamy,Hutchinson,DeSantis,Scott,Haley,Suarez,Elder,Hurd,Christie,Youngkin,Pence,Burgum,Trump
0.837116,Scott,Suarez,Haley,Youngkin,DeSantis,Pence,Hutchinson,Ramaswamy,Burgum,Hurd,Christie,Elder,Trump
1.261425,Trump,Pence,DeSantis,Elder,Christie,Haley,Ramaswamy,Hurd,Hutchinson,Scott,Suarez,Burgum,Youngkin
0.607662,Ramaswamy,Youngkin,Scott,Suarez,Burgum,Elder,Hurd,Hutchinson,Christie,Pence,Haley,DeSantis,Trump
1.103789,Trump,Haley,DeSantis,Christie,Suarez,Hurd,Youngkin,Ramaswamy,Elder,Scott,Burgum,Hutchinson,Pence
1.004181,Trump,Ramaswamy,DeSantis,Burgum,Christie,Youngkin,Scott,Suarez,Hutchinson,Elder,Pence,Hurd,Haley
0.867089,Trump,Haley,Scott,Elder,Hutchinson,Suarez,Youngkin,DeSantis,Pence,Christie,Burgum,Hurd,Ramaswamy
0.742806,Trump,Haley,DeSantis,Scott,Ramaswamy,Youngkin,Christie,Elder,Burgum,Hurd,Pence,Suarez,Hutchinson
0.882284,Trump,Haley,DeSantis,Ramaswamy,Scott,Pence,Suarez,Hurd,Youngkin,Christie,Elder,Burgum,Hutchinson
1.372707,Christie,Pence,DeSantis,Ramaswamy,Elder,Scott,Hurd,Youngkin,Hutchinson,Haley,Suarez,Burgum,Trump
1.023323,DeSantis,Ramaswamy,Trump,Haley,Youngkin,Scott,Burgum,Elder,Suarez,Hurd,Hutchinson,Pence,Christie
1.18741,DeSantis,Ramaswamy,Christie,Haley,Trump,Scott,Pence,Hutchinson,Suarez,Elder,Hurd,Youngkin,Burgum
1.270672,Ramaswamy,Trump,DeSantis,Scott,Haley,Burgum,Youngkin,Pence,Hutchinson,Elder,Hurd,Suarez,Christie
0.996977,Trump,Christie,Haley,Scott,DeSantis,Elder,Suarez,Hurd,Hutchinson,Youngkin,Burgum,Ramaswamy,Pence
0.826713,Trump,DeSantis,Haley,Ramaswamy,Scott,Pence,Elder,Hurd,Burgum,Hutchinson,Youngkin,Suarez,Christie
0.798657,Trump,Scott,Haley,Pence,Burgum,Youngkin,DeSantis,Ramaswamy,Elder,Suarez,Hutchinson,Christie,Hurd
0.899549,Ramaswamy,Trump,Hutchinson,Elder,Suarez,Youngkin,Burgum,Christie,Scott,Haley,DeSantis,Pence,Hurd
1.132141,Ramaswamy,DeSantis,Trump,Scott,Haley,Pence,Burgum,Hutchinson,Elder,Christie,Hurd,Youngkin,Suarez
0.773286,Ramaswamy,Pence,Christie,Scott,Suarez,Youngkin,Elder,Trump,Burgum,Hurd,Hutchinson,DeSantis,Haley
1.134561,Haley,Christie,Burgum,Youngkin,Hutchinson,Elder,Scott,Pence,DeSantis,Hurd,Suarez,Ramaswamy,Trump
1.103789,Trump,Haley,DeSantis,Christie,Suarez,Hurd,Youngkin,Ramaswamy,Elder,Scott,Burgum,Hutchinson,Pence
2.102951,Trump,Haley,DeSantis,Pence,Christie,Ramaswamy,Hurd,Scott,Youngkin,Elder,Hutchinson,Burgum,Suarez
0.867089,Youngkin,DeSantis,Trump,Haley,Scott,Ramaswamy,Christie,Pence,Burgum,Suarez,Elder,Hurd,Hutchinson
1.137748,DeSantis,Pence,Haley,Hutchinson,Scott,Christie,Elder,Suarez,Youngkin,Ramaswamy,Burgum,Hurd,Trump
0.741903,Trump,Ramaswamy,Hutchinson,Scott,Hurd,Pence,Christie,Burgum,Elder,Suarez,Youngkin,Haley,DeSantis
1.109667,DeSantis,Trump,Ramaswamy,Burgum,Haley,Youngkin,Christie,Elder,Hurd,Scott,Hutchinson,Suarez,Pence
2.040183,Ramaswamy,DeSantis,Trump,Pence,Hurd,Hutchinson,Elder,Burgum,Scott,Suarez,Haley,Youngkin,Christie
0.798657,DeSantis,Ramaswamy,Haley,Scott,Trump,Christie,Burgum,Elder,Hurd,Hutchinson,Youngkin,Pence,Suarez
1.270672,Trump,DeSantis,Ramaswamy,Youngkin,Haley,Elder,Suarez,Scott,Burgum,Pence,Hutchinson,Hurd,Christie
0.729306,Trump,Haley,Ramaswamy,Pence,Scott,DeSantis,Burgum,Elder,Suarez,Youngkin,Hutchinson,Hurd,Christie
1.237454,Haley,Hurd,Burgum,Pence,Suarez,Elder,Christie,Scott,Youngkin,Ramaswamy,Hutchinson,Trump,DeSantis
0.510624,Christie,Hurd,Youngkin,Pence,Scott,Burgum,Elder,Suarez,Haley,Hutchinson,Ramaswamy,Trump,DeSantis
0.899895,Trump,Ramaswamy,Scott,Elder,Youngkin,Haley,DeSantis,Hutchinson,Burgum,Suarez,Hurd,Pence,Christie
0.660157,DeSantis,Haley,Pence,Scott,Trump,Youngkin,Hutchinson,Elder,Ramaswamy,Burgum,Suarez,Christie,Hurd
0.743226,Trump,DeSantis,Ramaswamy,Pence,Scott,Haley,Hutchinson,Youngkin,Christie,Hurd,Elder,Burgum,Suarez
0.814982,DeSantis,Trump,Haley,Pence,Scott,Suarez,Elder,Burgum,Hurd,Ramaswamy,Youngkin,Christie,Hutchinson
0.649364,Ramaswamy,Suarez,DeSantis,Burgum,Pence,Hutchinson,Scott,Elder,Hurd,Haley,Youngkin,Trump,Christie
1.101605,DeSantis,Trump,Haley,Ramaswamy,Pence,Scott,Christie,Hutchinson,Hurd,Elder,Youngkin,Burgum,Suarez
0.772768,Trump,Ramaswamy,Haley,DeSantis,Elder,Hutchinson,Christie,Youngkin,Pence,Burgum,Hurd,Suarez,Scott
1.339645,Scott,Ramaswamy,Haley,Pence,Christie,DeSantis,Hutchinson,Hurd,Suarez,Youngkin,Burgum,Elder,Trump
0.792237,DeSantis,Haley,Youngkin,Pence,Scott,Suarez,Ramaswamy,Elder,Hurd,Hutchinson,Burgum,Trump,Christie
0.839544,Trump,Scott,Ramaswamy,Elder,Haley,Youngkin,Suarez,Hutchinson,Burgum,Hurd,DeSantis,Pence,Christie
0.838528,Trump,DeSantis,Ramaswamy,Pence,Youngkin,Elder,Haley,Hurd,Hutchinson,Suarez,Burgum,Scott,Christie
0.792237,Trump,Ramaswamy,DeSantis,Haley,Pence,Youngkin,Hutchinson,Scott,Elder,Hurd,Christie,Burgum,Suarez
0.65782,Ramaswamy,Youngkin,Scott,Burgum,Suarez,Hutchinson,Hurd,Haley,Elder,Pence,Christie,DeSantis,Trump
0.668479,Ramaswamy,DeSantis,Haley,Pence,Scott,Christie,Burgum,Youngkin,Hurd,Elder,Suarez,Hutchinson,Trump
1.051336,Christie,Haley,Trump,Scott,Hutchinson,Elder,DeSantis,Hurd,Burgum,Suarez,Youngkin,Ramaswamy,Pence
0.819929,Trump,DeSantis,Ramaswamy,Pence,Christie,Scott,Suarez,Youngkin,Hutchinson,Hurd,Burgum,Elder,Haley
1.15048,DeSantis,Ramaswamy,Trump,Christie,Scott,Pence,Burgum,Elder,Hutchinson,Youngkin,Hurd,Haley,Suarez
0.992095,Trump,Pence,Christie,Ramaswamy,Hutchinson,Haley,Scott,DeSantis,Elder,Hurd,Suarez,Youngkin,Burgum
1.773147,Trump,Ramaswamy,DeSantis,Haley,Pence,Christie,Youngkin,Hurd,Scott,Elder,Hutchinson,Burgum,Suarez
1.312363,Trump,Pence,DeSantis,Christie,Ramaswamy,Elder,Hurd,Burgum,Scott,Youngkin,Hutchinson,Suarez,Haley
0.960405,Christie,Haley,Ramaswamy,Burgum,Pence,Scott,Elder,Suarez,Hurd,Youngkin,Hutchinson,DeSantis,Trump
0.741903,Trump,DeSantis,Ramaswamy,Haley,Christie,Scott,Hutchinson,Burgum,Youngkin,Elder,Suarez,Hurd,Pence
2.045976,Ramaswamy,Trump,DeSantis,Youngkin,Haley,Elder,Scott,Hurd,Hutchinson,Suarez,Burgum,Pence,Christie
0.903768,DeSantis,Trump,Scott,Youngkin,Burgum,Pence,Elder,Hurd,Hutchinson,Suarez,Haley,Ramaswamy,Christie
0.812586,Trump,Scott,Ramaswamy,DeSantis,Pence,Hurd,Elder,Suarez,Burgum,Hutchinson,Youngkin,Christie,Haley
0.577422,Haley,Elder,Trump,Suarez,DeSantis,Pence,Youngkin,Burgum,Scott,Hutchinson,Ramaswamy,Hurd,Christie
0.773286,Ramaswamy,Pence,Christie,Scott,Suarez,Youngkin,Elder,Trump,Burgum,Hurd,Hutchinson,DeSantis,Haley
0.636425,Trump,DeSantis,Pence,Christie,Ramaswamy,Hutchinson,Burgum,Hurd,Youngkin,Haley,Elder,Scott,Suarez
0.636425,Trump,Haley,Ramaswamy,Youngkin,Hurd,Pence,Hutchinson,Elder,Suarez,Christie,Burgum,Scott,DeSantis
1.134561,Hutchinson,Christie,Scott,Haley,Hurd,Youngkin,Burgum,Suarez,DeSantis,Elder,Ramaswamy,Pence,Trump
0.798657,Christie,Pence,DeSantis,Haley,Hutchinson,Hurd,Scott,Suarez,Youngkin,Ramaswamy,Burgum,Elder,Trump
0.851323,DeSantis,Ramaswamy,Haley,Trump,Youngkin,Suarez,Elder,Hurd,Scott,Hutchinson,Pence,Christie,Burgum
1.002609,Trump,Ramaswamy,Scott,DeSantis,Elder,Hutchinson,Pence,Christie,Suarez,Youngkin,Hurd,Burgum,Haley
0.812586,Trump,Scott,Ramaswamy,DeSantis,Pence,Hurd,Elder,Suarez,Burgum,Hutchinson,Youngkin,Christie,Haley
1.478149,Christie,Hutchinson,Haley,Pence,Scott,Elder,Suarez,Youngkin,Hurd,Burgum,Ramaswamy,DeSantis,Trump
1.237638,Trump,DeSantis,Ramaswamy,Haley,Scott,Hutchinson,Elder,Hurd,Burgum,Suarez,Christie,Youngkin,Pence
1.036417,Haley,Christie,DeSantis,Pence,Hutchinson,Youngkin,Burgum,Hurd,Suarez,Ramaswamy,Scott,Elder,Trump
1.679312,Pence,Haley,Scott,Ramaswamy,DeSantis,Christie,Burgum,Elder,Suarez,Hutchinson,Youngkin,Hurd,Trump
1.292548,Christie,Pence,Haley,Scott,Ramaswamy,Burgum,Hutchinson,Hurd,Youngkin,Elder,Suarez,DeSantis,Trump
0.968363,Ramaswamy,Scott,Haley,DeSantis,Pence,Christie,Hurd,Burgum,Youngkin,Elder,Suarez,Hutchinson,Trump
0.594702,Trump,DeSantis,Youngkin,Ramaswamy,Burgum,Scott,Hurd,Suarez,Haley,Hutchinson,Elder,Pence,Christie
0.671534,Scott,Pence,Trump,Suarez,Haley,Elder,Christie,Hutchinson,Youngkin,DeSantis,Burgum,Hurd,Ramaswamy
1.458263,DeSantis,Trump,Ramaswamy,Pence,Christie,Suarez,Scott,Elder,Hurd,Hutchinson,Burgum,Youngkin,Haley
0.792237,Ramaswamy,Haley,Elder,Youngkin,Hutchinson,Burgum,Christie,Scott,Hurd,DeSantis,Suarez,Trump,Pence
1.018243,Trump,DeSantis,Ramaswamy,Burgum,Hutchinson,Hurd,Youngkin,Suarez,Elder,Scott,Haley,Christie,Pence
0.786484,Trump,Ramaswamy,Scott,Hurd,Burgum,DeSantis,Elder,Suarez,Hutchinson,Youngkin,Haley,Christie,Pence
