weight,rank1,rank2,rank3,rank4,rank5,rank6,rank7,rank8,rank9,rank10,rank11,rank12,rank13
1.014141,Trump,Youngkin,Ramaswamy,Scott,Elder,DeSantis,Haley,Burgum,Suarez,Pence,Hutchinson,Hurd,Christie
0.63756,Trump,DeSantis,Scott,Haley,Christie,Youngkin,Hurd,Suarez,Elder,Burgum,Ramaswamy,Pence,Hutchinson
0.516129,Trump,Ramaswamy,DeSantis,Pence,Hurd,Haley,Youngkin,Scott,Christie,Suarez,Elder,Hutchinson,Burgum
0.839544,Trump,Scott,Ramaswamy,Elder,Haley,Youngkin,Suarez,Hutchinson,Burgum,Hurd,DeSantis,Pence,Christie
0.502301,Trump,Ramaswamy,Pence,Elder,Hurd,Haley,Youngkin,DeSantis,Christie,Scott,Burgum,Suarez,Hutchinson
0.917571,Trump,Ramaswamy,DeSantis,Elder,Youngkin,Hutchinson,Haley,Suarez,Hurd,Pence,Burgum,Scott,Christie
0.620487,Trump,Pence,Christie,DeSantis,Hutchinson,Hurd,Haley,Ramaswamy,Elder,Burgum,Youngkin,Suarez,Scott
1.376605,Haley,Christie,Elder,Hutchinson,Hurd,Youngkin,Burgum,Pence,Scott,Suarez,Ramaswamy,DeSantis,Trump
0.95828,Trump,Ramaswamy,Pence,DeSantis,Haley,Burgum,Elder,Suarez,Scott,Youngkin,Hutchinson,Christie,Hurd
2.202489,DeSantis,Trump,Ramaswamy,Scott,Pence,Youngkin,Hutchinson,Elder,Hurd,Suarez,Burgum,Christie,Haley
0.949777,Trump,DeSantis,Burgum,Scott,Elder,Hurd,Youngkin,Haley,Hutchinson,Suarez,Ramaswamy,Pence,Christie
1.247329,Scott,Youngkin,Elder,Hutchinson,Burgum,Hurd,Christie,Haley,Pence,Trump,DeSantis,Suarez,Ramaswamy
0.813634,Scott,Pence,Hurd,Suarez,Youngkin,DeSantis,Ramaswamy,Christie,Hutchinson,Haley,Elder,Burgum,Trump
1.753818,Ramaswamy,Christie,DeSantis,Pence,Haley,Trump,Scott,Youngkin,Hutchinson,Burgum,Elder,Hurd,Suarez
0.612993,Trump,Ramaswamy,DeSantis,Christie,Hurd,Elder,Suarez,Hutchinson,Youngkin,Haley,Pence,Burgum,Scott
0.603219,Trump,Ramaswamy,Haley,Elder,Scott,Suarez,DeSantis,Burgum,Youngkin,Christie,Hutchinson,Hurd,Pence
0.886527,Trump,DeSantis,Ramaswamy,Suarez,Hutchinson,Youngkin,Scott,Hurd,Burgum,Elder,Haley,Christie,Pence
1.164009,Youngkin,Haley,Scott,Hutchinson,Burgum,Pence,Christie,DeSantis,Elder,Suarez,Hurd,Ramaswamy,Trump
1.132141,Trump,Ramaswamy,Haley,Hutchinson,Scott,Hurd,Christie,DeSantis,Burgum,Youngkin,Pence,Suarez,Elder
1.188226,Trump,DeSantis,Haley,Pence,Christie,Hutchinson,Elder,Hurd,Ramaswamy,Youngkin,Burgum,Scott,Suarez
0.91927,Trump,Pence,Scott,Burgum,Hurd,Elder,Christie,DeSantis,Youngkin,Ramaswamy,Suarez,Hutchinson,Haley
0.683048,Scott,Trump,Ramaswamy,DeSantis,Haley,Elder,Hurd,Christie,Youngkin,Suarez,Hutchinson,Pence,Burgum
2.045976,DeSantis,Haley,Scott,Ramaswamy,Trump,Burgum,Youngkin,Pence,Elder,Hutchinson,Suarez,Hurd,Christie
1.004181,Trump,Ramaswamy,Scott,Burgum,Hutchinson,Christie,Youngkin,DeSantis,Elder,Haley,Suarez,Hurd,Pence
0.729306,Trump,Haley,Ramaswamy,Pence,Scott,DeSantis,Burgum,Elder,Suarez,Youngkin,Hutchinson,Hurd,Christie
1.773147,Trump,Ramaswamy,DeSantis,Haley,Pence,Christie,Youngkin,Hurd,Scott,Elder,Hutchinson,Burgum,Suarez
1.134561,Haley,Pence,DeSantis,Christie,Trump,Burgum,Scott,Ramaswamy,Hurd,Youngkin,Elder,Suarez,Hutchinson
0.779609,Trump,DeSantis,Ramaswamy,Scott,Pence,Haley,Christie,Youngkin,Hutchinson,Elder,Burgum,Suarez,Hurd
1.066087,Ramaswamy,Elder,Scott,DeSantis,Suarez,Pence,Burgum,Hurd,Hutchinson,Christie,Haley,Trump,Youngkin
1.270672,Ramaswamy,Trump,DeSantis,Scott,Haley,Burgum,Youngkin,Pence,Hutchinson,Elder,Hurd,Suarez,Christie
0.564615,Trump,Ramaswamy,Haley,DeSantis,Hurd,Pence,Scott,Christie,Burgum,Youngkin,Hutchinson,Suarez,Elder
0.840329,Trump,Burgum,Elder,Hurd,Ramaswamy,Scott,Youngkin,Pence,Haley,DeSantis,Christie,Suarez,Hutchinson
0.901839,Pence,Christie,Scott,Suarez,Hutchinson,Burgum,Hurd,Youngkin,Elder,Haley,DeSantis,Ramaswamy,Trump
1.270672,Trump,DeSantis,Ramaswamy,Youngkin,Haley,Elder,Suarez,Scott,Burgum,Pence,Hutchinson,Hurd,Christie
0.564615,Trump,Ramaswamy,Haley,DeSantis,Hurd,Pence,Scott,Christie,Burgum,Youngkin,Hutchinson,Suarez,Elder
0.681832,DeSantis,Trump,Pence,Elder,Christie,Hurd,Youngkin,Ramaswamy,Hutchinson,Scott,Haley,Burgum,Suarez
1.188226,Trump,DeSantis,Haley,Scott,Ramaswamy,Burgum,Hutchinson,Christie,Pence,Elder,Youngkin,Suarez,Hurd
0.767178,Trump,DeSantis,Hutchinson,Suarez,Elder,Scott,Ramaswamy,Christie,Pence,Burgum,Youngkin,Hurd,Haley
1.420777,Trump,Pence,DeSantis,Scott,Ramaswamy,Haley,Hurd,Elder,Christie,Suarez,Burgum,Hutchinson,Youngkin
0.968363,Trump,Ramaswamy,DeSantis,Pence,Christie,Elder,Hurd,Scott,Haley,Hutchinson,Youngkin,Burgum,Suarez
1.339645,Ramaswamy,Burgum,Haley,Hutchinson,Scott,DeSantis,Trump,Pence,Christie,Youngkin,Hurd,Suarez,Elder
0.46163,Trump,Ramaswamy,Scott,Pence,Suarez,Hutchinson,Youngkin,Burgum,Elder,DeSantis,Haley,Hurd,Christie
1.308647,Haley,Pence,DeSantis,Elder,Hurd,Burgum,Youngkin,Hutchinson,Scott,Christie,Suarez,Trump,Ramaswamy
2.102951,Christie,Haley,Hutchinson,Scott,Hurd,Youngkin,Suarez,Burgum,Elder,DeSantis,Pence,Ramaswamy,Trump
0.903768,DeSantis,Trump,Scott,Youngkin,Burgum,Pence,Elder,Hurd,Hutchinson,Suarez,Haley,Ramaswamy,Christie
1.200697,Trump,Haley,DeSantis,Pence,Scott,Christie,Ramaswamy,Hurd,Elder,Burgum,Youngkin,Suarez,Hutchinson
1.137748,DeSantis,Pence,Haley,Hutchinson,Scott,Christie,Elder,Suarez,Youngkin,Ramaswamy,Burgum,Hurd,Trump
0.564615,Trump,DeSantis,Pence,Ramaswamy,Suarez,Christie,Scott,Haley,Elder,Hutchinson,Burgum,Youngkin,Hurd
0.823528,Ramaswamy,Scott,Haley,Suarez,Elder,Burgum,Youngkin,Hutchinson,Hurd,Christie,Pence,DeSantis,Trump
1.478149,Ramaswamy,Pence,DeSantis,Scott,Haley,Hurd,Burgum,Suarez,Elder,Hutchinson,Youngkin,Christie,Trump
0.667953,Trump,Ramaswamy,Haley,DeSantis,Christie,Scott,Pence,Hutchinson,Burgum,Elder,Suarez,Hurd,Youngkin
1.068725,Trump,DeSantis,Ramaswamy,Elder,Scott,Pence,Hurd,Youngkin,Haley,Hutchinson,Burgum,Christie,Suarez
1.219104,DeSantis,Trump,Haley,Scott,Hutchinson,Pence,Elder,Ramaswamy,Suarez,Burgum,Youngkin,Hurd,Christie
0.721527,DeSantis,Ramaswamy,Haley,Trump,Youngkin,Scott,Pence,Elder,Christie,Hutchinson,Hurd,Suarez,Burgum
1.045781,Trump,Scott,DeSantis,Ramaswamy,Elder,Pence,Haley,Suarez,Burgum,Hurd,Youngkin,Hutchinson,Christie
1.22744,Trump,Pence,DeSantis,Elder,Haley,Youngkin,Scott,Suarez,Hurd,Ramaswamy,Burgum,Hutchinson,Christie
0.577422,Haley,Elder,Trump,Suarez,DeSantis,Pence,Youngkin,Burgum,Scott,Hutchinson,Ramaswamy,Hurd,Christie
0.747966,Pence,Trump,Ramaswamy,Scott,Haley,Suarez,Hutchinson,DeSantis,Christie,Elder,Youngkin,Burgum,Hurd
0.743226,Trump,DeSantis,Ramaswamy,Pence,Scott,Haley,Hutchinson,Youngkin,Christie,Hurd,Elder,Burgum,Suarez
0.851323,Ramaswamy,Haley,DeSantis,Christie,Scott,Burgum,Hurd,Pence,Suarez,Hutchinson,Elder,Youngkin,Trump
0.718335,Christie,Pence,Haley,Suarez,Burgum,DeSantis,Scott,Elder,Hurd,Hutchinson,Youngkin,Ramaswamy,Trump
1.334956,Ramaswamy,Pence,Hurd,Scott,Elder,Youngkin,Haley,Christie,DeSantis,Burgum,Suarez,Hutchinson,Trump
0.987831,Ramaswamy,DeSantis,Scott,Christie,Haley,Pence,Hutchinson,Burgum,Youngkin,Elder,Suarez,Hurd,Trump
0.806909,Trump,Ramaswamy,DeSantis,Suarez,Youngkin,Pence,Haley,Hutchinson,Burgum,Christie,Scott,Hurd,Elder
1.15048,DeSantis,Ramaswamy,Trump,Christie,Scott,Pence,Burgum,Elder,Hutchinson,Youngkin,Hurd,Haley,Suarez
1.188226,Trump,Ramaswamy,DeSantis,Pence,Scott,Haley,Hurd,Christie,Youngkin,Elder,Suarez,Burgum,Hutchinson
0.708142,Trump,Ramaswamy,Haley,Pence,Suarez,Christie,Youngkin,DeSantis,Hurd,Scott,Burgum,Hutchinson,Elder
0.95828,Trump,Ramaswamy,Pence,DeSantis,Haley,Burgum,Elder,Suarez,Scott,Youngkin,Hutchinson,Christie,Hurd
1.164009,Haley,Scott,Ramaswamy,DeSantis,Hurd,Elder,Hutchinson,Pence,Suarez,Burgum,Christie,Youngkin,Trump
1.22744,Trump,Pence,DeSantis,Elder,Haley,Youngkin,Scott,Suarez,Hurd,Ramaswamy,Burgum,Hutchinson,Christie
0.741903,Pence,Trump,DeSantis,Haley,Christie,Hurd,Ramaswamy,Elder,Scott,Burgum,Youngkin,Suarez,Hutchinson
0.812586,Trump,DeSantis,Haley,Pence,Ramaswamy,Scott,Hutchinson,Burgum,Suarez,Youngkin,Christie,Hurd,Elder
1.120393,Ramaswamy,DeSantis,Trump,Pence,Haley,Scott,Hutchinson,Suarez,Elder,Youngkin,Hurd,Christie,Burgum
1.81136,Trump,DeSantis,Haley,Pence,Youngkin,Suarez,Burgum,Scott,Elder,Hurd,Christie,Hutchinson,Ramaswamy
0.901839,Pence,Christie,Scott,Suarez,Hutchinson,Burgum,Hurd,Youngkin,Elder,Haley,DeSantis,Ramaswamy,Trump
0.708142,Trump,DeSantis,Ramaswamy,Scott,Pence,Hurd,Burgum,Suarez,Hutchinson,Elder,Christie,Youngkin,Haley
1.312363,Trump,DeSantis,Haley,Pence,Ramaswamy,Scott,Youngkin,Elder,Hutchinson,Burgum,Hurd,Suarez,Christie
0.709101,Trump,DeSantis,Pence,Haley,Ramaswamy,Hurd,Suarez,Youngkin,Scott,Elder,Christie,Hutchinson,Burgum
0.825865,Trump,Ramaswamy,Pence,DeSantis,Christie,Suarez,Youngkin,Haley,Hurd,Burgum,Elder,Scott,Hutchinson
1.22744,Haley,Scott,Pence,Burgum,Ramaswamy,Hutchinson,Youngkin,Hurd,Elder,Suarez,DeSantis,Christie,Trump
0.879255,Trump,Ramaswamy,Christie,Elder,Haley,Scott,Suarez,Burgum,Hurd,Hutchinson,Youngkin,DeSantis,Pence
0.917634,Trump,DeSantis,Haley,Ramaswamy,Scott,Elder,Youngkin,Hurd,Hutchinson,Suarez,Burgum,Pence,Christie
0.839544,Ramaswamy,DeSantis,Christie,Haley,Hutchinson,Burgum,Suarez,Hurd,Youngkin,Scott,Elder,Pence,Trump
1.629188,Trump,Elder,DeSantis,Scott,Ramaswamy,Haley,Suarez,Burgum,Youngkin,Pence,Hutchinson,Hurd,Christie
0.502301,Trump,Ramaswamy,Pence,Elder,Hurd,Haley,Youngkin,DeSantis,Christie,Scott,Burgum,Suarez,Hutchinson
1.137748,Trump,Ramaswamy,Scott,DeSantis,Haley,Hutchinson,Burgum,Elder,Suarez,Hurd,Youngkin,Pence,Christie
1.049608,Ramaswamy,Scott,Pence,DeSantis,Haley,Christie,Youngkin,Hutchinson,Elder,Suarez,Burgum,Hurd,Trump
0.660172,Trump,Ramaswamy,DeSantis,Scott,Elder,Haley,Burgum,Youngkin,Hurd,Suarez,Hutchinson,Pence,Christie
1.188226,Trump,Ramaswamy,DeSantis,Pence,Scott,Haley,Hurd,Christie,Youngkin,Elder,Suarez,Burgum,Hutchinson
0.901839,Pence,Christie,Scott,Suarez,Hutchinson,Burgum,Hurd,Youngkin,Elder,Haley,DeSantis,Ramaswamy,Trump
0.968735,Trump,DeSantis,Ramaswamy,Hutchinson,Burgum,Hurd,Scott,Elder,Youngkin,Haley,Suarez,Christie,Pence
1.048733,Trump,DeSantis,Pence,Scott,Christie,Haley,Burgum,Ramaswamy,Suarez,Elder,Youngkin,Hutchinson,Hurd
1.796801,DeSantis,Haley,Scott,Ramaswamy,Trump,Youngkin,Burgum,Pence,Christie,Hutchinson,Hurd,Elder,Suarez
0.991915,Elder,Suarez,Burgum,Hurd,Youngkin,Scott,Hutchinson,Haley,Ramaswamy,Christie,DeSantis,Trump,Pence
1.629188,Trump,Elder,DeSantis,Scott,Ramaswamy,Haley,Suarez,Burgum,Youngkin,Pence,Hutchinson,Hurd,Christie
0.567195,Trump,Ramaswamy,Christie,Hurd,Haley,Pence,Youngkin,DeSantis,Elder,Suarez,Burgum,Scott,Hutchinson
1.679312,Trump,DeSantis,Haley,Ramaswamy,Pence,Hurd,Youngkin,Hutchinson,Burgum,Suarez,Elder,Scott,Christie
1.023323,Pence,DeSantis,Scott,Ramaswamy,Trump,Burgum,Haley,Christie,Hutchinson,Youngkin,Hurd,Elder,Suarez
0.839247,Trump,Pence,DeSantis,Scott,Youngkin,Hurd,Burgum,Haley,Hutchinson,Elder,Ramaswamy,Christie,Suarez
0.996977,DeSantis,Pence,Ramaswamy,Haley,Youngkin,Burgum,Scott,Elder,Suarez,Hurd,Hutchinson,Trump,Christie
0.875875,Haley,Scott,Trump,Ramaswamy,Youngkin,Hutchinson,Elder,Suarez,Burgum,Hurd,Christie,Pence,DeSantis
0.816774,Trump,Ramaswamy,DeSantis,Pence,Elder,Scott,Haley,Hurd,Suarez,Burgum,Christie,Youngkin,Hutchinson
1.121883,Ramaswamy,Pence,Christie,Haley,Trump,DeSantis,Suarez,Burgum,Hutchinson,Scott,Hurd,Youngkin,Elder
0.672156,Ramaswamy,Trump,Christie,Burgum,Youngkin,Pence,Scott,Hurd,Elder,Haley,DeSantis,Suarez,Hutchinson
1.611159,Burgum,Ramaswamy,Scott,Pence,DeSantis,Haley,Hutchinson,Trump,Youngkin,Hurd,Suarez,Christie,Elder
0.687217,Trump,Ramaswamy,DeSantis,Haley,Scott,Pence,Suarez,Youngkin,Burgum,Hutchinson,Elder,Christie,Hurd
1.056898,Trump,Ramaswamy,Haley,Scott,DeSantis,Pence,Elder,Youngkin,Hurd,Hutchinson,Burgum,Suarez,Christie
0.79963,Trump,Ramaswamy,Christie,Pence,Suarez,Scott,Youngkin,Burgum,Elder,Haley,Hutchinson,Hurd,DeSantis
1.014141,Trump,Ramaswamy,Scott,DeSantis,Elder,Youngkin,Pence,Burgum,Hurd,Hutchinson,Suarez,Christie,Haley
0.857098,Trump,DeSantis,Pence,Christie,Scott,Hurd,Haley,Hutchinson,Burgum,Ramaswamy,Elder,Youngkin,Suarez
1.149689,Trump,DeSantis,Youngkin,Elder,Burgum,Scott,Haley,Suarez,Hutchinson,Hurd,Ramaswamy,Christie,Pence
1.247329,Scott,Youngkin,Elder,Hutchinson,Burgum,Hurd,Christie,Haley,Pence,Trump,DeSantis,Suarez,Ramaswamy
1.000625,Christie,Ramaswamy,Haley,Scott,Elder,Youngkin,Suarez,Pence,Burgum,Hutchinson,Hurd,DeSantis,Trump
1.314392,Trump,DeSantis,Scott,Pence,Youngkin,Burgum,Haley,Ramaswamy,Christie,Elder,Hutchinson,Suarez,Hurd
1.50968,Trump,DeSantis,Pence,Ramaswamy,Burgum,Haley,Hutchinson,Elder,Youngkin,Scott,Hurd,Suarez,Christie
0.670254,Trump,DeSantis,Pence,Elder,Hurd,Burgum,Hutchinson,Youngkin,Scott,Haley,Suarez,Ramaswamy,Christie
0.747966,Christie,Haley,Hurd,Hutchinson,Ramaswamy,Scott,Youngkin,Burgum,Elder,Suarez,Pence,DeSantis,Trump
0.718335,Trump,Ramaswamy,DeSantis,Scott,Haley,Youngkin,Elder,Hutchinson,Suarez,Hurd,Burgum,Pence,Christie
1.292548,Christie,Scott,Pence,Hutchinson,Haley,Burgum,Hurd,Suarez,Elder,Youngkin,Ramaswamy,DeSantis,Trump
0.991915,Elder,Suarez,Burgum,Hurd,Youngkin,Scott,Hutchinson,Haley,Ramaswamy,Christie,DeSantis,Trump,Pence
1.134561,Haley,Christie,Ramaswamy,Pence,Trump,Hurd,Hutchinson,Youngkin,Burgum,Suarez,Scott,Elder,DeSantis
0.708142,Trump,DeSantis,Ramaswamy,Pence,Suarez,Christie,Haley,Scott,Hurd,Hutchinson,Youngkin,Burgum,Elder
0.720887,Trump,DeSantis,Ramaswamy,Christie,Scott,Suarez,Burgum,Youngkin,Elder,Hurd,Hutchinson,Haley,Pence
0.785097,Trump,Ramaswamy,DeSantis,Haley,Scott,Hutchinson,Christie,Elder,Suarez,Hurd,Burgum,Youngkin,Pence
0.781276,Pence,Scott,Burgum,Haley,Elder,Hurd,Youngkin,Suarez,Christie,DeSantis,Hutchinson,Ramaswamy,Trump
0.932463,Trump,Pence,Youngkin,Hurd,Scott,Burgum,Hutchinson,Elder,Haley,Christie,Suarez,DeSantis,Ramaswamy
0.577422,Ramaswamy,DeSantis,Scott,Trump,Haley,Youngkin,Burgum,Pence,Elder,Suarez,Christie,Hutchinson,Hurd
1.068725,Ramaswamy,Haley,Youngkin,Suarez,Elder,Hutchinson,Christie,Pence,Burgum,Scott,DeSantis,Hurd,Trump
0.812586,Trump,DeSantis,Ramaswamy,Haley,Youngkin,Scott,Pence,Burgum,Christie,Elder,Hutchinson,Suarez,Hurd
1.04502,Scott,Christie,Trump,Ramaswamy,Haley,Suarez,Youngkin,Hurd,Hutchinson,Pence,Burgum,Elder,DeSantis
1.546149,DeSantis,Haley,Ramaswamy,Scott,Trump,Pence,Elder,Burgum,Youngkin,Christie,Hutchinson,Hurd,Suarez
0.667953,Trump,Ramaswamy,Haley,DeSantis,Christie,Scott,Pence,Hutchinson,Burgum,Elder,Suarez,Hurd,Youngkin
0.867089,Youngkin,DeSantis,Trump,Haley,Scott,Ramaswamy,Christie,Pence,Burgum,Suarez,Elder,Hurd,Hutchinson
1.221353,Trump,Scott,Haley,Elder,Burgum,Ramaswamy,Pence,DeSantis,Youngkin,Hutchinson,Hurd,Suarez,Christie
0.867089,Youngkin,DeSantis,Trump,Haley,Scott,Ramaswamy,Christie,Pence,Burgum,Suarez,Elder,Hurd,Hutchinson
1.086363,Trump,DeSantis,Elder,Ramaswamy,Scott,Burgum,Haley,Youngkin,Suarez,Hurd,Hutchinson,Pence,Christie
0.81823,DeSantis,Trump,Ramaswamy,Hutchinson,Suarez,Pence,Christie,Burgum,Haley,Scott,Hurd,Elder,Youngkin
1.221353,Trump,Scott,Haley,Elder,Burgum,Ramaswamy,Pence,DeSantis,Youngkin,Hutchinson,Hurd,Suarez,Christie
1.017577,Trump,Ramaswamy,Haley,Burgum,Suarez,Christie,Elder,Hurd,Pence,Scott,DeSantis,Hutchinson,Youngkin
0.747966,Christie,Haley,Hurd,Hutchinson,Ramaswamy,Scott,Youngkin,Burgum,Elder,Suarez,Pence,DeSantis,Trump
1.314392,Trump,DeSantis,Ramaswamy,Hutchinson,Haley,Pence,Burgum,Youngkin,Christie,Hurd,Scott,Elder,Suarez
0.659886,Trump,Ramaswamy,DeSantis,Elder,Scott,Hutchinson,Burgum,Pence,Hurd,Youngkin,Christie,Haley,Suarez
1.312363,Christie,Haley,Scott,Pence,Youngkin,Hutchinson,Ramaswamy,Elder,Hurd,Suarez,DeSantis,Burgum,Trump
0.63756,Ramaswamy,Trump,Haley,Elder,DeSantis,Christie,Pence,Suarez,Youngkin,Hurd,Hutchinson,Burgum,Scott
0.746623,Pence,Trump,Ramaswamy,Youngkin,Suarez,Hurd,Hutchinson,Christie,Elder,Burgum,DeSantis,Haley,Scott
1.04502,Christie,Hutchinson,Scott,Pence,Hurd,Youngkin,Haley,Burgum,Elder,Suarez,Ramaswamy,DeSantis,Trump
1.796801,DeSantis,Haley,Scott,Ramaswamy,Trump,Youngkin,Burgum,Pence,Christie,Hutchinson,Hurd,Elder,Suarez
1.069759,Trump,Ramaswamy,Youngkin,DeSantis,Scott,Haley,Burgum,Pence,Hurd,Suarez,Hutchinson,Christie,Elder
0.987831,Ramaswamy,DeSantis,Scott,Christie,Haley,Pence,Hutchinson,Burgum,Youngkin,Elder,Suarez,Hurd,Trump
1.205555,Ramaswamy,Pence,DeSantis,Haley,Elder,Burgum,Youngkin,Scott,Suarez,Hutchinson,Hurd,Christie,Trump
1.682641,DeSantis,Pence,Ramaswamy,Christie,Youngkin,Hurd,Burgum,Hutchinson,Trump,Suarez,Elder,Scott,Haley
1.218747,Christie,DeSantis,Elder,Scott,Ramaswamy,Haley,Hutchinson,Hurd,Youngkin,Suarez,Pence,Trump,Burgum
1.200697,Ramaswamy,Scott,Trump,Burgum,Haley,DeSantis,Youngkin,Elder,Pence,Suarez,Hutchinson,Hurd,Christie
1.137748,Trump,Ramaswamy,Scott,DeSantis,Haley,Hutchinson,Burgum,Elder,Suarez,Hurd,Youngkin,Pence,Christie
0.901839,Pence,Christie,Scott,Suarez,Hutchinson,Burgum,Hurd,Youngkin,Elder,Haley,DeSantis,Ramaswamy,Trump
1.281476,Ramaswamy,Scott,Haley,Pence,DeSantis,Burgum,Youngkin,Hurd,Trump,Hutchinson,Suarez,Christie,Elder
0.886527,Trump,Ramaswamy,Haley,DeSantis,Pence,Youngkin,Hutchinson,Elder,Suarez,Hurd,Burgum,Scott,Christie
0.868636,Trump,Ramaswamy,Pence,Scott,Suarez,Burgum,Hurd,DeSantis,Youngkin,Christie,Elder,Hutchinson,Haley
0.636425,Trump,DeSantis,Ramaswamy,Pence,Haley,Christie,Elder,Burgum,Hutchinson,Suarez,Hurd,Scott,Youngkin
1.002609,Trump,Scott,Haley,DeSantis,Ramaswamy,Pence,Christie,Elder,Youngkin,Hutchinson,Suarez,Hurd,Burgum
1.149689,Trump,DeSantis,Youngkin,Elder,Burgum,Scott,Haley,Suarez,Hutchinson,Hurd,Ramaswamy,Christie,Pence
0.760085,Pence,Burgum,Elder,Hurd,Youngkin,Hutchinson,Haley,DeSantis,Christie,Scott,Suarez,Ramaswamy,Trump
2.480722,Trump,Haley,DeSantis,Pence,Ramaswamy,Elder,Hutchinson,Burgum,Suarez,Hurd,Christie,Scott,Youngkin
0.614214,Trump,Scott,Hurd,Pence,Ramaswamy,Suarez,Elder,Haley,Christie,Hutchinson,Youngkin,Burgum,DeSantis
1.049608,Trump,Ramaswamy,Scott,Haley,Elder,DeSantis,Pence,Burgum,Hurd,Youngkin,Hutchinson,Christie,Suarez
0.970759,Christie,Hutchinson,Burgum,Hurd,Youngkin,Elder,Haley,Scott,Ramaswamy,DeSantis,Pence,Trump,Suarez
1.275187,Pence,Ramaswamy,DeSantis,Scott,Christie,Burgum,Hurd,Elder,Haley,Youngkin,Hutchinson,Suarez,Trump
0.688082,DeSantis,Ramaswamy,Trump,Hurd,Elder,Christie,Scott,Haley,Suarez,Burgum,Pence,Youngkin,Hutchinson
0.854256,Trump,DeSantis,Youngkin,Ramaswamy,Haley,Scott,Burgum,Pence,Elder,Hutchinson,Hurd,Suarez,Christie
0.555612,Trump,Scott,Elder,Hurd,Burgum,Suarez,Youngkin,Hutchinson,DeSantis,Christie,Haley,Pence,Ramaswamy
0.899549,Ramaswamy,Trump,Hutchinson,Elder,Suarez,Youngkin,Burgum,Christie,Scott,Haley,DeSantis,Pence,Hurd
1.004181,Trump,DeSantis,Youngkin,Haley,Ramaswamy,Scott,Burgum,Pence,Elder,Hutchinson,Suarez,Christie,Hurd
0.902673,Trump,Scott,DeSantis,Elder,Youngkin,Pence,Hurd,Burgum,Ramaswamy,Haley,Suarez,Hutchinson,Christie
0.932463,Trump,DeSantis,Haley,Ramaswamy,Youngkin,Scott,Hurd,Suarez,Burgum,Elder,Pence,Christie,Hutchinson
0.798657,Ramaswamy,Haley,Pence,Burgum,Hutchinson,Scott,Elder,DeSantis,Christie,Suarez,Hurd,Youngkin,Trump
0.879255,Trump,Ramaswamy,DeSantis,Scott,Hurd,Youngkin,Elder,Burgum,Haley,Hutchinson,Christie,Pence,Suarez
0.919605,DeSantis,Scott,Trump,Ramaswamy,Pence,Elder,Hutchinson,Youngkin,Hurd,Haley,Burgum,Christie,Suarez
0.925859,Trump,Pence,Ramaswamy,Hutchinson,DeSantis,Youngkin,Scott,Suarez,Elder,Burgum,Christie,Haley,Hurd
1.533806,Trump,Ramaswamy,DeSantis,Haley,Scott,Christie,Pence,Suarez,Youngkin,Elder,Hurd,Burgum,Hutchinson
0.773286,Ramaswamy,Hutchinson,Burgum,Youngkin,Suarez,Scott,Hurd,Elder,Pence,Christie,DeSantis,Haley,Trump
0.798657,Trump,Scott,DeSantis,Haley,Ramaswamy,Christie,Elder,Hurd,Youngkin,Suarez,Burgum,Hutchinson,Pence
0.929519,Trump,DeSantis,Ramaswamy,Scott,Haley,Elder,Hutchinson,Burgum,Youngkin,Pence,Hurd,Suarez,Christie
0.567195,Trump,Ramaswamy,Christie,Hurd,Haley,Pence,Youngkin,DeSantis,Elder,Suarez,Burgum,Scott,Hutchinson
0.798657,Ramaswamy,Haley,Pence,Burgum,Hutchinson,Scott,Elder,DeSantis,Christie,Suarez,Hurd,Youngkin,Trump
1.217557,Christie,Haley,Hutchinson,Youngkin,Burgum,Hurd,Elder,Scott,Suarez,Pence,DeSantis,Ramaswamy,Trump
0.791835,Scott,Youngkin,Hurd,Christie,Pence,DeSantis,Suarez,Ramaswamy,Haley,Hutchinson,Elder,Burgum,Trump
0.681832,Trump,Ramaswamy,DeSantis,Scott,Elder,Youngkin,Burgum,Hurd,Suarez,Hutchinson,Haley,Pence,Christie
1.237454,Haley,Hurd,Burgum,Pence,Suarez,Elder,Christie,Scott,Youngkin,Ramaswamy,Hutchinson,Trump,DeSantis
1.444802,Haley,Scott,Trump,Youngkin,Ramaswamy,DeSantis,Hutchinson,Pence,Burgum,Suarez,Hurd,Christie,Elder
0.555612,Trump,Scott,Elder,Hurd,Burgum,Suarez,Youngkin,Hutchinson,DeSantis,Christie,Haley,Pence,Ramaswamy
0.853945,Trump,Haley,Pence,Ramaswamy,DeSantis,Suarez,Youngkin,Scott,Hurd,Burgum,Hutchinson,Elder,Christie
1.033456,Trump,Ramaswamy,DeSantis,Haley,Suarez,Hurd,Scott,Elder,Hutchinson,Youngkin,Burgum,Pence,Christie
1.980981,Christie,Pence,Burgum,Haley,Ramaswamy,Hurd,Elder,Scott,Youngkin,Hutchinson,Suarez,Trump,DeSantis
0.709101,Scott,DeSantis,Burgum,Christie,Hutchinson,Elder,Ramaswamy,Trump,Hurd,Pence,Youngkin,Haley,Suarez
2.102951,Christie,Haley,Hutchinson,Scott,Hurd,Youngkin,Suarez,Burgum,Elder,DeSantis,Pence,Ramaswamy,Trump
1.270672,DeSantis,Trump,Haley,Ramaswamy,Scott,Youngkin,Pence,Hurd,Burgum,Hutchinson,Elder,Christie,Suarez
1.109667,DeSantis,Trump,Ramaswamy,Burgum,Haley,Youngkin,Christie,Elder,Hurd,Scott,Hutchinson,Suarez,Pence
1.207837,Ramaswamy,DeSantis,Trump,Scott,Pence,Youngkin,Hutchinson,Haley,Elder,Christie,Hurd,Suarez,Burgum
0.851323,Trump,Ramaswamy,Christie,Youngkin,Haley,Pence,Elder,Hurd,Scott,Hutchinson,DeSantis,Burgum,Suarez
0.892157,Christie,Hutchinson,Hurd,Suarez,Youngkin,Elder,Burgum,Scott,Pence,Haley,DeSantis,Ramaswamy,Trump
2.040183,Ramaswamy,DeSantis,Trump,Pence,Hurd,Hutchinson,Elder,Burgum,Scott,Suarez,Haley,Youngkin,Christie
0.779605,Trump,Pence,Elder,DeSantis,Scott,Hutchinson,Haley,Suarez,Ramaswamy,Hurd,Youngkin,Burgum,Christie
1.396313,Christie,Burgum,Hurd,Hutchinson,Suarez,Elder,Youngkin,Haley,Pence,Scott,Ramaswamy,DeSantis,Trump
1.04502,Trump,Pence,Haley,DeSantis,Scott,Ramaswamy,Christie,Youngkin,Hutchinson,Suarez,Burgum,Hurd,Elder
0.639186,Hutchinson,Pence,Haley,Ramaswamy,Youngkin,Christie,Elder,Trump,Scott,DeSantis,Hurd,Suarez,Burgum
0.779609,Trump,Ramaswamy,Pence,DeSantis,Elder,Suarez,Hutchinson,Scott,Youngkin,Burgum,Hurd,Christie,Haley
0.886784,DeSantis,Pence,Christie,Scott,Burgum,Hurd,Elder,Youngkin,Suarez,Ramaswamy,Hutchinson,Haley,Trump
1.826138,Trump,Ramaswamy,Elder,DeSantis,Youngkin,Burgum,Suarez,Christie,Haley,Hurd,Hutchinson,Scott,Pence
1.478149,Haley,Christie,DeSantis,Pence,Youngkin,Scott,Elder,Burgum,Hutchinson,Trump,Suarez,Hurd,Ramaswamy
0.968363,Ramaswamy,Scott,Haley,DeSantis,Pence,Christie,Hurd,Burgum,Youngkin,Elder,Suarez,Hutchinson,Trump
0.722173,Trump,Ramaswamy,DeSantis,Hutchinson,Hurd,Suarez,Pence,Elder,Christie,Scott,Youngkin,Haley,Burgum
1.084045,Haley,Christie,Scott,Pence,Youngkin,Suarez,Elder,Burgum,Hurd,Hutchinson,DeSantis,Ramaswamy,Trump
0.882284,Trump,Haley,DeSantis,Ramaswamy,Scott,Pence,Suarez,Hurd,Youngkin,Christie,Elder,Burgum,Hutchinson
0.718335,Christie,Pence,Haley,Suarez,Burgum,DeSantis,Scott,Elder,Hurd,Hutchinson,Youngkin,Ramaswamy,Trump
0.798657,Trump,DeSantis,Haley,Pence,Scott,Christie,Hurd,Burgum,Hutchinson,Elder,Youngkin,Suarez,Ramaswamy
1.292548,Christie,Pence,Haley,Scott,Ramaswamy,Burgum,Hutchinson,Hurd,Youngkin,Elder,Suarez,DeSantis,Trump
1.219104,DeSantis,Trump,Ramaswamy,Haley,Scott,Elder,Youngkin,Pence,Suarez,Burgum,Hurd,Christie,Hutchinson
0.839544,Ramaswamy,Haley,Pence,Scott,Elder,Hurd,Suarez,Youngkin,Hutchinson,Burgum,Christie,DeSantis,Trump
0.719616,Youngkin,Ramaswamy,Haley,Suarez,DeSantis,Hurd,Hutchinson,Elder,Pence,Scott,Christie,Burgum,Trump
1.281476,Trump,Ramaswamy,DeSantis,Haley,Scott,Hutchinson,Elder,Youngkin,Burgum,Suarez,Pence,Christie,Hurd
0.79963,Trump,Ramaswamy,Christie,Pence,Suarez,Scott,Youngkin,Burgum,Elder,Haley,Hutchinson,Hurd,DeSantis
1.218747,DeSantis,Trump,Pence,Ramaswamy,Burgum,Christie,Haley,Scott,Elder,Youngkin,Hurd,Hutchinson,Suarez
0.839544,Trump,Ramaswamy,DeSantis,Youngkin,Scott,Suarez,Elder,Haley,Burgum,Hurd,Pence,Hutchinson,Christie
0.798657,Trump,Scott,Haley,Pence,Burgum,Youngkin,DeSantis,Ramaswamy,Elder,Suarez,Hutchinson,Christie,Hurd
0.751381,Trump,Ramaswamy,DeSantis,Scott,Youngkin,Elder,Burgum,Hurd,Haley,Christie,Hutchinson,Suarez,Pence
0.839247,DeSantis,Trump,Ramaswamy,Pence,Christie,Haley,Burgum,Hurd,Elder,Hutchinson,Youngkin,Scott,Suarez
0.552991,Trump,DeSantis,Scott,Ramaswamy,Hutchinson,Haley,Christie,Youngkin,Hurd,Elder,Burgum,Suarez,Pence
0.970759,Trump,DeSantis,Ramaswamy,Youngkin,Haley,Burgum,Scott,Hutchinson,Elder,Christie,Hurd,Suarez,Pence
1.069759,Trump,Haley,Ramaswamy,DeSantis,Scott,Youngkin,Pence,Suarez,Burgum,Elder,Hurd,Hutchinson,Christie
1.120393,Haley,DeSantis,Elder,Christie,Pence,Scott,Ramaswamy,Burgum,Hutchinson,Suarez,Youngkin,Trump,Hurd
1.002609,Trump,Ramaswamy,Scott,DeSantis,Elder,Hutchinson,Pence,Christie,Suarez,Youngkin,Hurd,Burgum,Haley
1.567187,Trump,Pence,Hurd,DeSantis,Burgum,Elder,Scott,Youngkin,Hutchinson,Ramaswamy,Christie,Suarez,Haley
1.308647,Trump,Ramaswamy,DeSantis,Pence,Haley,Burgum,Scott,Suarez,Hutchinson,Elder,Hurd,Youngkin,Christie
1.360419,DeSantis,Ramaswamy,Scott,Youngkin,Trump,Burgum,Haley,Pence,Suarez,Hurd,Hutchinson,Christie,Elder
0.526889,Ramaswamy,DeSantis,Pence,Trump,Christie,Elder,Burgum,Hurd,Scott,Youngkin,Suarez,Hutchinson,Haley
0.729306,Ramaswamy,Burgum,Haley,Christie,Scott,DeSantis,Elder,Hurd,Suarez,Hutchinson,Youngkin,Pence,Trump
1.137748,Trump,Ramaswamy,Scott,Haley,Burgum,Hutchinson,Christie,Hurd,Elder,Suarez,Youngkin,DeSantis,Pence
1.312363,Trump,Pence,DeSantis,Christie,Ramaswamy,Elder,Hurd,Burgum,Scott,Youngkin,Hutchinson,Suarez,Haley
1.103994,Christie,Pence,Haley,Hutchinson,Hurd,Suarez,Burgum,Elder,Youngkin,Scott,Ramaswamy,DeSantis,Trump
1.200697,DeSantis,Trump,Haley,Ramaswamy,Scott,Pence,Hurd,Youngkin,Christie,Burgum,Hutchinson,Elder,Suarez
0.901839,Trump,Ramaswamy,Pence,Scott,Christie,Haley,Elder,Hurd,Suarez,Hutchinson,Burgum,Youngkin,DeSantis
0.747966,Christie,Haley,Hurd,Hutchinson,Ramaswamy,Scott,Youngkin,Burgum,Elder,Suarez,Pence,DeSantis,Trump
1.04502,Christie,Hutchinson,Scott,Pence,Hurd,Youngkin,Haley,Burgum,Elder,Suarez,Ramaswamy,DeSantis,Trump
0.851323,Pence,Trump,Burgum,Suarez,Hurd,Elder,Ramaswamy,Hutchinson,Haley,Youngkin,DeSantis,Scott,Christie
0.526889,Trump,DeSantis,Ramaswamy,Scott,Christie,Pence,Haley,Burgum,Elder,Youngkin,Hurd,Hutchinson,Suarez
1.048733,Trump,Ramaswamy,DeSantis,Burgum,Haley,Scott,Pence,Hutchinson,Elder,Suarez,Youngkin,Hurd,Christie
1.036417,Hurd,Christie,Haley,Pence,Suarez,Youngkin,Hutchinson,Burgum,Scott,Ramaswamy,DeSantis,Elder,Trump
0.741903,Trump,Ramaswamy,Hutchinson,Scott,Hurd,Pence,Christie,Burgum,Elder,Suarez,Youngkin,Haley,DeSantis
1.281476,Trump,Ramaswamy,DeSantis,Haley,Scott,Hutchinson,Elder,Youngkin,Burgum,Suarez,Pence,Christie,Hurd
0.624392,Trump,Ramaswamy,Christie,DeSantis,Scott,Suarez,Pence,Haley,Hutchinson,Elder,Hurd,Burgum,Youngkin
0.970759,Trump,Ramaswamy,DeSantis,Scott,Elder,Hutchinson,Hurd,Pence,Youngkin,Burgum,Christie,Suarez,Haley
1.048733,Trump,DeSantis,Pence,Scott,Christie,Haley,Burgum,Ramaswamy,Suarez,Elder,Youngkin,Hutchinson,Hurd
1.004181,Trump,DeSantis,Youngkin,Haley,Ramaswamy,Scott,Burgum,Pence,Elder,Hutchinson,Suarez,Christie,Hurd
0.879255,Trump,DeSantis,Ramaswamy,Scott,Haley,Burgum,Hurd,Pence,Elder,Hutchinson,Suarez,Youngkin,Christie
0.695049,Ramaswamy,Pence,Christie,Trump,Scott,Hutchinson,Burgum,Hurd,DeSantis,Youngkin,Haley,Elder,Suarez
0.972281,Trump,DeSantis,Ramaswamy,Scott,Pence,Elder,Suarez,Burgum,Youngkin,Hutchinson,Hurd,Haley,Christie
1.045781,Trump,Ramaswamy,Scott,DeSantis,Haley,Elder,Hurd,Suarez,Hutchinson,Youngkin,Burgum,Pence,Christie
0.854256,Scott,Trump,DeSantis,Burgum,Youngkin,Christie,Ramaswamy,Pence,Haley,Hutchinson,Elder,Hurd,Suarez
1.079307,Pence,Ramaswamy,Christie,Suarez,Hutchinson,Scott,Hurd,Youngkin,Burgum,Haley,Elder,DeSantis,Trump
1.292359,Pence,Scott,Haley,Christie,Elder,Burgum,Youngkin,Hurd,Suarez,Hutchinson,Ramaswamy,DeSantis,Trump
1.15048,DeSantis,Ramaswamy,Trump,Christie,Scott,Pence,Burgum,Elder,Hutchinson,Youngkin,Hurd,Haley,Suarez
0.779609,Trump,Ramaswamy,Pence,DeSantis,Elder,Suarez,Hutchinson,Scott,Youngkin,Burgum,Hurd,Christie,Haley
0.660157,Trump,Ramaswamy,DeSantis,Haley,Scott,Elder,Pence,Hutchinson,Hurd,Christie,Youngkin,Suarez,Burgum
1.131761,DeSantis,Trump,Pence,Elder,Christie,Suarez,Burgum,Youngkin,Haley,Scott,Ramaswamy,Hutchinson,Hurd
1.533806,Trump,Ramaswamy,DeSantis,Haley,Scott,Christie,Pence,Suarez,Youngkin,Elder,Hurd,Burgum,Hutchinson
0.564615,Trump,Ramaswamy,Haley,DeSantis,Hurd,Pence,Scott,Christie,Burgum,Youngkin,Hutchinson,Suarez,Elder
0.564615,Trump,DeSantis,Pence,Ramaswamy,Suarez,Christie,Scott,Haley,Elder,Hutchinson,Burgum,Youngkin,Hurd
1.002609,Trump,DeSantis,Haley,Scott,Ramaswamy,Elder,Pence,Youngkin,Burgum,Suarez,Hurd,Christie,Hutchinson
1.144161,DeSantis,Ramaswamy,Haley,Trump,Scott,Burgum,Christie,Hutchinson,Youngkin,Elder,Hurd,Pence,Suarez
1.033456,Haley,Scott,Pence,Christie,Burgum,Trump,Hutchinson,Hurd,Youngkin,Suarez,Elder,Ramaswamy,DeSantis
1.478149,Christie,Hutchinson,Haley,Pence,Scott,Elder,Suarez,Youngkin,Hurd,Burgum,Ramaswamy,DeSantis,Trump
2.040183,Trump,DeSantis,Christie,Haley,Elder,Ramaswamy,Scott,Burgum,Suarez,Hurd,Youngkin,Hutchinson,Pence
0.879255,Trump,Ramaswamy,DeSantis,Scott,Hurd,Youngkin,Elder,Burgum,Haley,Hutchinson,Christie,Pence,Suarez
0.996977,Trump,Pence,Ramaswamy,Scott,Youngkin,Elder,Hurd,Burgum,Hutchinson,Suarez,Christie,Haley,DeSantis
1.018243,Ramaswamy,Pence,Trump,Haley,Burgum,Elder,Youngkin,DeSantis,Hutchinson,Scott,Christie,Hurd,Suarez
0.930194,Ramaswamy,Youngkin,Pence,Hutchinson,Scott,Trump,Christie,Suarez,Hurd,Haley,DeSantis,Elder,Burgum
0.868636,Trump,Pence,Christie,Scott,Youngkin,DeSantis,Hurd,Elder,Haley,Burgum,Hutchinson,Suarez,Ramaswamy
0.526889,Trump,DeSantis,Ramaswamy,Scott,Christie,Pence,Haley,Burgum,Elder,Youngkin,Hurd,Hutchinson,Suarez
1.167786,Trump,Pence,DeSantis,Scott,Ramaswamy,Haley,Burgum,Christie,Hutchinson,Elder,Suarez,Youngkin,Hurd
0.56361,Trump,Scott,DeSantis,Elder,Hurd,Burgum,Youngkin,Pence,Ramaswamy,Suarez,Hutchinson,Haley,Christie
0.917634,Trump,DeSantis,Pence,Ramaswamy,Burgum,Haley,Youngkin,Scott,Hurd,Hutchinson,Suarez,Christie,Elder
1.018243,Trump,DeSantis,Ramaswamy,Burgum,Hutchinson,Hurd,Youngkin,Suarez,Elder,Scott,Haley,Christie,Pence
0.681832,DeSantis,Trump,Scott,Ramaswamy,Elder,Hurd,Youngkin,Burgum,Suarez,Hutchinson,Haley,Christie,Pence
0.6612,Ramaswamy,Pence,DeSantis,Burgum,Youngkin,Hutchinson,Hurd,Christie,Suarez,Scott,Haley,Elder,Trump
1.478149,Christie,Hutchinson,Haley,Pence,Scott,Elder,Suarez,Youngkin,Hurd,Burgum,Ramaswamy,DeSantis,Trump
1.478149,Trump,DeSantis,Haley,Ramaswamy,Youngkin,Scott,Hutchinson,Burgum,Pence,Hurd,Elder,Christie,Suarez
0.56361,Ramaswamy,Trump,DeSantis,Haley,Scott,Youngkin,Elder,Burgum,Hurd,Hutchinson,Christie,Suarez,Pence
1.459965,Trump,Ramaswamy,DeSantis,Christie,Burgum,Hurd,Elder,Suarez,Haley,Youngkin,Pence,Hutchinson,Scott
0.539873,DeSantis,Trump,Burgum,Elder,Youngkin,Hurd,Christie,Scott,Ramaswamy,Pence,Suarez,Haley,Hutchinson
1.079307,Trump,Ramaswamy,Pence,Haley,Scott,Elder,Suarez,Hutchinson,Burgum,Youngkin,Hurd,DeSantis,Christie
0.819929,Trump,DeSantis,Ramaswamy,Pence,Christie,Scott,Suarez,Youngkin,Hutchinson,Hurd,Burgum,Elder,Haley
2.480722,Trump,Haley,DeSantis,Pence,Ramaswamy,Elder,Hutchinson,Burgum,Suarez,Hurd,Christie,Scott,Youngkin
1.04502,Christie,Haley,Ramaswamy,Elder,Hutchinson,Scott,Hurd,Youngkin,Suarez,Burgum,Pence,DeSantis,Trump
1.121883,Ramaswamy,Pence,Christie,Haley,Trump,DeSantis,Suarez,Burgum,Hutchinson,Scott,Hurd,Youngkin,Elder
0.466606,Haley,Christie,Hurd,Scott,Elder,Ramaswamy,Pence,Suarez,Burgum,Youngkin,DeSantis,Hutchinson,Trump
0.594702,Trump,DeSantis,Youngkin,Ramaswamy,Burgum,Scott,Hurd,Suarez,Haley,Hutchinson,Elder,Pence,Christie
1.086363,Trump,DeSantis,Ramaswamy,Elder,Scott,Hutchinson,Suarez,Hurd,Haley,Youngkin,Pence,Burgum,Christie
0.747966,Trump,DeSantis,Scott,Haley,Hurd,Ramaswamy,Hutchinson,Suarez,Elder,Youngkin,Burgum,Pence,Christie
1.004181,Trump,Ramaswamy,Scott,Burgum,Hutchinson,Christie,Youngkin,DeSantis,Elder,Haley,Suarez,Hurd,Pence
0.724205,Trump,Ramaswamy,DeSantis,Scott,Burgum,Haley,Youngkin,Elder,Hurd,Suarez,Hutchinson,Pence,Christie
1.000625,Trump,Haley,Scott,DeSantis,Christie,Burgum,Pence,Hutchinson,Elder,Hurd,Youngkin,Ramaswamy,Suarez
0.564481,DeSantis,Youngkin,Christie,Haley,Burgum,Scott,Hurd,Elder,Hutchinson,Suarez,Ramaswamy,Pence,Trump
1.002609,Trump,Ramaswamy,Scott,DeSantis,Elder,Hutchinson,Pence,Christie,Suarez,Youngkin,Hurd,Burgum,Haley
0.854256,Trump,DeSantis,Haley,Ramaswamy,Scott,Elder,Hutchinson,Burgum,Hurd,Youngkin,Suarez,Christie,Pence
0.649364,Ramaswamy,Suarez,DeSantis,Burgum,Pence,Hutchinson,Scott,Elder,Hurd,Haley,Youngkin,Trump,Christie
1.245109,DeSantis,Trump,Ramaswamy,Haley,Scott,Burgum,Youngkin,Elder,Pence,Suarez,Hurd,Hutchinson,Christie
1.045781,Trump,Ramaswamy,Scott,DeSantis,Haley,Elder,Hurd,Suarez,Hutchinson,Youngkin,Burgum,Pence,Christie
0.996977,Trump,DeSantis,Haley,Ramaswamy,Scott,Burgum,Youngkin,Elder,Hurd,Hutchinson,Suarez,Christie,Pence
0.650804,DeSantis,Trump,Ramaswamy,Pence,Hutchinson,Suarez,Hurd,Haley,Youngkin,Elder,Burgum,Christie,Scott
0.73399,Haley,Christie,Suarez,Youngkin,Burgum,Elder,Hutchinson,Ramaswamy,Scott,Hurd,Pence,DeSantis,Trump
0.785097,Trump,Ramaswamy,DeSantis,Youngkin,Haley,Hutchinson,Elder,Scott,Hurd,Burgum,Pence,Christie,Suarez
1.22744,Haley,Scott,Pence,Burgum,Ramaswamy,Hutchinson,Youngkin,Hurd,Elder,Suarez,DeSantis,Christie,Trump
0.741903,Trump,DeSantis,Ramaswamy,Haley,Christie,Scott,Hutchinson,Burgum,Youngkin,Elder,Suarez,Hurd,Pence
0.996977,DeSantis,Pence,Ramaswamy,Haley,Youngkin,Burgum,Scott,Elder,Suarez,Hurd,Hutchinson,Trump,Christie
1.023323,DeSantis,Trump,Scott,Christie,Youngkin,Hutchinson,Burgum,Suarez,Haley,Elder,Pence,Hurd,Ramaswamy
1.18457,Scott,Haley,Ramaswamy,DeSantis,Youngkin,Pence,Elder,Burgum,Christie,Hurd,Hutchinson,Suarez,Trump
0.963428,Haley,Suarez,Pence,Hutchinson,Ramaswamy,Hurd,Burgum,Elder,Youngkin,Scott,Christie,DeSantis,Trump
0.741903,DeSantis,Pence,Haley,Ramaswamy,Trump,Christie,Elder,Scott,Hutchinson,Hurd,Youngkin,Suarez,Burgum
0.671534,Ramaswamy,Trump,DeSantis,Haley,Pence,Scott,Christie,Burgum,Hutchinson,Elder,Youngkin,Suarez,Hurd
1.121883,Trump,DeSantis,Scott,Haley,Elder,Ramaswamy,Burgum,Suarez,Pence,Hurd,Youngkin,Hutchinson,Christie
0.772768,Trump,Ramaswamy,Haley,DeSantis,Elder,Hutchinson,Christie,Youngkin,Pence,Burgum,Hurd,Suarez,Scott
0.81114,Christie,DeSantis,Scott,Suarez,Haley,Hurd,Trump,Hutchinson,Burgum,Pence,Elder,Ramaswamy,Youngkin
1.049608,Trump,Pence,Ramaswamy,Haley,Scott,DeSantis,Suarez,Hurd,Hutchinson,Youngkin,Elder,Burgum,Christie
0.851323,Ramaswamy,Haley,DeSantis,Christie,Scott,Burgum,Hurd,Pence,Suarez,Hutchinson,Elder,Youngkin,Trump
0.607662,Ramaswamy,Youngkin,Scott,Suarez,Burgum,Elder,Hurd,Hutchinson,Christie,Pence,Haley,DeSantis,Trump
0.968363,Ramaswamy,Scott,Haley,DeSantis,Pence,Christie,Hurd,Burgum,Youngkin,Elder,Suarez,Hutchinson,Trump
0.996977,Trump,Christie,Haley,Scott,DeSantis,Elder,Suarez,Hurd,Hutchinson,Youngkin,Burgum,Ramaswamy,Pence
1.018243,Trump,DeSantis,Ramaswamy,Burgum,Hutchinson,Hurd,Youngkin,Suarez,Elder,Scott,Haley,Christie,Pence
0.65782,Trump,Haley,Scott,DeSantis,Youngkin,Burgum,Christie,Hurd,Ramaswamy,Elder,Suarez,Hutchinson,Pence
0.660172,Ramaswamy,Trump,DeSantis,Elder,Scott,Pence,Burgum,Haley,Hurd,Youngkin,Hutchinson,Suarez,Christie
1.215652,Trump,DeSantis,Youngkin,Pence,Haley,Ramaswamy,Scott,Burgum,Elder,Hurd,Suarez,Hutchinson,Christie
2.040183,Ramaswamy,Haley,Scott,Suarez,Hutchinson,Youngkin,Elder,Hurd,Burgum,Pence,Christie,DeSantis,Trump
0.792237,Trump,Elder,Hurd,Hutchinson,Ramaswamy,Christie,Youngkin,Pence,Suarez,Scott,DeSantis,Burgum,Haley
1.205555,Christie,Haley,Hutchinson,Scott,Pence,Burgum,Hurd,Youngkin,Suarez,Elder,DeSantis,Ramaswamy,Trump
1.376605,Haley,Christie,Elder,Hutchinson,Hurd,Youngkin,Burgum,Pence,Scott,Suarez,Ramaswamy,DeSantis,Trump
0.606725,Trump,Pence,Ramaswamy,Scott,Elder,Christie,Youngkin,Burgum,Hurd,Hutchinson,Suarez,Haley,DeSantis
0.612993,Trump,Ramaswamy,DeSantis,Christie,Hurd,Elder,Suarez,Hutchinson,Youngkin,Haley,Pence,Burgum,Scott
0.567195,Trump,Ramaswamy,Christie,Hurd,Haley,Pence,Youngkin,DeSantis,Elder,Suarez,Burgum,Scott,Hutchinson
0.658711,Trump,Ramaswamy,Haley,Christie,Suarez,Elder,DeSantis,Pence,Hurd,Youngkin,Scott,Hutchinson,Burgum
1.112621,Trump,DeSantis,Ramaswamy,Haley,Scott,Pence,Hurd,Youngkin,Elder,Christie,Burgum,Hutchinson,Suarez
1.297777,Christie,Haley,Ramaswamy,Pence,Hutchinson,Youngkin,Scott,Burgum,Suarez,Hurd,DeSantis,Elder,Trump
1.219104,DeSantis,Trump,Haley,Scott,Hutchinson,Pence,Elder,Ramaswamy,Suarez,Burgum,Youngkin,Hurd,Christie
1.129901,Trump,Ramaswamy,Haley,Youngkin,DeSantis,Scott,Elder,Hutchinson,Hurd,Suarez,Burgum,Pence,Christie
1.04502,Ramaswamy,DeSantis,Christie,Pence,Haley,Hutchinson,Scott,Youngkin,Burgum,Elder,Suarez,Trump,Hurd
1.149689,Trump,DeSantis,Youngkin,Elder,Burgum,Scott,Haley,Suarez,Hutchinson,Hurd,Ramaswamy,Christie,Pence
0.68511,Trump,Pence,Ramaswamy,DeSantis,Suarez,Haley,Burgum,Scott,Youngkin,Christie,Elder,Hurd,Hutchinson
0.916252,DeSantis,Haley,Scott,Christie,Ramaswamy,Pence,Burgum,Hutchinson,Hurd,Elder,Suarez,Youngkin,Trump
1.478149,Ramaswamy,Pence,DeSantis,Scott,Haley,Hurd,Burgum,Suarez,Elder,Hutchinson,Youngkin,Christie,Trump
0.621594,Trump,Hurd,Elder,Christie,Pence,Hutchinson,Haley,Youngkin,Burgum,DeSantis,Scott,Suarez,Ramaswamy
0.650804,Burgum,Haley,Scott,Pence,Ramaswamy,DeSantis,Christie,Trump,Elder,Hutchinson,Youngkin,Hurd,Suarez
1.048733,Trump,DeSantis,Christie,Haley,Scott,Ramaswamy,Youngkin,Hutchinson,Burgum,Elder,Hurd,Suarez,Pence
0.555612,Trump,Scott,Elder,Hurd,Burgum,Suarez,Youngkin,Hutchinson,DeSantis,Christie,Haley,Pence,Ramaswamy
0.660157,Trump,Ramaswamy,DeSantis,Haley,Scott,Elder,Pence,Hutchinson,Hurd,Christie,Youngkin,Suarez,Burgum
0.731376,Scott,Haley,Trump,Ramaswamy,DeSantis,Pence,Christie,Hutchinson,Youngkin,Suarez,Burgum,Hurd,Elder
0.68511,Pence,Ramaswamy,Trump,Scott,Haley,DeSantis,Hurd,Christie,Youngkin,Hutchinson,Burgum,Elder,Suarez
1.314392,Trump,DeSantis,Ramaswamy,Hutchinson,Haley,Pence,Burgum,Youngkin,Christie,Hurd,Scott,Elder,Suarez
0.805183,Ramaswamy,Trump,Pence,Christie,Hurd,DeSantis,Hutchinson,Suarez,Elder,Youngkin,Haley,Burgum,Scott
0.779609,Trump,DeSantis,Ramaswamy,Scott,Pence,Haley,Christie,Youngkin,Hutchinson,Elder,Burgum,Suarez,Hurd
0.741903,Trump,Ramaswamy,Hutchinson,Scott,Hurd,Pence,Christie,Burgum,Elder,Suarez,Youngkin,Haley,DeSantis
1.215652,Trump,DeSantis,Pence,Christie,Youngkin,Scott,Haley,Hutchinson,Hurd,Elder,Suarez,Ramaswamy,Burgum
0.724205,Christie,Haley,Pence,Youngkin,Scott,Suarez,Hutchinson,Hurd,Elder,Burgum,Ramaswamy,DeSantis,Trump
0.731376,Scott,Haley,Trump,Ramaswamy,DeSantis,Pence,Christie,Hutchinson,Youngkin,Suarez,Burgum,Hurd,Elder
0.741903,Ramaswamy,Christie,Elder,Youngkin,DeSantis,Burgum,Haley,Scott,Hurd,Pence,Suarez,Hutchinson,Trump
1.134561,Haley,DeSantis,Ramaswamy,Pence,Scott,Elder,Youngkin,Trump,Christie,Hutchinson,Burgum,Hurd,Suarez
1.056898,Trump,Pence,DeSantis,Christie,Scott,Youngkin,Ramaswamy,Burgum,Suarez,Hutchinson,Hurd,Haley,Elder
1.002609,Ramaswamy,Scott,Pence,Burgum,Haley,Christie,Hutchinson,Suarez,Elder,Hurd,Youngkin,DeSantis,Trump
2.040183,Christie,Scott,Pence,Hutchinson,Elder,Burgum,Haley,Youngkin,Hurd,DeSantis,Suarez,Ramaswamy,Trump
0.762857,Trump,DeSantis,Ramaswamy,Pence,Christie,Haley,Burgum,Scott,Hutchinson,Hurd,Elder,Youngkin,Suarez
1.22744,Trump,Pence,DeSantis,Elder,Haley,Youngkin,Scott,Suarez,Hurd,Ramaswamy,Burgum,Hutchinson,Christie
0.526889,Trump,Ramaswamy,Scott,Hutchinson,Christie,Suarez,Elder,Pence,Youngkin,Haley,Burgum,Hurd,DeSantis
1.245109,Pence,Christie,Suarez,Youngkin,Haley,Elder,Burgum,DeSantis,Hurd,Hutchinson,Ramaswamy,Scott,Trump
0.779605,Trump,Ramaswamy,DeSantis,Hurd,Pence,Christie,Haley,Scott,Youngkin,Suarez,Burgum,Hutchinson,Elder
1.084801,Trump,DeSantis,Haley,Burgum,Scott,Ramaswamy,Youngkin,Pence,Christie,Suarez,Elder,Hurd,Hutchinson
0.79963,Haley,DeSantis,Pence,Burgum,Christie,Scott,Ramaswamy,Hurd,Hutchinson,Youngkin,Elder,Suarez,Trump
1.134561,Haley,DeSantis,Ramaswamy,Pence,Scott,Elder,Youngkin,Trump,Christie,Hutchinson,Burgum,Hurd,Suarez
0.636425,Trump,DeSantis,Pence,Haley,Christie,Youngkin,Ramaswamy,Hurd,Burgum,Scott,Suarez,Elder,Hutchinson
1.342131,Trump,Scott,DeSantis,Youngkin,Ramaswamy,Hutchinson,Elder,Haley,Burgum,Suarez,Hurd,Pence,Christie
0.741903,Haley,Scott,Trump,Pence,DeSantis,Christie,Hutchinson,Youngkin,Elder,Suarez,Hurd,Ramaswamy,Burgum
0.94326,Ramaswamy,DeSantis,Haley,Trump,Elder,Hutchinson,Scott,Youngkin,Christie,Hurd,Suarez,Burgum,Pence
1.137748,DeSantis,Pence,Haley,Hutchinson,Scott,Christie,Elder,Suarez,Youngkin,Ramaswamy,Burgum,Hurd,Trump
1.611159,Burgum,Ramaswamy,Scott,Pence,DeSantis,Haley,Hutchinson,Trump,Youngkin,Hurd,Suarez,Christie,Elder
0.621594,Trump,Hurd,Elder,Christie,Pence,Hutchinson,Haley,Youngkin,Burgum,DeSantis,Scott,Suarez,Ramaswamy
1.270672,Ramaswamy,Trump,DeSantis,Scott,Haley,Burgum,Youngkin,Pence,Hutchinson,Elder,Hurd,Suarez,Christie
1.292548,Christie,Pence,Haley,Scott,Ramaswamy,Burgum,Hutchinson,Hurd,Youngkin,Elder,Suarez,DeSantis,Trump
1.218747,DeSantis,Trump,Pence,Ramaswamy,Burgum,Christie,Haley,Scott,Elder,Youngkin,Hurd,Hutchinson,Suarez
0.817814,Pence,Scott,Trump,Hurd,Hutchinson,Elder,Burgum,Christie,Suarez,DeSantis,Youngkin,Haley,Ramaswamy
0.79963,Trump,Ramaswamy,Scott,DeSantis,Christie,Hutchinson,Haley,Pence,Suarez,Youngkin,Elder,Hurd,Burgum
1.292548,Christie,Pence,Haley,Scott,Ramaswamy,Burgum,Hutchinson,Hurd,Youngkin,Elder,Suarez,DeSantis,Trump
0.996977,Trump,DeSantis,Haley,Ramaswamy,Scott,Burgum,Youngkin,Elder,Hurd,Hutchinson,Suarez,Christie,Pence
1.180031,Trump,DeSantis,Haley,Christie,Scott,Hutchinson,Suarez,Burgum,Youngkin,Ramaswamy,Pence,Elder,Hurd
0.56361,Ramaswamy,Trump,DeSantis,Haley,Scott,Youngkin,Elder,Burgum,Hurd,Hutchinson,Christie,Suarez,Pence
1.068725,Trump,Ramaswamy,DeSantis,Pence,Haley,Christie,Burgum,Elder,Hurd,Suarez,Youngkin,Scott,Hutchinson
0.718335,Trump,Ramaswamy,DeSantis,Scott,Haley,Youngkin,Elder,Hutchinson,Suarez,Hurd,Burgum,Pence,Christie
0.760085,Pence,Burgum,Elder,Hurd,Youngkin,Hutchinson,Haley,DeSantis,Christie,Scott,Suarez,Ramaswamy,Trump
1.166972,Ramaswamy,DeSantis,Haley,Pence,Hutchinson,Elder,Suarez,Hurd,Burgum,Scott,Youngkin,Christie,Trump
0.968363,Trump,Ramaswamy,DeSantis,Pence,Christie,Elder,Hurd,Scott,Haley,Hutchinson,Youngkin,Burgum,Suarez
0.798657,Christie,Pence,DeSantis,Haley,Hutchinson,Hurd,Scott,Suarez,Youngkin,Ramaswamy,Burgum,Elder,Trump
1.247329,Trump,Ramaswamy,DeSantis,Christie,Haley,Hutchinson,Youngkin,Hurd,Suarez,Scott,Burgum,Elder,Pence
1.219104,Trump,DeSantis,Ramaswamy,Haley,Youngkin,Burgum,Hutchinson,Pence,Scott,Hurd,Elder,Suarez,Christie
1.314392,Trump,DeSantis,Ramaswamy,Hutchinson,Haley,Pence,Burgum,Youngkin,Christie,Hurd,Scott,Elder,Suarez
2.202489,Haley,Christie,Hutchinson,Scott,Hurd,Youngkin,Burgum,Suarez,Elder,Pence,Ramaswamy,DeSantis,Trump
0.773286,Ramaswamy,Pence,Christie,Scott,Suarez,Youngkin,Elder,Trump,Burgum,Hurd,Hutchinson,DeSantis,Haley
0.81823,Hutchinson,Haley,Burgum,Youngkin,Christie,Ramaswamy,Scott,Pence,Suarez,Elder,Hurd,DeSantis,Trump
1.478149,Haley,Christie,DeSantis,Pence,Youngkin,Scott,Elder,Burgum,Hutchinson,Trump,Suarez,Hurd,Ramaswamy
1.068725,Trump,Ramaswamy,DeSantis,Pence,Haley,Christie,Burgum,Elder,Hurd,Suarez,Youngkin,Scott,Hutchinson
1.215652,Pence,Scott,Haley,DeSantis,Christie,Hutchinson,Ramaswamy,Youngkin,Hurd,Suarez,Elder,Burgum,Trump
1.200697,Pence,Haley,Scott,DeSantis,Hutchinson,Burgum,Elder,Youngkin,Suarez,Trump,Hurd,Christie,Ramaswamy
1.270672,DeSantis,Trump,Haley,Ramaswamy,Scott,Youngkin,Pence,Hurd,Burgum,Hutchinson,Elder,Christie,Suarez
1.158692,Hutchinson,Christie,Hurd,Burgum,Pence,Scott,Haley,Suarez,Youngkin,Elder,DeSantis,Ramaswamy,Trump
1.669118,Ramaswamy,Trump,Scott,Burgum,Youngkin,Haley,Elder,Hurd,Suarez,Pence,DeSantis,Hutchinson,Christie
0.735939,Christie,Pence,Hutchinson,Youngkin,Scott,Ramaswamy,Hurd,Burgum,Elder,Haley,Suarez,DeSantis,Trump
1.164009,Haley,Scott,Ramaswamy,DeSantis,Hurd,Elder,Hutchinson,Pence,Suarez,Burgum,Christie,Youngkin,Trump
0.851323,DeSantis,Ramaswamy,Haley,Trump,Youngkin,Suarez,Elder,Hurd,Scott,Hutchinson,Pence,Christie,Burgum
1.200697,Ramaswamy,Scott,Trump,Burgum,Haley,DeSantis,Youngkin,Elder,Pence,Suarez,Hutchinson,Hurd,Christie
0.729306,Ramaswamy,Burgum,Haley,Christie,Scott,DeSantis,Elder,Hurd,Suarez,Hutchinson,Youngkin,Pence,Trump
0.779609,Trump,DeSantis,Ramaswamy,Scott,Pence,Haley,Christie,Youngkin,Hutchinson,Elder,Burgum,Suarez,Hurd
0.9069,Trump,DeSantis,Pence,Haley,Christie,Hurd,Youngkin,Elder,Suarez,Burgum,Scott,Hutchinson,Ramaswamy
1.18741,Ramaswamy,Scott,Haley,Pence,Burgum,Hurd,Suarez,Hutchinson,Christie,Youngkin,Elder,DeSantis,Trump
0.899895,Trump,Ramaswamy,Scott,Elder,Youngkin,Haley,DeSantis,Hutchinson,Burgum,Suarez,Hurd,Pence,Christie
1.084801,Trump,DeSantis,Haley,Burgum,Scott,Ramaswamy,Youngkin,Pence,Christie,Suarez,Elder,Hurd,Hutchinson
0.837116,Scott,Suarez,Haley,Youngkin,DeSantis,Pence,Hutchinson,Ramaswamy,Burgum,Hurd,Christie,Elder,Trump
1.048733,Pence,Haley,Ramaswamy,Christie,Scott,Hutchinson,DeSantis,Burgum,Hurd,Elder,Youngkin,Suarez,Trump
2.728993,Haley,Christie,Youngkin,Scott,Burgum,Ramaswamy,DeSantis,Pence,Hutchinson,Suarez,Hurd,Elder,Trump
1.068725,Ramaswamy,Haley,Youngkin,Suarez,Elder,Hutchinson,Christie,Pence,Burgum,Scott,DeSantis,Hurd,Trump
0.828187,Haley,Elder,Scott,Youngkin,Hurd,Hutchinson,Burgum,Suarez,Ramaswamy,Christie,Pence,DeSantis,Trump
0.636425,Trump,DeSantis,Pence,Haley,Christie,Youngkin,Ramaswamy,Hurd,Burgum,Scott,Suarez,Elder,Hutchinson
0.890183,Ramaswamy,DeSantis,Scott,Elder,Haley,Youngkin,Burgum,Hurd,Hutchinson,Pence,Suarez,Trump,Christie
0.658711,Trump,Ramaswamy,DeSantis,Elder,Scott,Hurd,Youngkin,Burgum,Christie,Hutchinson,Haley,Suarez,Pence
1.200697,Trump,Haley,DeSantis,Pence,Scott,Christie,Ramaswamy,Hurd,Elder,Burgum,Youngkin,Suarez,Hutchinson
0.968363,Pence,DeSantis,Trump,Haley,Ramaswamy,Suarez,Scott,Youngkin,Christie,Hutchinson,Elder,Burgum,Hurd
0.751381,Ramaswamy,DeSantis,Scott,Burgum,Pence,Haley,Trump,Youngkin,Hutchinson,Christie,Suarez,Elder,Hurd
1.292548,Christie,Scott,Pence,Hutchinson,Haley,Burgum,Hurd,Suarez,Elder,Youngkin,Ramaswamy,DeSantis,Trump
1.122006,Ramaswamy,Christie,Scott,Elder,Pence,Hurd,Youngkin,Hutchinson,Burgum,Haley,Suarez,DeSantis,Trump
0.792237,DeSantis,Haley,Youngkin,Pence,Scott,Suarez,Ramaswamy,Elder,Hurd,Hutchinson,Burgum,Trump,Christie
0.9069,Trump,DeSantis,Pence,Haley,Christie,Hurd,Youngkin,Elder,Suarez,Burgum,Scott,Hutchinson,Ramaswamy
1.188226,Trump,DeSantis,Haley,Scott,Ramaswamy,Burgum,Hutchinson,Christie,Pence,Elder,Youngkin,Suarez,Hurd
0.767178,Trump,DeSantis,Hutchinson,Suarez,Elder,Scott,Ramaswamy,Christie,Pence,Burgum,Youngkin,Hurd,Haley
0.762857,Trump,DeSantis,Ramaswamy,Pence,Christie,Haley,Burgum,Scott,Hutchinson,Hurd,Elder,Youngkin,Suarez
0.95828,Trump,DeSantis,Haley,Ramaswamy,Scott,Youngkin,Pence,Elder,Burgum,Suarez,Hurd,Christie,Hutchinson
1.360419,DeSantis,Ramaswamy,Scott,Youngkin,Trump,Burgum,Haley,Pence,Suarez,Hurd,Hutchinson,Christie,Elder
1.000625,Hutchinson,Hurd,Scott,Christie,Pence,Burgum,Haley,Youngkin,Elder,Suarez,Ramaswamy,DeSantis,Trump
1.158692,Trump,Ramaswamy,Suarez,Haley,Christie,Pence,Scott,Elder,Burgum,DeSantis,Hurd,Hutchinson,Youngkin
0.838528,Trump,DeSantis,Ramaswamy,Pence,Youngkin,Elder,Haley,Hurd,Hutchinson,Suarez,Burgum,Scott,Christie
0.840329,Trump,Burgum,Elder,Hurd,Ramaswamy,Scott,Youngkin,Pence,Haley,DeSantis,Christie,Suarez,Hutchinson
1.002609,Trump,DeSantis,Ramaswamy,Elder,Burgum,Scott,Haley,Youngkin,Suarez,Hurd,Pence,Hutchinson,Christie
0.949777,Trump,DeSantis,Burgum,Scott,Elder,Hurd,Youngkin,Haley,Hutchinson,Suarez,Ramaswamy,Pence,Christie
1.240092,Haley,Christie,Pence,Elder,Hutchinson,Scott,Suarez,Hurd,Burgum,Youngkin,Ramaswamy,DeSantis,Trump
0.6612,Ramaswamy,Pence,DeSantis,Burgum,Youngkin,Hutchinson,Hurd,Christie,Suarez,Scott,Haley,Elder,Trump
1.292359,Pence,Scott,Haley,Christie,Elder,Burgum,Youngkin,Hurd,Suarez,Hutchinson,Ramaswamy,DeSantis,Trump
0.827631,Trump,Ramaswamy,Hutchinson,Christie,Burgum,Elder,Hurd,Scott,Haley,DeSantis,Suarez,Youngkin,Pence
1.109667,DeSantis,Trump,Ramaswamy,Burgum,Haley,Youngkin,Christie,Elder,Hurd,Scott,Hutchinson,Suarez,Pence
0.812586,Trump,Scott,Ramaswamy,DeSantis,Pence,Hurd,Elder,Suarez,Burgum,Hutchinson,Youngkin,Christie,Haley
1.312363,Trump,DeSantis,Haley,Pence,Ramaswamy,Scott,Youngkin,Elder,Hutchinson,Burgum,Hurd,Suarez,Christie
0.56361,Trump,Scott,DeSantis,Elder,Hurd,Burgum,Youngkin,Pence,Ramaswamy,Suarez,Hutchinson,Haley,Christie
1.051336,Christie,Haley,Trump,Scott,Hutchinson,Elder,DeSantis,Hurd,Burgum,Suarez,Youngkin,Ramaswamy,Pence
1.459965,Trump,DeSantis,Burgum,Scott,Haley,Pence,Ramaswamy,Youngkin,Hutchinson,Suarez,Hurd,Elder,Christie
1.096176,Trump,Ramaswamy,DeSantis,Burgum,Haley,Scott,Elder,Youngkin,Pence,Hutchinson,Suarez,Christie,Hurd
0.687217,Trump,Ramaswamy,DeSantis,Haley,Scott,Pence,Suarez,Youngkin,Burgum,Hutchinson,Elder,Christie,Hurd
0.743226,Trump,DeSantis,Ramaswamy,Pence,Scott,Haley,Hutchinson,Youngkin,Christie,Hurd,Elder,Burgum,Suarez
0.526889,Ramaswamy,DeSantis,Pence,Trump,Christie,Elder,Burgum,Hurd,Scott,Youngkin,Suarez,Hutchinson,Haley
2.220458,Trump,DeSantis,Haley,Ramaswamy,Elder,Scott,Pence,Youngkin,Burgum,Hurd,Suarez,Hutchinson,Christie
1.166972,Trump,Ramaswamy,Suarez,Christie,Hurd,Youngkin,Elder,DeSantis,Scott,Haley,Burgum,Hutchinson,Pence
1.618619,Ramaswamy,Haley,DeSantis,Pence,Trump,Scott,Christie,Suarez,Hutchinson,Burgum,Youngkin,Elder,Hurd
0.672156,Ramaswamy,Trump,Elder,Suarez,Hutchinson,Scott,Hurd,Burgum,Haley,Youngkin,Christie,DeSantis,Pence
0.708142,Elder,Scott,Haley,Pence,Suarez,Ramaswamy,Hurd,Burgum,DeSantis,Youngkin,Hutchinson,Trump,Christie
1.376605,Trump,DeSantis,Ramaswamy,Scott,Christie,Pence,Haley,Hurd,Youngkin,Hutchinson,Suarez,Elder,Burgum
1.004181,Trump,Ramaswamy,Scott,Burgum,Hutchinson,Christie,Youngkin,DeSantis,Elder,Haley,Suarez,Hurd,Pence
1.144161,DeSantis,Ramaswamy,Haley,Trump,Scott,Burgum,Christie,Hutchinson,Youngkin,Elder,Hurd,Pence,Suarez
0.63756,Trump,Haley,Hutchinson,Scott,Christie,Youngkin,DeSantis,Pence,Ramaswamy,Elder,Burgum,Hurd,Suarez
1.205555,Ramaswamy,Pence,DeSantis,Haley,Elder,Burgum,Youngkin,Scott,Suarez,Hutchinson,Hurd,Christie,Trump
1.086363,Trump,Haley,DeSantis,Scott,Pence,Elder,Ramaswamy,Youngkin,Burgum,Hutchinson,Hurd,Christie,Suarez
0.976275,Trump,Ramaswamy,DeSantis,Pence,Christie,Scott,Hutchinson,Youngkin,Elder,Hurd,Haley,Burgum,Suarez
0.709101,Scott,DeSantis,Burgum,Christie,Hutchinson,Elder,Ramaswamy,Trump,Hurd,Pence,Youngkin,Haley,Suarez
0.668479,Trump,DeSantis,Haley,Ramaswamy,Pence,Christie,Burgum,Suarez,Hurd,Elder,Hutchinson,Scott,Youngkin
1.221353,Trump,Scott,Haley,Elder,Burgum,Ramaswamy,Pence,DeSantis,Youngkin,Hutchinson,Hurd,Suarez,Christie
0.960016,Trump,Ramaswamy,DeSantis,Burgum,Scott,Elder,Haley,Hurd,Suarez,Youngkin,Pence,Hutchinson,Christie
1.270672,Trump,DeSantis,Ramaswamy,Christie,Pence,Haley,Scott,Hutchinson,Elder,Youngkin,Suarez,Hurd,Burgum
1.278245,Trump,Youngkin,Scott,DeSantis,Haley,Ramaswamy,Pence,Burgum,Hurd,Elder,Christie,Hutchinson,Suarez
0.81114,Ramaswamy,Trump,Elder,DeSantis,Haley,Youngkin,Burgum,Scott,Hurd,Suarez,Hutchinson,Pence,Christie
2.132521,Christie,Hutchinson,Haley,Pence,Hurd,Elder,Suarez,Burgum,Youngkin,Scott,Ramaswamy,DeSantis,Trump
1.796801,DeSantis,Haley,Scott,Ramaswamy,Trump,Youngkin,Burgum,Pence,Christie,Hutchinson,Hurd,Elder,Suarez
0.56361,Ramaswamy,Trump,DeSantis,Haley,Scott,Youngkin,Elder,Burgum,Hurd,Hutchinson,Christie,Suarez,Pence
1.611159,Burgum,Ramaswamy,Scott,Pence,DeSantis,Haley,Hutchinson,Trump,Youngkin,Hurd,Suarez,Christie,Elder
1.270672,Trump,DeSantis,Ramaswamy,Youngkin,Haley,Elder,Suarez,Scott,Burgum,Pence,Hutchinson,Hurd,Christie
1.270672,DeSantis,Haley,Ramaswamy,Scott,Trump,Pence,Elder,Youngkin,Christie,Hurd,Burgum,Hutchinson,Suarez
1.629188,Trump,Elder,DeSantis,Scott,Ramaswamy,Haley,Suarez,Burgum,Youngkin,Pence,Hutchinson,Hurd,Christie
1.334956,Ramaswamy,Pence,Hurd,Scott,Elder,Youngkin,Haley,Christie,DeSantis,Burgum,Suarez,Hutchinson,Trump
0.526889,Ramaswamy,DeSantis,Pence,Trump,Christie,Elder,Burgum,Hurd,Scott,Youngkin,Suarez,Hutchinson,Haley
0.58281,Trump,Haley,Elder,Ramaswamy,DeSantis,Pence,Suarez,Youngkin,Hutchinson,Hurd,Scott,Christie,Burgum
0.741903,Trump,Ramaswamy,Hutchinson,Scott,Hurd,Pence,Christie,Burgum,Elder,Suarez,Youngkin,Haley,DeSantis
1.180376,Trump,Ramaswamy,DeSantis,Scott,Haley,Burgum,Youngkin,Pence,Elder,Suarez,Hutchinson,Christie,Hurd
0.621594,Trump,Hurd,Elder,Christie,Pence,Hutchinson,Haley,Youngkin,Burgum,DeSantis,Scott,Suarez,Ramaswamy
1.278245,Trump,Youngkin,Scott,DeSantis,Haley,Ramaswamy,Pence,Burgum,Hurd,Elder,Christie,Hutchinson,Suarez
1.376605,Christie,Haley,Hutchinson,Scott,DeSantis,Burgum,Elder,Suarez,Hurd,Youngkin,Pence,Ramaswamy,Trump
1.481912,Trump,Ramaswamy,Haley,Christie,DeSantis,Burgum,Pence,Scott,Suarez,Hurd,Youngkin,Elder,Hutchinson
0.890183,Ramaswamy,DeSantis,Scott,Elder,Haley,Youngkin,Burgum,Hurd,Hutchinson,Pence,Suarez,Trump,Christie
1.314392,Trump,DeSantis,Ramaswamy,Hutchinson,Haley,Pence,Burgum,Youngkin,Christie,Hurd,Scott,Elder,Suarez
1.164009,Ramaswamy,DeSantis,Christie,Haley,Hutchinson,Suarez,Youngkin,Hurd,Burgum,Elder,Scott,Pence,Trump
0.721527,DeSantis,Ramaswamy,Haley,Trump,Youngkin,Scott,Pence,Elder,Christie,Hutchinson,Hurd,Suarez,Burgum
1.048733,Trump,DeSantis,Scott,Haley,Youngkin,Elder,Hutchinson,Burgum,Ramaswamy,Hurd,Suarez,Pence,Christie
1.117221,Haley,Pence,Elder,Ramaswamy,DeSantis,Burgum,Hutchinson,Hurd,Suarez,Youngkin,Scott,Christie,Trump
0.828187,Haley,Elder,Scott,Youngkin,Hurd,Hutchinson,Burgum,Suarez,Ramaswamy,Christie,Pence,DeSantis,Trump
0.917571,Trump,Ramaswamy,DeSantis,Elder,Youngkin,Hutchinson,Haley,Suarez,Hurd,Pence,Burgum,Scott,Christie
0.56361,Ramaswamy,Trump,DeSantis,Haley,Scott,Youngkin,Elder,Burgum,Hurd,Hutchinson,Christie,Suarez,Pence
1.000625,Trump,Haley,Scott,DeSantis,Christie,Burgum,Pence,Hutchinson,Elder,Hurd,Youngkin,Ramaswamy,Suarez
0.718335,Christie,Haley,Burgum,Youngkin,Elder,Hutchinson,Hurd,Pence,Suarez,Ramaswamy,Scott,DeSantis,Trump
1.122006,Trump,Scott,Haley,Ramaswamy,DeSantis,Pence,Christie,Burgum,Youngkin,Hurd,Suarez,Hutchinson,Elder
0.729306,Trump,Haley,Ramaswamy,Pence,Scott,DeSantis,Burgum,Elder,Suarez,Youngkin,Hutchinson,Hurd,Christie
0.708142,Trump,DeSantis,Ramaswamy,Pence,Suarez,Christie,Haley,Scott,Hurd,Hutchinson,Youngkin,Burgum,Elder
0.792237,Ramaswamy,Haley,Elder,Youngkin,Hutchinson,Burgum,Christie,Scott,Hurd,DeSantis,Suarez,Trump,Pence
0.886784,Trump,Ramaswamy,Burgum,Christie,DeSantis,Pence,Scott,Haley,Elder,Suarez,Hutchinson,Youngkin,Hurd
1.134561,Haley,Christie,Scott,Burgum,Hutchinson,Suarez,Youngkin,Hurd,Pence,Elder,DeSantis,Ramaswamy,Trump
0.901839,Trump,Ramaswamy,Haley,Hurd,DeSantis,Scott,Christie,Suarez,Hutchinson,Elder,Youngkin,Pence,Burgum
0.614214,Scott,Burgum,Hutchinson,Haley,Christie,Suarez,Youngkin,Hurd,Ramaswamy,Elder,DeSantis,Pence,Trump
0.636425,Trump,DeSantis,Pence,Haley,Christie,Youngkin,Ramaswamy,Hurd,Burgum,Scott,Suarez,Elder,Hutchinson
1.109667,DeSantis,Trump,Ramaswamy,Burgum,Haley,Youngkin,Christie,Elder,Hurd,Scott,Hutchinson,Suarez,Pence
0.779605,DeSantis,Haley,Trump,Scott,Pence,Ramaswamy,Youngkin,Suarez,Elder,Christie,Hutchinson,Hurd,Burgum
0.974208,DeSantis,Haley,Scott,Trump,Ramaswamy,Pence,Youngkin,Hurd,Hutchinson,Burgum,Christie,Suarez,Elder
0.903189,Haley,Christie,Scott,Pence,Burgum,Ramaswamy,DeSantis,Hutchinson,Youngkin,Elder,Hurd,Suarez,Trump
0.930194,Trump,Elder,DeSantis,Haley,Burgum,Suarez,Hurd,Ramaswamy,Hutchinson,Christie,Youngkin,Scott,Pence
0.660172,Christie,Haley,Pence,Scott,Elder,Hutchinson,Suarez,Youngkin,Hurd,Burgum,Ramaswamy,DeSantis,Trump
0.564481,Christie,Pence,Haley,Scott,DeSantis,Elder,Hutchinson,Hurd,Youngkin,Suarez,Burgum,Ramaswamy,Trump
1.292548,Christie,Pence,Haley,Scott,Ramaswamy,Burgum,Hutchinson,Hurd,Youngkin,Elder,Suarez,DeSantis,Trump
0.747966,Trump,DeSantis,Scott,Haley,Hurd,Ramaswamy,Hutchinson,Suarez,Elder,Youngkin,Burgum,Pence,Christie
0.879255,Trump,DeSantis,Ramaswamy,Youngkin,Suarez,Christie,Scott,Burgum,Elder,Pence,Hurd,Hutchinson,Haley
0.650804,Trump,Christie,Ramaswamy,Elder,Burgum,Hurd,DeSantis,Scott,Haley,Youngkin,Suarez,Hutchinson,Pence
1.122006,Trump,Scott,Haley,Ramaswamy,DeSantis,Pence,Christie,Burgum,Youngkin,Hurd,Suarez,Hutchinson,Elder
1.253053,Trump,DeSantis,Pence,Haley,Scott,Ramaswamy,Youngkin,Burgum,Elder,Hurd,Suarez,Hutchinson,Christie
0.817814,Pence,Scott,Trump,Hurd,Hutchinson,Elder,Burgum,Christie,Suarez,DeSantis,Youngkin,Haley,Ramaswamy
0.930194,Ramaswamy,Youngkin,Pence,Hutchinson,Scott,Trump,Christie,Suarez,Hurd,Haley,DeSantis,Elder,Burgum
0.819929,Ramaswamy,Trump,Hutchinson,DeSantis,Pence,Scott,Suarez,Elder,Youngkin,Hurd,Burgum,Haley,Christie
0.743226,DeSantis,Ramaswamy,Trump,Pence,Christie,Burgum,Elder,Haley,Hutchinson,Scott,Suarez,Youngkin,Hurd
0.56361,Trump,Scott,DeSantis,Elder,Hurd,Burgum,Youngkin,Pence,Ramaswamy,Suarez,Hutchinson,Haley,Christie
1.04502,Christie,Haley,Ramaswamy,Elder,Hutchinson,Scott,Hurd,Youngkin,Suarez,Burgum,Pence,DeSantis,Trump
1.15048,Hurd,Pence,DeSantis,Ramaswamy,Burgum,Scott,Youngkin,Suarez,Hutchinson,Elder,Haley,Christie,Trump
0.827631,Trump,DeSantis,Scott,Haley,Ramaswamy,Christie,Elder,Pence,Burgum,Youngkin,Hutchinson,Suarez,Hurd
0.668479,Trump,DeSantis,Haley,Ramaswamy,Pence,Christie,Burgum,Suarez,Hurd,Elder,Hutchinson,Scott,Youngkin
1.271577,Trump,DeSantis,Ramaswamy,Scott,Haley,Youngkin,Suarez,Burgum,Pence,Christie,Hurd,Hutchinson,Elder
1.82827,Christie,Youngkin,Suarez,Hutchinson,Scott,Burgum,Hurd,Elder,Ramaswamy,Haley,DeSantis,Pence,Trump
0.963428,Haley,Suarez,Pence,Hutchinson,Ramaswamy,Hurd,Burgum,Elder,Youngkin,Scott,Christie,DeSantis,Trump
0.592254,Trump,Haley,Hutchinson,Pence,Ramaswamy,DeSantis,Scott,Elder,Christie,Youngkin,Hurd,Suarez,Burgum
0.919605,DeSantis,Trump,Pence,Ramaswamy,Elder,Burgum,Scott,Youngkin,Hutchinson,Suarez,Hurd,Haley,Christie
1.165203,DeSantis,Haley,Ramaswamy,Pence,Scott,Youngkin,Christie,Burgum,Hurd,Hutchinson,Suarez,Elder,Trump
0.718335,Christie,Haley,Burgum,Youngkin,Elder,Hutchinson,Hurd,Pence,Suarez,Ramaswamy,Scott,DeSantis,Trump
1.002609,Trump,Ramaswamy,DeSantis,Hutchinson,Pence,Christie,Haley,Hurd,Elder,Scott,Youngkin,Burgum,Suarez
1.345458,Haley,Ramaswamy,Suarez,Christie,Hutchinson,Scott,Youngkin,Burgum,Hurd,Elder,DeSantis,Pence,Trump
1.753818,Ramaswamy,Christie,DeSantis,Pence,Haley,Trump,Scott,Youngkin,Hutchinson,Burgum,Elder,Hurd,Suarez
1.338331,DeSantis,Ramaswamy,Burgum,Scott,Haley,Youngkin,Elder,Trump,Pence,Christie,Suarez,Hutchinson,Hurd
1.218747,Trump,DeSantis,Pence,Ramaswamy,Christie,Scott,Haley,Burgum,Elder,Suarez,Hurd,Hutchinson,Youngkin
0.838528,Trump,DeSantis,Ramaswamy,Pence,Youngkin,Elder,Haley,Hurd,Hutchinson,Suarez,Burgum,Scott,Christie
0.996977,Haley,Scott,Christie,Pence,DeSantis,Hutchinson,Burgum,Hurd,Elder,Youngkin,Suarez,Ramaswamy,Trump
0.919605,DeSantis,Scott,Trump,Ramaswamy,Pence,Elder,Hutchinson,Youngkin,Hurd,Haley,Burgum,Christie,Suarez
0.577422,Haley,Elder,Trump,Suarez,DeSantis,Pence,Youngkin,Burgum,Scott,Hutchinson,Ramaswamy,Hurd,Christie
1.103994,Ramaswamy,DeSantis,Trump,Haley,Christie,Scott,Burgum,Pence,Youngkin,Hurd,Hutchinson,Elder,Suarez
1.014141,Trump,Youngkin,Ramaswamy,Scott,Elder,DeSantis,Haley,Burgum,Suarez,Pence,Hutchinson,Hurd,Christie
1.237638,Trump,DeSantis,Ramaswamy,Haley,Scott,Hutchinson,Elder,Hurd,Burgum,Suarez,Christie,Youngkin,Pence
0.970759,Trump,Ramaswamy,DeSantis,Scott,Youngkin,Haley,Burgum,Suarez,Elder,Hurd,Hutchinson,Pence,Christie
1.669118,Trump,DeSantis,Youngkin,Pence,Hurd,Elder,Hutchinson,Suarez,Ramaswamy,Haley,Christie,Scott,Burgum
0.929519,Trump,DeSantis,Ramaswamy,Scott,Haley,Elder,Hutchinson,Burgum,Youngkin,Pence,Hurd,Suarez,Christie
0.972281,Hurd,Burgum,Hutchinson,Youngkin,Haley,Elder,Christie,Pence,DeSantis,Ramaswamy,Scott,Suarez,Trump
1.04502,Suarez,Haley,Christie,Hutchinson,Elder,Pence,Burgum,Hurd,Scott,Youngkin,DeSantis,Ramaswamy,Trump
0.996977,Haley,Scott,Christie,Pence,DeSantis,Hutchinson,Burgum,Hurd,Elder,Youngkin,Suarez,Ramaswamy,Trump
0.800433,Trump,DeSantis,Ramaswamy,Pence,Scott,Elder,Haley,Burgum,Hurd,Youngkin,Christie,Hutchinson,Suarez
1.529463,Christie,Pence,Scott,Burgum,Hutchinson,Ramaswamy,Suarez,Youngkin,Hurd,Elder,Haley,DeSantis,Trump
0.798657,Trump,Christie,Haley,Elder,Hurd,Suarez,Hutchinson,Youngkin,Scott,Burgum,Ramaswamy,Pence,DeSantis
0.839544,Ramaswamy,DeSantis,Christie,Haley,Hutchinson,Burgum,Suarez,Hurd,Youngkin,Scott,Elder,Pence,Trump
1.219104,DeSantis,Trump,Ramaswamy,Haley,Scott,Elder,Youngkin,Pence,Suarez,Burgum,Hurd,Christie,Hutchinson
1.314392,Hutchinson,Christie,Hurd,Suarez,Burgum,Youngkin,Haley,Scott,Pence,Ramaswamy,Elder,DeSantis,Trump
0.851323,Pence,Trump,Burgum,Suarez,Hurd,Elder,Ramaswamy,Hutchinson,Haley,Youngkin,DeSantis,Scott,Christie
0.56361,Christie,Hutchinson,Burgum,Elder,Haley,Hurd,Suarez,Scott,Pence,Youngkin,Ramaswamy,DeSantis,Trump
0.798657,DeSantis,Ramaswamy,Haley,Scott,Trump,Christie,Burgum,Elder,Hurd,Hutchinson,Youngkin,Pence,Suarez
1.121883,Ramaswamy,Haley,DeSantis,Trump,Hurd,Christie,Suarez,Pence,Burgum,Youngkin,Scott,Elder,Hutchinson
1.002609,Trump,Scott,Haley,DeSantis,Ramaswamy,Pence,Christie,Elder,Youngkin,Hutchinson,Suarez,Hurd,Burgum
1.149689,Trump,DeSantis,Youngkin,Elder,Burgum,Scott,Haley,Suarez,Hutchinson,Hurd,Ramaswamy,Christie,Pence
0.747966,Pence,Trump,Ramaswamy,Scott,Haley,Suarez,Hutchinson,DeSantis,Christie,Elder,Youngkin,Burgum,Hurd
1.679312,Pence,Haley,Scott,Ramaswamy,DeSantis,Christie,Burgum,Elder,Suarez,Hutchinson,Youngkin,Hurd,Trump
0.996977,DeSantis,Pence,Ramaswamy,Haley,Youngkin,Burgum,Scott,Elder,Suarez,Hurd,Hutchinson,Trump,Christie
2.480722,Trump,Haley,DeSantis,Pence,Ramaswamy,Elder,Hutchinson,Burgum,Suarez,Hurd,Christie,Scott,Youngkin
1.245109,Pence,Christie,Suarez,Youngkin,Haley,Elder,Burgum,DeSantis,Hurd,Hutchinson,Ramaswamy,Scott,Trump
0.741903,Ramaswamy,Christie,Elder,Youngkin,DeSantis,Burgum,Haley,Scott,Hurd,Pence,Suarez,Hutchinson,Trump
0.93342,Trump,Ramaswamy,Elder,Scott,DeSantis,Hurd,Burgum,Youngkin,Suarez,Hutchinson,Haley,Christie,Pence
1.103789,Trump,DeSantis,Scott,Haley,Elder,Hutchinson,Youngkin,Burgum,Hurd,Suarez,Ramaswamy,Christie,Pence
0.968363,Pence,DeSantis,Trump,Haley,Ramaswamy,Suarez,Scott,Youngkin,Christie,Hutchinson,Elder,Burgum,Hurd
1.068725,Trump,Pence,DeSantis,Christie,Burgum,Youngkin,Hurd,Scott,Ramaswamy,Suarez,Hutchinson,Haley,Elder
1.164009,Youngkin,Haley,Scott,Hutchinson,Burgum,Pence,Christie,DeSantis,Elder,Suarez,Hurd,Ramaswamy,Trump
0.819929,Ramaswamy,Trump,Hutchinson,DeSantis,Pence,Scott,Suarez,Elder,Youngkin,Hurd,Burgum,Haley,Christie
1.261425,Trump,Pence,DeSantis,Elder,Christie,Haley,Ramaswamy,Hurd,Hutchinson,Scott,Suarez,Burgum,Youngkin
1.101605,Trump,Ramaswamy,DeSantis,Haley,Burgum,Youngkin,Hutchinson,Suarez,Pence,Elder,Hurd,Scott,Christie
1.049608,Christie,Elder,Hutchinson,Suarez,Hurd,Burgum,Youngkin,Haley,Ramaswamy,Scott,Pence,DeSantis,Trump
1.312363,Trump,Pence,DeSantis,Christie,Ramaswamy,Elder,Hurd,Burgum,Scott,Youngkin,Hutchinson,Suarez,Haley
0.819929,DeSantis,Trump,Pence,Ramaswamy,Elder,Burgum,Youngkin,Hutchinson,Scott,Hurd,Haley,Suarez,Christie
1.308647,Haley,Pence,DeSantis,Elder,Hurd,Burgum,Youngkin,Hutchinson,Scott,Christie,Suarez,Trump,Ramaswamy
0.564615,Trump,DeSantis,Pence,Ramaswamy,Suarez,Christie,Scott,Haley,Elder,Hutchinson,Burgum,Youngkin,Hurd
0.857098,Trump,DeSantis,Pence,Christie,Scott,Hurd,Haley,Hutchinson,Burgum,Ramaswamy,Elder,Youngkin,Suarez
1.440711,Trump,DeSantis,Scott,Burgum,Ramaswamy,Haley,Elder,Youngkin,Hutchinson,Hurd,Suarez,Christie,Pence
0.679403,Christie,Haley,Youngkin,Pence,Burgum,Scott,Elder,Suarez,Hutchinson,Hurd,Ramaswamy,DeSantis,Trump
1.121883,Trump,DeSantis,Scott,Haley,Elder,Ramaswamy,Burgum,Suarez,Pence,Hurd,Youngkin,Hutchinson,Christie
1.002609,Trump,Scott,Haley,DeSantis,Ramaswamy,Pence,Christie,Elder,Youngkin,Hutchinson,Suarez,Hurd,Burgum
0.768818,Ramaswamy,Hutchinson,DeSantis,Scott,Haley,Suarez,Elder,Hurd,Christie,Youngkin,Pence,Burgum,Trump
0.660172,DeSantis,Pence,Ramaswamy,Scott,Suarez,Hutchinson,Hurd,Elder,Christie,Haley,Youngkin,Burgum,Trump
0.919605,DeSantis,Scott,Trump,Ramaswamy,Pence,Elder,Hutchinson,Youngkin,Hurd,Haley,Burgum,Christie,Suarez
1.398904,Trump,Ramaswamy,Haley,Pence,DeSantis,Elder,Scott,Christie,Youngkin,Burgum,Hutchinson,Suarez,Hurd
1.103994,Christie,Ramaswamy,Haley,Suarez,Elder,Hurd,Burgum,Youngkin,Scott,Hutchinson,Pence,DeSantis,Trump
0.592254,Trump,Haley,Hutchinson,Pence,Ramaswamy,DeSantis,Scott,Elder,Christie,Youngkin,Hurd,Suarez,Burgum
1.73441,Pence,DeSantis,Christie,Burgum,Youngkin,Scott,Hurd,Suarez,Haley,Elder,Ramaswamy,Trump,Hutchinson
0.510624,Christie,Hurd,Youngkin,Pence,Scott,Burgum,Elder,Suarez,Haley,Hutchinson,Ramaswamy,Trump,DeSantis
0.731376,Scott,Haley,Trump,Ramaswamy,DeSantis,Pence,Christie,Hutchinson,Youngkin,Suarez,Burgum,Hurd,Elder
0.916252,DeSantis,Haley,Scott,Christie,Ramaswamy,Pence,Burgum,Hutchinson,Hurd,Elder,Suarez,Youngkin,Trump
1.04502,Ramaswamy,DeSantis,Christie,Pence,Haley,Hutchinson,Scott,Youngkin,Burgum,Elder,Suarez,Trump,Hurd
0.839544,Trump,Scott,Ramaswamy,Elder,Haley,Youngkin,Suarez,Hutchinson,Burgum,Hurd,DeSantis,Pence,Christie
0.63756,Ramaswamy,Trump,Haley,Elder,DeSantis,Christie,Pence,Suarez,Youngkin,Hurd,Hutchinson,Burgum,Scott
0.960016,Trump,Ramaswamy,DeSantis,Burgum,Scott,Elder,Haley,Hurd,Suarez,Youngkin,Pence,Hutchinson,Christie
0.620487,Trump,Ramaswamy,DeSantis,Pence,Scott,Youngkin,Burgum,Elder,Christie,Haley,Hutchinson,Hurd,Suarez
0.781276,Pence,Scott,Burgum,Haley,Elder,Hurd,Youngkin,Suarez,Christie,DeSantis,Hutchinson,Ramaswamy,Trump
0.970759,Trump,Haley,Scott,DeSantis,Ramaswamy,Burgum,Suarez,Elder,Youngkin,Hurd,Pence,Christie,Hutchinson
1.002609,Christie,Haley,Suarez,Hutchinson,Pence,Burgum,Elder,Youngkin,Hurd,Scott,Ramaswamy,DeSantis,Trump
1.629188,Trump,Elder,DeSantis,Scott,Ramaswamy,Haley,Suarez,Burgum,Youngkin,Pence,Hutchinson,Hurd,Christie
0.721527,DeSantis,Ramaswamy,Haley,Trump,Youngkin,Scott,Pence,Elder,Christie,Hutchinson,Hurd,Suarez,Burgum
1.056898,Trump,Pence,DeSantis,Christie,Scott,Youngkin,Ramaswamy,Burgum,Suarez,Hutchinson,Hurd,Haley,Elder
0.919605,DeSantis,Scott,Trump,Ramaswamy,Pence,Elder,Hutchinson,Youngkin,Hurd,Haley,Burgum,Christie,Suarez
1.002609,Trump,Ramaswamy,DeSantis,Hutchinson,Pence,Christie,Haley,Hurd,Elder,Scott,Youngkin,Burgum,Suarez
0.960016,Haley,Trump,Scott,Ramaswamy,Pence,Suarez,DeSantis,Christie,Elder,Youngkin,Burgum,Hutchinson,Hurd
0.564615,Trump,DeSantis,Pence,Ramaswamy,Suarez,Christie,Scott,Haley,Elder,Hutchinson,Burgum,Youngkin,Hurd
0.812586,Trump,Scott,Ramaswamy,DeSantis,Pence,Hurd,Elder,Suarez,Burgum,Hutchinson,Youngkin,Christie,Haley
1.137748,DeSantis,Pence,Haley,Hutchinson,Scott,Christie,Elder,Suarez,Youngkin,Ramaswamy,Burgum,Hurd,Trump
0.962767,Haley,Pence,DeSantis,Youngkin,Scott,Hurd,Elder,Hutchinson,Suarez,Burgum,Christie,Trump,Ramaswamy
0.741903,Haley,Scott,Trump,Pence,DeSantis,Christie,Hutchinson,Youngkin,Elder,Suarez,Hurd,Ramaswamy,Burgum
1.18741,Ramaswamy,Scott,Haley,Pence,Burgum,Hurd,Suarez,Hutchinson,Christie,Youngkin,Elder,DeSantis,Trump
0.886527,Trump,Ramaswamy,Haley,DeSantis,Pence,Youngkin,Hutchinson,Elder,Suarez,Hurd,Burgum,Scott,Christie
0.762857,Trump,DeSantis,Ramaswamy,Pence,Christie,Haley,Burgum,Scott,Hutchinson,Hurd,Elder,Youngkin,Suarez
1.048733,Trump,DeSantis,Pence,Scott,Christie,Haley,Burgum,Ramaswamy,Suarez,Elder,Youngkin,Hutchinson,Hurd
1.478149,Trump,DeSantis,Haley,Ramaswamy,Youngkin,Scott,Hutchinson,Burgum,Pence,Hurd,Elder,Christie,Suarez
1.611159,DeSantis,Trump,Burgum,Ramaswamy,Haley,Pence,Scott,Christie,Youngkin,Hurd,Suarez,Hutchinson,Elder
0.54534,Haley,Suarez,Christie,Elder,Scott,Burgum,Youngkin,Hurd,Hutchinson,Pence,Ramaswamy,Trump,DeSantis
1.134561,Haley,Trump,DeSantis,Christie,Youngkin,Pence,Hutchinson,Hurd,Burgum,Ramaswamy,Suarez,Elder,Scott
1.033456,DeSantis,Trump,Haley,Scott,Pence,Burgum,Youngkin,Ramaswamy,Elder,Christie,Hutchinson,Hurd,Suarez
0.929519,Trump,DeSantis,Scott,Hutchinson,Ramaswamy,Elder,Hurd,Suarez,Burgum,Youngkin,Haley,Pence,Christie
1.000625,Hutchinson,Hurd,Scott,Christie,Pence,Burgum,Haley,Youngkin,Elder,Suarez,Ramaswamy,DeSantis,Trump
0.708142,Elder,Scott,Haley,Pence,Suarez,Ramaswamy,Hurd,Burgum,DeSantis,Youngkin,Hutchinson,Trump,Christie
1.679312,Pence,Haley,Scott,Ramaswamy,DeSantis,Christie,Burgum,Elder,Suarez,Hutchinson,Youngkin,Hurd,Trump
1.188226,Trump,DeSantis,Haley,Pence,Christie,Hutchinson,Elder,Hurd,Ramaswamy,Youngkin,Burgum,Scott,Suarez
1.095555,Trump,DeSantis,Ramaswamy,Scott,Haley,Burgum,Hutchinson,Hurd,Elder,Youngkin,Suarez,Pence,Christie
1.297088,Christie,Haley,Youngkin,Burgum,Hutchinson,Elder,Suarez,Hurd,DeSantis,Scott,Ramaswamy,Pence,Trump
1.207837,Pence,Scott,Burgum,Hurd,Ramaswamy,Youngkin,Hutchinson,Suarez,Elder,Haley,Christie,DeSantis,Trump
0.636425,Trump,DeSantis,Ramaswamy,Pence,Haley,Christie,Elder,Burgum,Hutchinson,Suarez,Hurd,Scott,Youngkin
0.798657,Trump,Ramaswamy,DeSantis,Scott,Burgum,Christie,Elder,Hurd,Youngkin,Haley,Suarez,Hutchinson,Pence
1.086363,Trump,DeSantis,Elder,Ramaswamy,Scott,Burgum,Haley,Youngkin,Suarez,Hurd,Hutchinson,Pence,Christie
1.629188,Ramaswamy,Haley,Scott,Pence,Christie,Suarez,Elder,Burgum,Hutchinson,Youngkin,Hurd,DeSantis,Trump
0.73399,Trump,DeSantis,Ramaswamy,Pence,Christie,Haley,Scott,Youngkin,Elder,Hutchinson,Burgum,Suarez,Hurd
1.240092,Haley,Christie,Pence,Elder,Hutchinson,Scott,Suarez,Hurd,Burgum,Youngkin,Ramaswamy,DeSantis,Trump
1.205555,Christie,Haley,Hutchinson,Scott,Pence,Burgum,Hurd,Youngkin,Suarez,Elder,DeSantis,Ramaswamy,Trump
0.792237,Ramaswamy,Haley,Elder,Youngkin,Hutchinson,Burgum,Christie,Scott,Hurd,DeSantis,Suarez,Trump,Pence
0.667953,Trump,Ramaswamy,Haley,DeSantis,Christie,Scott,Pence,Hutchinson,Burgum,Elder,Suarez,Hurd,Youngkin
0.970759,Christie,Hutchinson,Burgum,Hurd,Youngkin,Elder,Haley,Scott,Ramaswamy,DeSantis,Pence,Trump,Suarez
1.826138,Trump,Ramaswamy,Elder,DeSantis,Youngkin,Burgum,Suarez,Christie,Haley,Hurd,Hutchinson,Scott,Pence
0.672156,Ramaswamy,Trump,Elder,Suarez,Hutchinson,Scott,Hurd,Burgum,Haley,Youngkin,Christie,DeSantis,Pence
1.50968,Trump,DeSantis,Pence,Ramaswamy,Burgum,Haley,Hutchinson,Elder,Youngkin,Scott,Hurd,Suarez,Christie
0.720887,Trump,Scott,Ramaswamy,Haley,Elder,Youngkin,DeSantis,Hutchinson,Hurd,Pence,Suarez,Christie,Burgum
1.049608,Trump,Pence,Ramaswamy,Haley,Scott,DeSantis,Suarez,Hurd,Hutchinson,Youngkin,Elder,Burgum,Christie
0.772768,Trump,Ramaswamy,Haley,DeSantis,Elder,Hutchinson,Christie,Youngkin,Pence,Burgum,Hurd,Suarez,Scott
0.768818,Ramaswamy,DeSantis,Haley,Burgum,Scott,Christie,Youngkin,Hutchinson,Hurd,Elder,Suarez,Pence,Trump
0.886527,Trump,Ramaswamy,Haley,DeSantis,Pence,Youngkin,Hutchinson,Elder,Suarez,Hurd,Burgum,Scott,Christie
0.779609,Trump,Ramaswamy,Pence,DeSantis,Elder,Suarez,Hutchinson,Scott,Youngkin,Burgum,Hurd,Christie,Haley
1.131761,Trump,Ramaswamy,DeSantis,Christie,Haley,Scott,Pence,Burgum,Elder,Youngkin,Hutchinson,Hurd,Suarez
0.826713,Trump,DeSantis,Haley,Ramaswamy,Scott,Pence,Elder,Hurd,Burgum,Hutchinson,Youngkin,Suarez,Christie
0.760085,Pence,Burgum,Elder,Hurd,Youngkin,Hutchinson,Haley,DeSantis,Christie,Scott,Suarez,Ramaswamy,Trump
0.817814,Pence,Scott,Trump,Hurd,Hutchinson,Elder,Burgum,Christie,Suarez,DeSantis,Youngkin,Haley,Ramaswamy
0.627394,Ramaswamy,Pence,Scott,Trump,Haley,DeSantis,Christie,Burgum,Elder,Suarez,Youngkin,Hurd,Hutchinson
1.002609,Trump,DeSantis,Ramaswamy,Elder,Burgum,Scott,Haley,Youngkin,Suarez,Hurd,Pence,Hutchinson,Christie
0.851323,Pence,Trump,Burgum,Suarez,Hurd,Elder,Ramaswamy,Hutchinson,Haley,Youngkin,DeSantis,Scott,Christie
2.045976,Ramaswamy,Trump,DeSantis,Youngkin,Haley,Elder,Scott,Hurd,Hutchinson,Suarez,Burgum,Pence,Christie
0.746623,Pence,Trump,Ramaswamy,Youngkin,Suarez,Hurd,Hutchinson,Christie,Elder,Burgum,DeSantis,Haley,Scott
0.577129,DeSantis,Ramaswamy,Trump,Pence,Christie,Hurd,Elder,Hutchinson,Suarez,Scott,Youngkin,Haley,Burgum
1.22744,Haley,Scott,Pence,Burgum,Ramaswamy,Hutchinson,Youngkin,Hurd,Elder,Suarez,DeSantis,Christie,Trump
0.681832,Hutchinson,DeSantis,Scott,Trump,Haley,Hurd,Pence,Christie,Suarez,Burgum,Youngkin,Elder,Ramaswamy
0.932463,Trump,Pence,Youngkin,Hurd,Scott,Burgum,Hutchinson,Elder,Haley,Christie,Suarez,DeSantis,Ramaswamy
1.084045,Trump,Haley,Burgum,DeSantis,Youngkin,Scott,Elder,Suarez,Hutchinson,Ramaswamy,Pence,Hurd,Christie
0.564615,Trump,Ramaswamy,Haley,DeSantis,Hurd,Pence,Scott,Christie,Burgum,Youngkin,Hutchinson,Suarez,Elder
1.567187,Trump,Pence,Hurd,DeSantis,Burgum,Elder,Scott,Youngkin,Hutchinson,Ramaswamy,Christie,Suarez,Haley
0.688082,DeSantis,Ramaswamy,Trump,Hurd,Elder,Christie,Scott,Haley,Suarez,Burgum,Pence,Youngkin,Hutchinson
0.792237,Trump,Ramaswamy,DeSantis,Pence,Haley,Hutchinson,Scott,Elder,Youngkin,Suarez,Hurd,Burgum,Christie
1.048733,Pence,Haley,Ramaswamy,Christie,Scott,Hutchinson,DeSantis,Burgum,Hurd,Elder,Youngkin,Suarez,Trump
0.704801,Trump,Scott,Youngkin,Burgum,Ramaswamy,Hutchinson,Hurd,Elder,Suarez,DeSantis,Christie,Pence,Haley
1.376605,Christie,Haley,Hutchinson,Scott,DeSantis,Burgum,Elder,Suarez,Hurd,Youngkin,Pence,Ramaswamy,Trump
0.68511,Trump,Pence,Scott,Hutchinson,Hurd,Elder,Suarez,Burgum,Youngkin,Haley,Ramaswamy,DeSantis,Christie
1.270672,Trump,DeSantis,Ramaswamy,Christie,Pence,Haley,Scott,Hutchinson,Elder,Youngkin,Suarez,Hurd,Burgum
0.785097,Trump,Ramaswamy,DeSantis,Youngkin,Haley,Hutchinson,Elder,Scott,Hurd,Burgum,Pence,Christie,Suarez
1.121883,Ramaswamy,Pence,Christie,Haley,Trump,DeSantis,Suarez,Burgum,Hutchinson,Scott,Hurd,Youngkin,Elder
0.940932,DeSantis,Haley,Scott,Pence,Youngkin,Trump,Elder,Hutchinson,Burgum,Suarez,Christie,Hurd,Ramaswamy
1.396313,Christie,Burgum,Hurd,Hutchinson,Suarez,Elder,Youngkin,Haley,Pence,Scott,Ramaswamy,DeSantis,Trump
1.04502,Scott,Christie,Trump,Ramaswamy,Haley,Suarez,Youngkin,Hurd,Hutchinson,Pence,Burgum,Elder,DeSantis
1.546149,Trump,DeSantis,Haley,Pence,Ramaswamy,Scott,Youngkin,Elder,Burgum,Hutchinson,Suarez,Hurd,Christie
0.681832,DeSantis,Trump,Pence,Elder,Christie,Hurd,Youngkin,Ramaswamy,Hutchinson,Scott,Haley,Burgum,Suarez
1.379506,Trump,DeSantis,Ramaswamy,Scott,Elder,Haley,Hutchinson,Burgum,Youngkin,Hurd,Suarez,Pence,Christie
1.207837,Trump,Ramaswamy,DeSantis,Pence,Christie,Hutchinson,Haley,Youngkin,Elder,Scott,Burgum,Hurd,Suarez
0.502301,Trump,Ramaswamy,Pence,Elder,Hurd,Haley,Youngkin,DeSantis,Christie,Scott,Burgum,Suarez,Hutchinson
0.526889,Trump,Ramaswamy,Scott,Hutchinson,Christie,Suarez,Elder,Pence,Youngkin,Haley,Burgum,Hurd,DeSantis
0.636425,Trump,Haley,Ramaswamy,Youngkin,Hurd,Pence,Hutchinson,Elder,Suarez,Christie,Burgum,Scott,DeSantis
1.180031,Trump,DeSantis,Haley,Christie,Scott,Hutchinson,Suarez,Burgum,Youngkin,Ramaswamy,Pence,Elder,Hurd
1.529463,Christie,Pence,Scott,Burgum,Hutchinson,Ramaswamy,Suarez,Youngkin,Hurd,Elder,Haley,DeSantis,Trump
0.743226,Trump,DeSantis,Ramaswamy,Pence,Scott,Haley,Hutchinson,Youngkin,Christie,Hurd,Elder,Burgum,Suarez
1.980981,Christie,Pence,Burgum,Haley,Ramaswamy,Hurd,Elder,Scott,Youngkin,Hutchinson,Suarez,Trump,DeSantis
0.81114,Hurd,Elder,Hutchinson,Scott,Suarez,Ramaswamy,Burgum,Youngkin,Haley,Christie,Pence,DeSantis,Trump
1.084045,Christie,Hutchinson,Youngkin,Scott,Haley,Pence,Hurd,Burgum,Elder,Suarez,Ramaswamy,DeSantis,Trump
1.188226,Pence,Ramaswamy,Trump,Haley,Scott,Christie,Elder,Burgum,Hurd,Suarez,Youngkin,Hutchinson,DeSantis
2.045976,Ramaswamy,Trump,DeSantis,Youngkin,Haley,Elder,Scott,Hurd,Hutchinson,Suarez,Burgum,Pence,Christie
1.206101,Christie,Haley,Scott,Burgum,Hutchinson,Youngkin,Suarez,Hurd,Elder,Pence,Ramaswamy,DeSantis,Trump
1.219104,Trump,DeSantis,Scott,Haley,Elder,Ramaswamy,Youngkin,Burgum,Hutchinson,Hurd,Suarez,Pence,Christie
1.122006,Trump,Haley,DeSantis,Youngkin,Burgum,Hurd,Hutchinson,Scott,Suarez,Elder,Pence,Christie,Ramaswamy
1.164009,Ramaswamy,DeSantis,Christie,Haley,Hutchinson,Suarez,Youngkin,Hurd,Burgum,Elder,Scott,Pence,Trump
0.794043,Trump,Christie,DeSantis,Pence,Suarez,Scott,Hurd,Youngkin,Hutchinson,Elder,Burgum,Ramaswamy,Haley
0.768818,Ramaswamy,DeSantis,Haley,Burgum,Scott,Christie,Youngkin,Hutchinson,Hurd,Elder,Suarez,Pence,Trump
1.068725,Trump,Pence,DeSantis,Christie,Burgum,Youngkin,Hurd,Scott,Ramaswamy,Suarez,Hutchinson,Haley,Elder
0.792237,Trump,DeSantis,Scott,Ramaswamy,Elder,Youngkin,Christie,Burgum,Pence,Suarez,Hurd,Hutchinson,Haley
0.903189,Haley,Christie,Scott,Pence,Burgum,Ramaswamy,DeSantis,Hutchinson,Youngkin,Elder,Hurd,Suarez,Trump
0.792237,Trump,DeSantis,Scott,Ramaswamy,Elder,Youngkin,Christie,Burgum,Pence,Suarez,Hurd,Hutchinson,Haley
1.217557,Haley,Christie,Pence,Scott,Burgum,Youngkin,Suarez,Hurd,Elder,Hutchinson,DeSantis,Ramaswamy,Trump
0.526889,Trump,Ramaswamy,Scott,Hutchinson,Christie,Suarez,Elder,Pence,Youngkin,Haley,Burgum,Hurd,DeSantis
1.270672,Trump,DeSantis,Ramaswamy,Christie,Pence,Haley,Scott,Hutchinson,Elder,Youngkin,Suarez,Hurd,Burgum
0.805183,Ramaswamy,Trump,Pence,Christie,Hurd,DeSantis,Hutchinson,Suarez,Elder,Youngkin,Haley,Burgum,Scott
1.149689,Trump,DeSantis,Youngkin,Elder,Burgum,Scott,Haley,Suarez,Hutchinson,Hurd,Ramaswamy,Christie,Pence
1.033456,Trump,Ramaswamy,Haley,DeSantis,Scott,Youngkin,Elder,Burgum,Pence,Hurd,Hutchinson,Suarez,Christie
1.086363,Ramaswamy,Haley,DeSantis,Christie,Pence,Hutchinson,Scott,Suarez,Hurd,Youngkin,Burgum,Elder,Trump
0.970759,Trump,Ramaswamy,Youngkin,DeSantis,Haley,Elder,Scott,Burgum,Hurd,Suarez,Hutchinson,Pence,Christie
0.823768,Trump,Ramaswamy,Haley,Burgum,Christie,Suarez,Pence,Hutchinson,Youngkin,Elder,Scott,Hurd,DeSantis
1.121883,Ramaswamy,Pence,Christie,Haley,Trump,DeSantis,Suarez,Burgum,Hutchinson,Scott,Hurd,Youngkin,Elder
1.292359,Pence,Scott,Haley,Christie,Elder,Burgum,Youngkin,Hurd,Suarez,Hutchinson,Ramaswamy,DeSantis,Trump
1.237638,Trump,DeSantis,Ramaswamy,Haley,Scott,Hutchinson,Elder,Hurd,Burgum,Suarez,Christie,Youngkin,Pence
0.929519,Christie,Haley,Burgum,Suarez,Elder,Hurd,Hutchinson,Youngkin,Scott,Ramaswamy,DeSantis,Trump,Pence
1.120393,Haley,DeSantis,Elder,Christie,Pence,Scott,Ramaswamy,Burgum,Hutchinson,Suarez,Youngkin,Trump,Hurd
0.681832,Trump,Ramaswamy,DeSantis,Scott,Elder,Youngkin,Burgum,Hurd,Suarez,Hutchinson,Haley,Pence,Christie
1.033456,Haley,Scott,Pence,Christie,Burgum,Trump,Hutchinson,Hurd,Youngkin,Suarez,Elder,Ramaswamy,DeSantis
0.960016,Ramaswamy,Haley,DeSantis,Scott,Christie,Pence,Elder,Burgum,Hutchinson,Suarez,Hurd,Youngkin,Trump
1.669118,Trump,DeSantis,Youngkin,Pence,Hurd,Elder,Hutchinson,Suarez,Ramaswamy,Haley,Christie,Scott,Burgum
0.658711,Trump,Ramaswamy,Haley,Christie,Suarez,Elder,DeSantis,Pence,Hurd,Youngkin,Scott,Hutchinson,Burgum
0.729306,Trump,Haley,Ramaswamy,Pence,Scott,DeSantis,Burgum,Elder,Suarez,Youngkin,Hutchinson,Hurd,Christie
0.709101,Christie,Trump,DeSantis,Scott,Ramaswamy,Elder,Hurd,Suarez,Haley,Burgum,Youngkin,Pence,Hutchinson
1.297777,Trump,DeSantis,Ramaswamy,Haley,Hutchinson,Scott,Christie,Youngkin,Elder,Hurd,Burgum,Suarez,Pence
0.658711,Trump,Ramaswamy,Haley,Christie,Suarez,Elder,DeSantis,Pence,Hurd,Youngkin,Scott,Hutchinson,Burgum
0.798657,Trump,DeSantis,Haley,Pence,Scott,Christie,Hurd,Burgum,Hutchinson,Elder,Youngkin,Suarez,Ramaswamy
1.014141,Trump,Ramaswamy,Scott,DeSantis,Elder,Youngkin,Pence,Burgum,Hurd,Hutchinson,Suarez,Christie,Haley
1.000625,Christie,Ramaswamy,Haley,Scott,Elder,Youngkin,Suarez,Pence,Burgum,Hutchinson,Hurd,DeSantis,Trump
0.837753,Trump,Pence,Haley,DeSantis,Scott,Elder,Ramaswamy,Hutchinson,Burgum,Youngkin,Suarez,Hurd,Christie
0.693567,Trump,DeSantis,Pence,Scott,Hurd,Haley,Youngkin,Hutchinson,Elder,Suarez,Christie,Burgum,Ramaswamy
1.048733,Trump,Ramaswamy,DeSantis,Youngkin,Pence,Christie,Burgum,Hurd,Scott,Suarez,Elder,Hutchinson,Haley
1.103789,Trump,Haley,DeSantis,Christie,Suarez,Hurd,Youngkin,Ramaswamy,Elder,Scott,Burgum,Hutchinson,Pence
0.564615,Trump,DeSantis,Pence,Ramaswamy,Suarez,Christie,Scott,Haley,Elder,Hutchinson,Burgum,Youngkin,Hurd
1.240092,Haley,Christie,Pence,Elder,Hutchinson,Scott,Suarez,Hurd,Burgum,Youngkin,Ramaswamy,DeSantis,Trump
1.669118,Trump,DeSantis,Youngkin,Pence,Hurd,Elder,Hutchinson,Suarez,Ramaswamy,Haley,Christie,Scott,Burgum
0.853945,Burgum,Haley,Ramaswamy,Trump,DeSantis,Pence,Christie,Scott,Hutchinson,Youngkin,Hurd,Elder,Suarez
1.292548,Christie,Pence,Haley,Scott,Ramaswamy,Burgum,Hutchinson,Hurd,Youngkin,Elder,Suarez,DeSantis,Trump
0.762857,Trump,DeSantis,Ramaswamy,Pence,Hutchinson,Elder,Youngkin,Christie,Burgum,Hurd,Suarez,Scott,Haley
0.854256,Trump,Ramaswamy,DeSantis,Haley,Youngkin,Scott,Suarez,Elder,Hurd,Hutchinson,Burgum,Christie,Pence
0.996977,Haley,Scott,Christie,Pence,DeSantis,Hutchinson,Burgum,Hurd,Elder,Youngkin,Suarez,Ramaswamy,Trump
0.719616,Youngkin,Ramaswamy,Haley,Suarez,DeSantis,Hurd,Hutchinson,Elder,Pence,Scott,Christie,Burgum,Trump
1.056898,Trump,Ramaswamy,Haley,Scott,DeSantis,Pence,Elder,Youngkin,Hurd,Hutchinson,Burgum,Suarez,Christie
1.033456,Haley,DeSantis,Scott,Ramaswamy,Pence,Christie,Trump,Elder,Hutchinson,Burgum,Hurd,Youngkin,Suarez
0.875875,Haley,Scott,Trump,Ramaswamy,Youngkin,Hutchinson,Elder,Suarez,Burgum,Hurd,Christie,Pence,DeSantis
1.773147,Trump,Ramaswamy,DeSantis,Haley,Pence,Christie,Youngkin,Hurd,Scott,Elder,Hutchinson,Burgum,Suarez
1.334956,Ramaswamy,Pence,Hurd,Scott,Elder,Youngkin,Haley,Christie,DeSantis,Burgum,Suarez,Hutchinson,Trump
0.917634,Trump,DeSantis,Pence,Ramaswamy,Burgum,Haley,Youngkin,Scott,Hurd,Hutchinson,Suarez,Christie,Elder
1.218747,Trump,DeSantis,Pence,Ramaswamy,Christie,Scott,Haley,Burgum,Elder,Suarez,Hurd,Hutchinson,Youngkin
1.379548,DeSantis,Trump,Ramaswamy,Youngkin,Haley,Burgum,Scott,Elder,Christie,Pence,Hutchinson,Hurd,Suarez
0.806909,Ramaswamy,Trump,Haley,Burgum,Pence,Christie,Scott,Hutchinson,Youngkin,DeSantis,Hurd,Suarez,Elder
0.851323,Trump,Ramaswamy,DeSantis,Elder,Scott,Youngkin,Burgum,Hurd,Suarez,Haley,Hutchinson,Christie,Pence
0.672156,Ramaswamy,Trump,Elder,Suarez,Hutchinson,Scott,Hurd,Burgum,Haley,Youngkin,Christie,DeSantis,Pence
0.91927,Trump,Pence,Scott,Burgum,Hurd,Elder,Christie,DeSantis,Youngkin,Ramaswamy,Suarez,Hutchinson,Haley
0.919605,DeSantis,Scott,Trump,Ramaswamy,Pence,Elder,Hutchinson,Youngkin,Hurd,Haley,Burgum,Christie,Suarez
0.624392,Trump,Ramaswamy,DeSantis,Scott,Elder,Hurd,Youngkin,Suarez,Hutchinson,Christie,Haley,Burgum,Pence
1.134561,Hutchinson,Christie,Scott,Haley,Hurd,Youngkin,Burgum,Suarez,DeSantis,Elder,Ramaswamy,Pence,Trump
1.002609,Trump,Ramaswamy,Scott,DeSantis,Elder,Hutchinson,Pence,Christie,Suarez,Youngkin,Hurd,Burgum,Haley
2.220458,Trump,DeSantis,Haley,Ramaswamy,Elder,Scott,Pence,Youngkin,Burgum,Hurd,Suarez,Hutchinson,Christie
1.968129,Trump,Haley,DeSantis,Scott,Burgum,Christie,Elder,Ramaswamy,Hurd,Youngkin,Hutchinson,Suarez,Pence
0.839544,Ramaswamy,Haley,Pence,Scott,Elder,Hurd,Suarez,Youngkin,Hutchinson,Burgum,Christie,DeSantis,Trump
0.798657,Trump,Christie,Haley,Elder,Hurd,Suarez,Hutchinson,Youngkin,Scott,Burgum,Ramaswamy,Pence,DeSantis
0.660172,Ramaswamy,Trump,DeSantis,Elder,Scott,Pence,Burgum,Haley,Hurd,Youngkin,Hutchinson,Suarez,Christie
0.970759,Christie,Hutchinson,Burgum,Hurd,Youngkin,Elder,Haley,Scott,Ramaswamy,DeSantis,Pence,Trump,Suarez
0.903768,Scott,Elder,Ramaswamy,DeSantis,Trump,Pence,Youngkin,Haley,Hurd,Burgum,Suarez,Hutchinson,Christie
0.837753,Trump,DeSantis,Ramaswamy,Scott,Elder,Burgum,Youngkin,Hurd,Suarez,Pence,Haley,Hutchinson,Christie
1.122006,Trump,Haley,DeSantis,Youngkin,Burgum,Hurd,Hutchinson,Scott,Suarez,Elder,Pence,Christie,Ramaswamy
1.200697,DeSantis,Trump,Haley,Ramaswamy,Scott,Pence,Hurd,Youngkin,Christie,Burgum,Hutchinson,Elder,Suarez
0.886527,Trump,DeSantis,Ramaswamy,Suarez,Hutchinson,Youngkin,Scott,Hurd,Burgum,Elder,Haley,Christie,Pence
0.718335,Christie,Pence,Haley,Suarez,Burgum,DeSantis,Scott,Elder,Hurd,Hutchinson,Youngkin,Ramaswamy,Trump
0.79963,Trump,Ramaswamy,Christie,Pence,Suarez,Scott,Youngkin,Burgum,Elder,Haley,Hutchinson,Hurd,DeSantis
0.636425,Trump,DeSantis,Ramaswamy,Pence,Haley,Christie,Elder,Burgum,Hutchinson,Suarez,Hurd,Scott,Youngkin
0.767178,Pence,Haley,Elder,Scott,Burgum,Hurd,Christie,Youngkin,DeSantis,Suarez,Ramaswamy,Hutchinson,Trump
1.056898,Trump,Ramaswamy,Haley,Scott,DeSantis,Pence,Elder,Youngkin,Hurd,Hutchinson,Burgum,Suarez,Christie
0.773286,Trump,Haley,Youngkin,Hurd,Burgum,Ramaswamy,Hutchinson,Elder,Suarez,Scott,Pence,DeSantis,Christie
1.559977,Trump,DeSantis,Haley,Scott,Hutchinson,Hurd,Youngkin,Suarez,Burgum,Elder,Pence,Christie,Ramaswamy
2.102951,Christie,Haley,Hutchinson,Scott,Hurd,Youngkin,Suarez,Burgum,Elder,DeSantis,Pence,Ramaswamy,Trump
1.317598,Trump,DeSantis,Ramaswamy,Youngkin,Haley,Elder,Suarez,Hurd,Hutchinson,Burgum,Christie,Scott,Pence
0.976275,Trump,Ramaswamy,DeSantis,Pence,Christie,Scott,Hutchinson,Youngkin,Elder,Hurd,Haley,Burgum,Suarez
0.867089,Trump,Pence,Ramaswamy,DeSantis,Elder,Hurd,Suarez,Haley,Burgum,Christie,Youngkin,Hutchinson,Scott
1.114478,Trump,Pence,Ramaswamy,Scott,Christie,DeSantis,Haley,Elder,Burgum,Youngkin,Suarez,Hutchinson,Hurd
0.886527,Trump,Pence,Christie,Haley,DeSantis,Scott,Youngkin,Hurd,Elder,Burgum,Hutchinson,Ramaswamy,Suarez
1.546149,Trump,DeSantis,Haley,Pence,Ramaswamy,Scott,Youngkin,Elder,Burgum,Hutchinson,Suarez,Hurd,Christie
0.972281,Hurd,Burgum,Hutchinson,Youngkin,Haley,Elder,Christie,Pence,DeSantis,Ramaswamy,Scott,Suarez,Trump
0.742806,Trump,Haley,DeSantis,Scott,Ramaswamy,Youngkin,Christie,Elder,Burgum,Hurd,Pence,Suarez,Hutchinson
1.297777,Trump,DeSantis,Ramaswamy,Haley,Hutchinson,Scott,Christie,Youngkin,Elder,Hurd,Burgum,Suarez,Pence
1.629188,Trump,Elder,DeSantis,Scott,Ramaswamy,Haley,Suarez,Burgum,Youngkin,Pence,Hutchinson,Hurd,Christie
1.002609,Christie,Haley,Pence,Suarez,Hurd,Youngkin,Elder,Hutchinson,Burgum,DeSantis,Scott,Trump,Ramaswamy
