weight,rank1,rank2,rank3,rank4,rank5,rank6,rank7,rank8,rank9,rank10,rank11,rank12,rank13
1.281476,Trump,Ramaswamy,DeSantis,Haley,Scott,Hutchinson,Elder,Youngkin,Burgum,Suarez,Pence,Christie,Hurd
1.103789,Trump,Haley,DeSantis,Christie,Suarez,Hurd,Youngkin,Ramaswamy,Elder,Scott,Burgum,Hutchinson,Pence
0.987831,Trump,Ramaswamy,Haley,Pence,Hutchinson,Elder,Suarez,Christie,Scott,Hurd,Youngkin,DeSantis,Burgum
1.218747,Scott,Ramaswamy,Haley,Pence,Suarez,Christie,Hurd,Youngkin,Hutchinson,Elder,Burgum,DeSantis,Trump
0.851323,DeSantis,Ramaswamy,Haley,Trump,Youngkin,Suarez,Elder,Hurd,Scott,Hutchinson,Pence,Christie,Burgum
1.529463,Christie,Elder,Scott,Hurd,Haley,Suarez,Burgum,Youngkin,Hutchinson,Ramaswamy,Pence,DeSantis,Trump
0.68511,Pence,Ramaswamy,Trump,Scott,Haley,DeSantis,Hurd,Christie,Youngkin,Hutchinson,Burgum,Elder,Suarez
0.564615,Trump,DeSantis,Pence,Ramaswamy,Suarez,Christie,Scott,Haley,Elder,Hutchinson,Burgum,Youngkin,Hurd
0.640195,Trump,DeSantis,Pence,Scott,Haley,Ramaswamy,Christie,Hurd,Elder,Hutchinson,Burgum,Suarez,Youngkin
0.720887,Trump,DeSantis,Ramaswamy,Christie,Scott,Suarez,Burgum,Youngkin,Elder,Hurd,Hutchinson,Haley,Pence
0.917634,Trump,DeSantis,Haley,Ramaswamy,Scott,Elder,Youngkin,Hurd,Hutchinson,Suarez,Burgum,Pence,Christie
1.332874,Haley,Scott,DeSantis,Youngkin,Christie,Ramaswamy,Burgum,Elder,Hutchinson,Hurd,Suarez,Pence,Trump
0.837753,Trump,DeSantis,Ramaswamy,Scott,Elder,Burgum,Youngkin,Hurd,Suarez,Pence,Haley,Hutchinson,Christie
0.903189,Haley,Pence,Ramaswamy,Scott,Elder,Suarez,Youngkin,Burgum,DeSantis,Christie,Hurd,Hutchinson,Trump
1.81136,Trump,DeSantis,Haley,Pence,Youngkin,Suarez,Burgum,Scott,Elder,Hurd,Christie,Hutchinson,Ramaswamy
0.741903,Haley,Scott,Trump,Pence,DeSantis,Christie,Hutchinson,Youngkin,Elder,Suarez,Hurd,Ramaswamy,Burgum
0.754843,Haley,Scott,DeSantis,Pence,Hutchinson,Trump,Ramaswamy,Christie,Hurd,Burgum,Youngkin,Suarez,Elder
1.218747,Trump,DeSantis,Burgum,Scott,Haley,Ramaswamy,Youngkin,Elder,Suarez,Hutchinson,Hurd,Pence,Christie
0.919605,DeSantis,Trump,Pence,Ramaswamy,Elder,Burgum,Scott,Youngkin,Hutchinson,Suarez,Hurd,Haley,Christie
0.901839,Trump,Pence,Ramaswamy,DeSantis,Hurd,Christie,Burgum,Youngkin,Scott,Suarez,Elder,Haley,Hutchinson
1.317598,Trump,DeSantis,Haley,Scott,Ramaswamy,Pence,Elder,Youngkin,Hutchinson,Burgum,Hurd,Suarez,Christie
1.033456,Trump,Ramaswamy,DeSantis,Haley,Suarez,Hurd,Scott,Elder,Hutchinson,Youngkin,Burgum,Pence,Christie
1.134561,Haley,Trump,DeSantis,Christie,Youngkin,Pence,Hutchinson,Hurd,Burgum,Ramaswamy,Suarez,Elder,Scott
1.314392,Trump,DeSantis,Ramaswamy,Hutchinson,Haley,Pence,Burgum,Youngkin,Christie,Hurd,Scott,Elder,Suarez
1.103994,Christie,Ramaswamy,Haley,Suarez,Elder,Hurd,Burgum,Youngkin,Scott,Hutchinson,Pence,DeSantis,Trump
0.746623,Pence,Trump,Ramaswamy,Youngkin,Suarez,Hurd,Hutchinson,Christie,Elder,Burgum,DeSantis,Haley,Scott
0.902673,Trump,Scott,DeSantis,Elder,Youngkin,Pence,Hurd,Burgum,Ramaswamy,Haley,Suarez,Hutchinson,Christie
0.660157,Trump,Ramaswamy,DeSantis,Haley,Scott,Elder,Pence,Hutchinson,Hurd,Christie,Youngkin,Suarez,Burgum
0.778987,Trump,Pence,Elder,Scott,Christie,Burgum,Haley,Youngkin,Suarez,Hurd,DeSantis,Hutchinson,Ramaswamy
0.798657,DeSantis,Ramaswamy,Haley,Scott,Trump,Christie,Burgum,Elder,Hurd,Hutchinson,Youngkin,Pence,Suarez
0.812586,Trump,DeSantis,Ramaswamy,Haley,Youngkin,Scott,Pence,Burgum,Christie,Elder,Hutchinson,Suarez,Hurd
1.73441,Pence,DeSantis,Christie,Burgum,Youngkin,Scott,Hurd,Suarez,Haley,Elder,Ramaswamy,Trump,Hutchinson
0.853945,Burgum,Haley,Ramaswamy,Trump,DeSantis,Pence,Christie,Scott,Hutchinson,Youngkin,Hurd,Elder,Suarez
0.798657,DeSantis,Ramaswamy,Haley,Scott,Trump,Christie,Burgum,Elder,Hurd,Hutchinson,Youngkin,Pence,Suarez
0.888483,Trump,Ramaswamy,DeSantis,Haley,Scott,Christie,Burgum,Pence,Elder,Youngkin,Hutchinson,Suarez,Hurd
0.762857,Trump,DeSantis,Ramaswamy,Pence,Christie,Haley,Burgum,Scott,Hutchinson,Hurd,Elder,Youngkin,Suarez
2.220458,Trump,DeSantis,Haley,Ramaswamy,Elder,Scott,Pence,Youngkin,Burgum,Hurd,Suarez,Hutchinson,Christie
0.839544,Ramaswamy,DeSantis,Christie,Haley,Hutchinson,Burgum,Suarez,Hurd,Youngkin,Scott,Elder,Pence,Trump
0.466606,Trump,DeSantis,Scott,Ramaswamy,Burgum,Haley,Hurd,Youngkin,Elder,Christie,Pence,Hutchinson,Suarez
0.867089,Youngkin,DeSantis,Trump,Haley,Scott,Ramaswamy,Christie,Pence,Burgum,Suarez,Elder,Hurd,Hutchinson
1.04502,Ramaswamy,DeSantis,Christie,Pence,Haley,Hutchinson,Scott,Youngkin,Burgum,Elder,Suarez,Trump,Hurd
0.925859,Pence,Christie,Youngkin,Hurd,Elder,Haley,Suarez,Ramaswamy,Hutchinson,DeSantis,Scott,Burgum,Trump
1.314392,Hutchinson,Christie,Hurd,Suarez,Burgum,Youngkin,Haley,Scott,Pence,Ramaswamy,Elder,DeSantis,Trump
1.134561,Haley,Christie,Burgum,Youngkin,Hutchinson,Elder,Scott,Pence,DeSantis,Hurd,Suarez,Ramaswamy,Trump
0.68511,Pence,Ramaswamy,DeSantis,Hurd,Christie,Elder,Suarez,Burgum,Scott,Haley,Youngkin,Hutchinson,Trump
1.086363,Trump,DeSantis,Elder,Ramaswamy,Scott,Burgum,Haley,Youngkin,Suarez,Hurd,Hutchinson,Pence,Christie
0.695049,Ramaswamy,Pence,Christie,Trump,Scott,Hutchinson,Burgum,Hurd,DeSantis,Youngkin,Haley,Elder,Suarez
0.917948,DeSantis,Trump,Haley,Youngkin,Scott,Burgum,Hutchinson,Elder,Hurd,Pence,Suarez,Ramaswamy,Christie
1.611159,DeSantis,Trump,Burgum,Ramaswamy,Haley,Pence,Scott,Christie,Youngkin,Hurd,Suarez,Hutchinson,Elder
1.158692,Trump,Ramaswamy,Suarez,Haley,Christie,Pence,Scott,Elder,Burgum,DeSantis,Hurd,Hutchinson,Youngkin
1.215652,Trump,DeSantis,Youngkin,Pence,Haley,Ramaswamy,Scott,Burgum,Elder,Hurd,Suarez,Hutchinson,Christie
0.805183,Trump,DeSantis,Haley,Scott,Ramaswamy,Pence,Burgum,Elder,Youngkin,Christie,Hutchinson,Suarez,Hurd
0.612993,Trump,DeSantis,Pence,Ramaswamy,Christie,Haley,Scott,Burgum,Elder,Hutchinson,Suarez,Hurd,Youngkin
0.806909,Ramaswamy,Trump,DeSantis,Elder,Haley,Scott,Pence,Hutchinson,Youngkin,Burgum,Hurd,Suarez,Christie
1.188226,Trump,DeSantis,Haley,Scott,Ramaswamy,Burgum,Hutchinson,Christie,Pence,Elder,Youngkin,Suarez,Hurd
1.180031,Trump,DeSantis,Ramaswamy,Pence,Christie,Scott,Elder,Hutchinson,Hurd,Haley,Burgum,Suarez,Youngkin
0.792237,DeSantis,Haley,Youngkin,Pence,Scott,Suarez,Ramaswamy,Elder,Hurd,Hutchinson,Burgum,Trump,Christie
1.188226,Trump,DeSantis,Haley,Pence,Christie,Hutchinson,Elder,Hurd,Ramaswamy,Youngkin,Burgum,Scott,Suarez
0.901839,Trump,Ramaswamy,Pence,DeSantis,Suarez,Burgum,Hutchinson,Hurd,Youngkin,Christie,Scott,Elder,Haley
1.382498,Hurd,DeSantis,Trump,Suarez,Haley,Hutchinson,Scott,Elder,Pence,Youngkin,Christie,Ramaswamy,Burgum
0.636425,Trump,DeSantis,Pence,Christie,Ramaswamy,Hutchinson,Burgum,Hurd,Youngkin,Haley,Elder,Scott,Suarez
0.568215,Trump,Hutchinson,Pence,Haley,Suarez,Ramaswamy,Christie,Hurd,Scott,Youngkin,Elder,Burgum,DeSantis
0.846648,Trump,Ramaswamy,Pence,DeSantis,Christie,Burgum,Scott,Haley,Hutchinson,Youngkin,Suarez,Hurd,Elder
1.270672,Ramaswamy,Trump,DeSantis,Scott,Haley,Burgum,Youngkin,Pence,Hutchinson,Elder,Hurd,Suarez,Christie
0.837753,Christie,Hutchinson,Hurd,Pence,Haley,Burgum,Elder,Suarez,Youngkin,Scott,Ramaswamy,DeSantis,Trump
0.539873,Trump,Ramaswamy,Suarez,DeSantis,Scott,Christie,Hurd,Haley,Elder,Youngkin,Hutchinson,Pence,Burgum
1.048733,Pence,Haley,Ramaswamy,Christie,Scott,Hutchinson,DeSantis,Burgum,Hurd,Elder,Youngkin,Suarez,Trump
0.735939,Trump,DeSantis,Haley,Scott,Ramaswamy,Christie,Pence,Hutchinson,Youngkin,Suarez,Hurd,Elder,Burgum
1.036417,Hurd,Christie,Haley,Pence,Suarez,Youngkin,Hutchinson,Burgum,Scott,Ramaswamy,DeSantis,Elder,Trump
0.861664,Ramaswamy,Christie,Haley,Scott,Elder,Burgum,Hutchinson,Youngkin,Suarez,Hurd,Pence,DeSantis,Trump
1.188447,Haley,DeSantis,Ramaswamy,Burgum,Hurd,Scott,Hutchinson,Elder,Suarez,Youngkin,Christie,Pence,Trump
1.068725,Trump,Pence,DeSantis,Christie,Burgum,Youngkin,Hurd,Scott,Ramaswamy,Suarez,Hutchinson,Haley,Elder
1.219104,Trump,DeSantis,Scott,Haley,Elder,Ramaswamy,Youngkin,Burgum,Hutchinson,Hurd,Suarez,Pence,Christie
0.854256,Trump,DeSantis,Youngkin,Ramaswamy,Haley,Scott,Burgum,Pence,Elder,Hutchinson,Hurd,Suarez,Christie
1.217557,Christie,Haley,Hutchinson,Youngkin,Burgum,Hurd,Elder,Scott,Suarez,Pence,DeSantis,Ramaswamy,Trump
0.81823,Hutchinson,Haley,Burgum,Youngkin,Christie,Ramaswamy,Scott,Pence,Suarez,Elder,Hurd,DeSantis,Trump
1.086363,Pence,Christie,Hutchinson,Haley,Elder,Scott,Burgum,Youngkin,Ramaswamy,Suarez,Trump,Hurd,DeSantis
0.960016,Trump,DeSantis,Ramaswamy,Scott,Youngkin,Elder,Haley,Burgum,Christie,Hurd,Hutchinson,Pence,Suarez
0.996977,Trump,DeSantis,Haley,Ramaswamy,Scott,Burgum,Youngkin,Elder,Hurd,Hutchinson,Suarez,Christie,Pence
0.614352,Scott,Haley,Hurd,Pence,Hutchinson,Burgum,Suarez,Christie,Youngkin,Trump,Ramaswamy,Elder,DeSantis
1.215652,Trump,DeSantis,Youngkin,Pence,Haley,Ramaswamy,Scott,Burgum,Elder,Hurd,Suarez,Hutchinson,Christie
1.215652,Haley,Ramaswamy,DeSantis,Trump,Scott,Christie,Pence,Hurd,Youngkin,Elder,Hutchinson,Suarez,Burgum
0.709101,Trump,DeSantis,Pence,Haley,Ramaswamy,Hurd,Suarez,Youngkin,Scott,Elder,Christie,Hutchinson,Burgum
0.828187,Haley,Elder,Scott,Youngkin,Hurd,Hutchinson,Burgum,Suarez,Ramaswamy,Christie,Pence,DeSantis,Trump
1.144161,DeSantis,Ramaswamy,Haley,Trump,Scott,Burgum,Christie,Hutchinson,Youngkin,Elder,Hurd,Pence,Suarez
0.767178,Pence,Haley,Elder,Scott,Burgum,Hurd,Christie,Youngkin,DeSantis,Suarez,Ramaswamy,Hutchinson,Trump
0.612993,Trump,DeSantis,Pence,Ramaswamy,Christie,Haley,Scott,Burgum,Elder,Hutchinson,Suarez,Hurd,Youngkin
0.517975,DeSantis,Trump,Christie,Ramaswamy,Hutchinson,Burgum,Youngkin,Pence,Hurd,Suarez,Haley,Scott,Elder
1.420777,Haley,DeSantis,Youngkin,Scott,Elder,Ramaswamy,Trump,Pence,Christie,Burgum,Hutchinson,Hurd,Suarez
0.960016,Trump,DeSantis,Ramaswamy,Scott,Youngkin,Elder,Haley,Burgum,Christie,Hurd,Hutchinson,Pence,Suarez
0.672156,Ramaswamy,Trump,Christie,Burgum,Youngkin,Pence,Scott,Hurd,Elder,Haley,DeSantis,Suarez,Hutchinson
0.773286,Ramaswamy,Pence,Christie,Scott,Suarez,Youngkin,Elder,Trump,Burgum,Hurd,Hutchinson,DeSantis,Haley
0.812586,Trump,DeSantis,Ramaswamy,Haley,Youngkin,Scott,Pence,Burgum,Christie,Elder,Hutchinson,Suarez,Hurd
0.827631,Trump,Ramaswamy,Hutchinson,Christie,Burgum,Elder,Hurd,Scott,Haley,DeSantis,Suarez,Youngkin,Pence
0.614352,Scott,Haley,Hurd,Pence,Hutchinson,Burgum,Suarez,Christie,Youngkin,Trump,Ramaswamy,Elder,DeSantis
1.217557,Christie,Haley,Hutchinson,Youngkin,Burgum,Hurd,Elder,Scott,Suarez,Pence,DeSantis,Ramaswamy,Trump
1.112621,Trump,DeSantis,Ramaswamy,Haley,Scott,Pence,Hurd,Youngkin,Elder,Christie,Burgum,Hutchinson,Suarez
1.459965,Trump,DeSantis,Burgum,Scott,Haley,Pence,Ramaswamy,Youngkin,Hutchinson,Suarez,Hurd,Elder,Christie
1.219104,DeSantis,Trump,Haley,Scott,Hutchinson,Pence,Elder,Ramaswamy,Suarez,Burgum,Youngkin,Hurd,Christie
1.036417,Hurd,Christie,Haley,Pence,Suarez,Youngkin,Hutchinson,Burgum,Scott,Ramaswamy,DeSantis,Elder,Trump
1.218747,DeSantis,Trump,Pence,Ramaswamy,Burgum,Christie,Haley,Scott,Elder,Youngkin,Hurd,Hutchinson,Suarez
0.743226,DeSantis,Ramaswamy,Trump,Pence,Christie,Burgum,Elder,Haley,Hutchinson,Scott,Suarez,Youngkin,Hurd
0.976275,Trump,Ramaswamy,DeSantis,Pence,Christie,Scott,Hutchinson,Youngkin,Elder,Hurd,Haley,Burgum,Suarez
2.202489,DeSantis,Trump,Ramaswamy,Scott,Pence,Youngkin,Hutchinson,Elder,Hurd,Suarez,Burgum,Christie,Haley
0.8662,Trump,DeSantis,Haley,Scott,Ramaswamy,Burgum,Suarez,Youngkin,Hutchinson,Hurd,Elder,Christie,Pence
0.63756,Ramaswamy,Trump,Haley,Elder,DeSantis,Christie,Pence,Suarez,Youngkin,Hurd,Hutchinson,Burgum,Scott
1.345458,Haley,Ramaswamy,Suarez,Christie,Hutchinson,Scott,Youngkin,Burgum,Hurd,Elder,DeSantis,Pence,Trump
0.851323,Pence,Trump,Burgum,Suarez,Hurd,Elder,Ramaswamy,Hutchinson,Haley,Youngkin,DeSantis,Scott,Christie
1.278271,DeSantis,Scott,Trump,Ramaswamy,Haley,Pence,Hutchinson,Elder,Hurd,Suarez,Youngkin,Burgum,Christie
0.64247,Trump,Haley,Suarez,Elder,Pence,Scott,Hutchinson,DeSantis,Hurd,Christie,Youngkin,Burgum,Ramaswamy
0.917948,DeSantis,Trump,Haley,Youngkin,Scott,Burgum,Hutchinson,Elder,Hurd,Pence,Suarez,Ramaswamy,Christie
0.636425,Trump,DeSantis,Pence,Haley,Christie,Youngkin,Ramaswamy,Hurd,Burgum,Scott,Suarez,Elder,Hutchinson
0.823528,Ramaswamy,Scott,Haley,Suarez,Elder,Burgum,Youngkin,Hutchinson,Hurd,Christie,Pence,DeSantis,Trump
1.079307,Pence,Ramaswamy,Christie,Suarez,Hutchinson,Scott,Hurd,Youngkin,Burgum,Haley,Elder,DeSantis,Trump
0.679403,Christie,Haley,Youngkin,Pence,Burgum,Scott,Elder,Suarez,Hutchinson,Hurd,Ramaswamy,DeSantis,Trump
0.79963,Trump,Ramaswamy,Scott,DeSantis,Christie,Hutchinson,Haley,Pence,Suarez,Youngkin,Elder,Hurd,Burgum
0.81114,Trump,DeSantis,Ramaswamy,Haley,Scott,Pence,Youngkin,Burgum,Hutchinson,Christie,Elder,Hurd,Suarez
0.741903,Haley,Scott,Trump,Pence,DeSantis,Christie,Hutchinson,Youngkin,Elder,Suarez,Hurd,Ramaswamy,Burgum
0.568215,Ramaswamy,Trump,DeSantis,Scott,Christie,Hurd,Suarez,Burgum,Haley,Elder,Youngkin,Hutchinson,Pence
0.970759,Christie,Hutchinson,Burgum,Hurd,Youngkin,Elder,Haley,Scott,Ramaswamy,DeSantis,Pence,Trump,Suarez
0.87319,Trump,DeSantis,Ramaswamy,Haley,Pence,Christie,Youngkin,Scott,Hutchinson,Burgum,Hurd,Suarez,Elder
1.271577,DeSantis,Ramaswamy,Trump,Haley,Scott,Pence,Hutchinson,Burgum,Youngkin,Elder,Suarez,Christie,Hurd
1.134561,DeSantis,Trump,Ramaswamy,Haley,Elder,Pence,Scott,Christie,Burgum,Hutchinson,Youngkin,Hurd,Suarez
1.420777,Trump,Pence,DeSantis,Scott,Ramaswamy,Haley,Hurd,Elder,Christie,Suarez,Burgum,Hutchinson,Youngkin
0.854256,Trump,DeSantis,Youngkin,Ramaswamy,Haley,Scott,Burgum,Pence,Elder,Hutchinson,Hurd,Suarez,Christie
0.502301,Trump,Ramaswamy,Pence,Elder,Hurd,Haley,Youngkin,DeSantis,Christie,Scott,Burgum,Suarez,Hutchinson
0.960016,Trump,Scott,Youngkin,Haley,DeSantis,Ramaswamy,Burgum,Suarez,Hurd,Elder,Pence,Hutchinson,Christie
1.18457,Scott,Haley,Ramaswamy,DeSantis,Youngkin,Pence,Elder,Burgum,Christie,Hurd,Hutchinson,Suarez,Trump
0.827631,Trump,Ramaswamy,Hutchinson,Christie,Burgum,Elder,Hurd,Scott,Haley,DeSantis,Suarez,Youngkin,Pence
2.480722,Trump,Haley,DeSantis,Pence,Ramaswamy,Elder,Hutchinson,Burgum,Suarez,Hurd,Christie,Scott,Youngkin
0.612993,Trump,Ramaswamy,DeSantis,Christie,Pence,Haley,Hutchinson,Burgum,Elder,Suarez,Scott,Youngkin,Hurd
0.825865,Trump,Pence,DeSantis,Ramaswamy,Haley,Scott,Youngkin,Elder,Burgum,Hutchinson,Hurd,Suarez,Christie
1.000625,Trump,DeSantis,Haley,Burgum,Scott,Ramaswamy,Pence,Christie,Hutchinson,Youngkin,Hurd,Elder,Suarez
1.215652,Trump,DeSantis,Pence,Christie,Youngkin,Scott,Haley,Hutchinson,Hurd,Elder,Suarez,Ramaswamy,Burgum
0.827631,Trump,DeSantis,Scott,Haley,Ramaswamy,Christie,Elder,Pence,Burgum,Youngkin,Hutchinson,Suarez,Hurd
1.045781,Trump,Scott,DeSantis,Ramaswamy,Elder,Pence,Haley,Suarez,Burgum,Hurd,Youngkin,Hutchinson,Christie
0.751381,Ramaswamy,DeSantis,Scott,Burgum,Pence,Haley,Trump,Youngkin,Hutchinson,Christie,Suarez,Elder,Hurd
1.045781,Trump,Scott,DeSantis,Ramaswamy,Elder,Pence,Haley,Suarez,Burgum,Hurd,Youngkin,Hutchinson,Christie
0.779609,Trump,DeSantis,Ramaswamy,Scott,Pence,Haley,Christie,Youngkin,Hutchinson,Elder,Burgum,Suarez,Hurd
1.559977,Trump,DeSantis,Haley,Scott,Hutchinson,Hurd,Youngkin,Suarez,Burgum,Elder,Pence,Christie,Ramaswamy
1.000625,Trump,Haley,Scott,DeSantis,Christie,Burgum,Pence,Hutchinson,Elder,Hurd,Youngkin,Ramaswamy,Suarez
1.317598,Trump,DeSantis,Haley,Scott,Ramaswamy,Pence,Elder,Youngkin,Hutchinson,Burgum,Hurd,Suarez,Christie
2.040183,Christie,Scott,Pence,Hutchinson,Elder,Burgum,Haley,Youngkin,Hurd,DeSantis,Suarez,Ramaswamy,Trump
1.134561,Haley,Pence,DeSantis,Christie,Trump,Burgum,Scott,Ramaswamy,Hurd,Youngkin,Elder,Suarez,Hutchinson
1.188226,Trump,DeSantis,Haley,Pence,Christie,Hutchinson,Elder,Hurd,Ramaswamy,Youngkin,Burgum,Scott,Suarez
1.158692,Trump,Ramaswamy,Suarez,Haley,Christie,Pence,Scott,Elder,Burgum,DeSantis,Hurd,Hutchinson,Youngkin
1.068725,Ramaswamy,Haley,Youngkin,Suarez,Elder,Hutchinson,Christie,Pence,Burgum,Scott,DeSantis,Hurd,Trump
1.376605,Haley,Christie,Elder,Hutchinson,Hurd,Youngkin,Burgum,Pence,Scott,Suarez,Ramaswamy,DeSantis,Trump
0.564615,Trump,Ramaswamy,Haley,DeSantis,Hurd,Pence,Scott,Christie,Burgum,Youngkin,Hutchinson,Suarez,Elder
1.529463,Christie,Pence,Scott,Burgum,Hutchinson,Ramaswamy,Suarez,Youngkin,Hurd,Elder,Haley,DeSantis,Trump
0.681832,DeSantis,Trump,Scott,Ramaswamy,Elder,Hurd,Youngkin,Burgum,Suarez,Hutchinson,Haley,Christie,Pence
0.640195,Trump,DeSantis,Pence,Scott,Haley,Ramaswamy,Christie,Hurd,Elder,Hutchinson,Burgum,Suarez,Youngkin
0.718335,Trump,Ramaswamy,DeSantis,Scott,Haley,Youngkin,Elder,Hutchinson,Suarez,Hurd,Burgum,Pence,Christie
0.972281,Trump,DeSantis,Ramaswamy,Scott,Pence,Elder,Suarez,Burgum,Youngkin,Hutchinson,Hurd,Haley,Christie
1.114478,Trump,Pence,Ramaswamy,Scott,Christie,DeSantis,Haley,Elder,Burgum,Youngkin,Suarez,Hutchinson,Hurd
1.066087,Ramaswamy,Elder,Scott,DeSantis,Suarez,Pence,Burgum,Hurd,Hutchinson,Christie,Haley,Trump,Youngkin
2.102951,Trump,Haley,DeSantis,Pence,Christie,Ramaswamy,Hurd,Scott,Youngkin,Elder,Hutchinson,Burgum,Suarez
1.188447,Haley,DeSantis,Ramaswamy,Burgum,Hurd,Scott,Hutchinson,Elder,Suarez,Youngkin,Christie,Pence,Trump
0.539873,Trump,Ramaswamy,Suarez,DeSantis,Scott,Christie,Hurd,Haley,Elder,Youngkin,Hutchinson,Pence,Burgum
1.103994,Ramaswamy,DeSantis,Trump,Haley,Christie,Scott,Burgum,Pence,Youngkin,Hurd,Hutchinson,Elder,Suarez
1.478149,Haley,Christie,DeSantis,Pence,Youngkin,Scott,Elder,Burgum,Hutchinson,Trump,Suarez,Hurd,Ramaswamy
0.854256,Trump,DeSantis,Haley,Ramaswamy,Scott,Elder,Hutchinson,Burgum,Hurd,Youngkin,Suarez,Christie,Pence
0.722173,DeSantis,Haley,Christie,Ramaswamy,Elder,Youngkin,Hutchinson,Scott,Burgum,Suarez,Hurd,Pence,Trump
1.132141,Ramaswamy,DeSantis,Trump,Scott,Haley,Pence,Burgum,Hutchinson,Elder,Christie,Hurd,Youngkin,Suarez
0.996977,Trump,Christie,Haley,Scott,DeSantis,Elder,Suarez,Hurd,Hutchinson,Youngkin,Burgum,Ramaswamy,Pence
0.968735,Trump,DeSantis,Ramaswamy,Hutchinson,Burgum,Hurd,Scott,Elder,Youngkin,Haley,Suarez,Christie,Pence
1.121883,Ramaswamy,Haley,DeSantis,Trump,Hurd,Christie,Suarez,Pence,Burgum,Youngkin,Scott,Elder,Hutchinson
0.68511,Trump,Pence,Scott,Hutchinson,Hurd,Elder,Suarez,Burgum,Youngkin,Haley,Ramaswamy,DeSantis,Christie
1.339645,Ramaswamy,Burgum,Haley,Hutchinson,Scott,DeSantis,Trump,Pence,Christie,Youngkin,Hurd,Suarez,Elder
0.687217,Trump,Ramaswamy,DeSantis,Haley,Scott,Pence,Suarez,Youngkin,Burgum,Hutchinson,Elder,Christie,Hurd
1.023323,Pence,DeSantis,Scott,Ramaswamy,Trump,Burgum,Haley,Christie,Hutchinson,Youngkin,Hurd,Elder,Suarez
1.299495,Trump,DeSantis,Ramaswamy,Scott,Pence,Haley,Christie,Burgum,Elder,Suarez,Hurd,Youngkin,Hutchinson
0.672156,Trump,Pence,DeSantis,Christie,Haley,Youngkin,Ramaswamy,Burgum,Scott,Hurd,Hutchinson,Suarez,Elder
0.743226,Pence,Ramaswamy,Trump,DeSantis,Christie,Suarez,Hutchinson,Youngkin,Haley,Hurd,Scott,Elder,Burgum
0.867089,DeSantis,Ramaswamy,Trump,Scott,Pence,Elder,Burgum,Youngkin,Hurd,Suarez,Haley,Hutchinson,Christie
1.73441,Pence,DeSantis,Christie,Burgum,Youngkin,Scott,Hurd,Suarez,Haley,Elder,Ramaswamy,Trump,Hutchinson
1.205555,Christie,Haley,Hutchinson,Scott,Pence,Burgum,Hurd,Youngkin,Suarez,Elder,DeSantis,Ramaswamy,Trump
1.084801,Ramaswamy,Haley,Christie,Burgum,Hutchinson,Elder,Scott,Pence,DeSantis,Youngkin,Hurd,Suarez,Trump
1.217557,Christie,Haley,Hutchinson,Youngkin,Burgum,Hurd,Elder,Scott,Suarez,Pence,DeSantis,Ramaswamy,Trump
0.660172,DeSantis,Ramaswamy,Suarez,Burgum,Elder,Haley,Pence,Christie,Hutchinson,Hurd,Scott,Youngkin,Trump
0.879255,Trump,DeSantis,Ramaswamy,Youngkin,Suarez,Christie,Scott,Burgum,Elder,Pence,Hurd,Hutchinson,Haley
1.18741,Ramaswamy,Scott,Haley,Pence,Burgum,Hurd,Suarez,Hutchinson,Christie,Youngkin,Elder,DeSantis,Trump
0.839544,Trump,Ramaswamy,DeSantis,Youngkin,Scott,Suarez,Elder,Haley,Burgum,Hurd,Pence,Hutchinson,Christie
1.611159,DeSantis,Trump,Burgum,Ramaswamy,Haley,Pence,Scott,Christie,Youngkin,Hurd,Suarez,Hutchinson,Elder
0.851323,DeSantis,Ramaswamy,Haley,Trump,Youngkin,Suarez,Elder,Hurd,Scott,Hutchinson,Pence,Christie,Burgum
0.854785,Pence,DeSantis,Christie,Ramaswamy,Haley,Elder,Scott,Hutchinson,Burgum,Suarez,Hurd,Youngkin,Trump
0.838528,Trump,DeSantis,Ramaswamy,Pence,Youngkin,Elder,Haley,Hurd,Hutchinson,Suarez,Burgum,Scott,Christie
1.669118,Trump,DeSantis,Haley,Scott,Ramaswamy,Pence,Youngkin,Burgum,Christie,Elder,Suarez,Hurd,Hutchinson
1.376055,Trump,Ramaswamy,Pence,Haley,Elder,Youngkin,DeSantis,Scott,Hurd,Hutchinson,Suarez,Burgum,Christie
1.18741,DeSantis,Ramaswamy,Christie,Haley,Trump,Scott,Pence,Hutchinson,Suarez,Elder,Hurd,Youngkin,Burgum
0.567195,Trump,Hurd,Elder,Ramaswamy,Christie,Youngkin,Pence,Hutchinson,Haley,Burgum,Suarez,DeSantis,Scott
0.516129,Trump,DeSantis,Scott,Haley,Ramaswamy,Youngkin,Pence,Suarez,Hurd,Hutchinson,Burgum,Elder,Christie
0.854256,Trump,DeSantis,Haley,Ramaswamy,Scott,Elder,Hutchinson,Burgum,Hurd,Youngkin,Suarez,Christie,Pence
1.247329,DeSantis,Youngkin,Haley,Scott,Elder,Suarez,Hutchinson,Burgum,Ramaswamy,Hurd,Trump,Pence,Christie
1.036417,Hurd,Christie,Haley,Pence,Suarez,Youngkin,Hutchinson,Burgum,Scott,Ramaswamy,DeSantis,Elder,Trump
1.049608,Trump,Ramaswamy,Scott,Haley,Elder,DeSantis,Pence,Burgum,Hurd,Youngkin,Hutchinson,Christie,Suarez
1.066087,Ramaswamy,Elder,Scott,DeSantis,Suarez,Pence,Burgum,Hurd,Hutchinson,Christie,Haley,Trump,Youngkin
0.722173,DeSantis,Haley,Christie,Ramaswamy,Elder,Youngkin,Hutchinson,Scott,Burgum,Suarez,Hurd,Pence,Trump
0.996977,Trump,Christie,Haley,Scott,DeSantis,Elder,Suarez,Hurd,Hutchinson,Youngkin,Burgum,Ramaswamy,Pence
0.614214,Scott,Burgum,Hutchinson,Haley,Christie,Suarez,Youngkin,Hurd,Ramaswamy,Elder,DeSantis,Pence,Trump
0.639186,Ramaswamy,Elder,Suarez,Hurd,Christie,Youngkin,Pence,Burgum,Hutchinson,Scott,Haley,Trump,DeSantis
0.73399,Scott,Ramaswamy,DeSantis,Haley,Hurd,Suarez,Burgum,Elder,Youngkin,Christie,Pence,Trump,Hutchinson
1.73441,Pence,DeSantis,Christie,Burgum,Youngkin,Scott,Hurd,Suarez,Haley,Elder,Ramaswamy,Trump,Hutchinson
0.798657,Trump,Haley,Ramaswamy,DeSantis,Scott,Hutchinson,Pence,Elder,Burgum,Youngkin,Hurd,Suarez,Christie
0.650804,DeSantis,Trump,Ramaswamy,Pence,Hutchinson,Suarez,Hurd,Haley,Youngkin,Elder,Burgum,Christie,Scott
1.164009,Ramaswamy,DeSantis,Christie,Haley,Hutchinson,Suarez,Youngkin,Hurd,Burgum,Elder,Scott,Pence,Trump
1.069759,Trump,Ramaswamy,Youngkin,DeSantis,Scott,Haley,Burgum,Pence,Hurd,Suarez,Hutchinson,Christie,Elder
0.718335,DeSantis,Ramaswamy,Haley,Scott,Pence,Elder,Youngkin,Hurd,Suarez,Burgum,Christie,Hutchinson,Trump
0.812586,Trump,DeSantis,Ramaswamy,Haley,Youngkin,Scott,Pence,Burgum,Christie,Elder,Hutchinson,Suarez,Hurd
0.970759,Trump,Ramaswamy,Youngkin,DeSantis,Haley,Elder,Scott,Burgum,Hurd,Suarez,Hutchinson,Pence,Christie
0.68511,Pence,Ramaswamy,DeSantis,Hurd,Christie,Elder,Suarez,Burgum,Scott,Haley,Youngkin,Hutchinson,Trump
1.478149,Ramaswamy,Pence,DeSantis,Scott,Haley,Hurd,Burgum,Suarez,Elder,Hutchinson,Youngkin,Christie,Trump
0.564615,Trump,Ramaswamy,Haley,DeSantis,Hurd,Pence,Scott,Christie,Burgum,Youngkin,Hutchinson,Suarez,Elder
0.904612,DeSantis,Haley,Ramaswamy,Pence,Hutchinson,Christie,Youngkin,Burgum,Scott,Trump,Elder,Hurd,Suarez
0.65782,Ramaswamy,Youngkin,Scott,Burgum,Suarez,Hutchinson,Hurd,Haley,Elder,Pence,Christie,DeSantis,Trump
0.949777,Trump,DeSantis,Burgum,Scott,Elder,Hurd,Youngkin,Haley,Hutchinson,Suarez,Ramaswamy,Pence,Christie
0.786484,Trump,Ramaswamy,Scott,Hurd,Burgum,DeSantis,Elder,Suarez,Hutchinson,Youngkin,Haley,Christie,Pence
1.084801,Trump,DeSantis,Haley,Burgum,Scott,Ramaswamy,Youngkin,Pence,Christie,Suarez,Elder,Hurd,Hutchinson
0.718335,Trump,Ramaswamy,DeSantis,Scott,Haley,Youngkin,Elder,Hutchinson,Suarez,Hurd,Burgum,Pence,Christie
0.987831,Trump,Ramaswamy,Haley,Pence,Hutchinson,Elder,Suarez,Christie,Scott,Hurd,Youngkin,DeSantis,Burgum
0.974208,DeSantis,Haley,Scott,Trump,Ramaswamy,Pence,Youngkin,Hurd,Hutchinson,Burgum,Christie,Suarez,Elder
0.901839,Trump,Ramaswamy,Pence,DeSantis,Suarez,Burgum,Hutchinson,Hurd,Youngkin,Christie,Scott,Elder,Haley
1.002609,Trump,Scott,Haley,DeSantis,Ramaswamy,Pence,Christie,Elder,Youngkin,Hutchinson,Suarez,Hurd,Burgum
1.218747,Trump,DeSantis,Burgum,Scott,Haley,Ramaswamy,Youngkin,Elder,Suarez,Hutchinson,Hurd,Pence,Christie
0.743226,Pence,Ramaswamy,Trump,DeSantis,Christie,Suarez,Hutchinson,Youngkin,Haley,Hurd,Scott,Elder,Burgum
0.812586,Trump,DeSantis,Haley,Pence,Ramaswamy,Scott,Hutchinson,Burgum,Suarez,Youngkin,Christie,Hurd,Elder
0.81114,Trump,DeSantis,Ramaswamy,Haley,Scott,Pence,Youngkin,Burgum,Hutchinson,Christie,Elder,Hurd,Suarez
1.22744,Haley,Scott,Pence,Burgum,Ramaswamy,Hutchinson,Youngkin,Hurd,Elder,Suarez,DeSantis,Christie,Trump
0.555612,Trump,Scott,Elder,Hurd,Burgum,Suarez,Youngkin,Hutchinson,DeSantis,Christie,Haley,Pence,Ramaswamy
1.122006,Trump,Scott,Haley,Ramaswamy,DeSantis,Pence,Christie,Burgum,Youngkin,Hurd,Suarez,Hutchinson,Elder
1.200697,Pence,Haley,Scott,DeSantis,Hutchinson,Burgum,Elder,Youngkin,Suarez,Trump,Hurd,Christie,Ramaswamy
0.621594,Trump,DeSantis,Ramaswamy,Scott,Youngkin,Elder,Burgum,Haley,Suarez,Christie,Pence,Hutchinson,Hurd
0.970759,Youngkin,Pence,Christie,Haley,Scott,Hutchinson,DeSantis,Ramaswamy,Suarez,Elder,Hurd,Trump,Burgum
1.980981,DeSantis,Haley,Pence,Christie,Scott,Burgum,Hutchinson,Hurd,Elder,Suarez,Youngkin,Ramaswamy,Trump
0.567195,Youngkin,Hurd,Suarez,Ramaswamy,Scott,Elder,Christie,Burgum,DeSantis,Haley,Hutchinson,Pence,Trump
1.753818,Ramaswamy,Christie,DeSantis,Pence,Haley,Trump,Scott,Youngkin,Hutchinson,Burgum,Elder,Hurd,Suarez
1.205555,Ramaswamy,Pence,DeSantis,Haley,Elder,Burgum,Youngkin,Scott,Suarez,Hutchinson,Hurd,Christie,Trump
0.743226,Pence,Ramaswamy,Trump,DeSantis,Christie,Suarez,Hutchinson,Youngkin,Haley,Hurd,Scott,Elder,Burgum
0.991915,Pence,Youngkin,Hutchinson,Hurd,Elder,Haley,Burgum,Ramaswamy,Christie,DeSantis,Suarez,Scott,Trump
0.668479,Haley,Christie,Pence,Hurd,Suarez,Hutchinson,Youngkin,Burgum,Ramaswamy,DeSantis,Scott,Elder,Trump
2.040183,Trump,DeSantis,Christie,Haley,Elder,Ramaswamy,Scott,Burgum,Suarez,Hurd,Youngkin,Hutchinson,Pence
1.079307,Trump,Ramaswamy,DeSantis,Haley,Youngkin,Christie,Scott,Pence,Burgum,Elder,Suarez,Hurd,Hutchinson
0.614214,Trump,Ramaswamy,DeSantis,Christie,Scott,Hutchinson,Youngkin,Haley,Hurd,Elder,Suarez,Burgum,Pence
1.084045,Trump,Haley,Burgum,DeSantis,Youngkin,Scott,Elder,Suarez,Hutchinson,Ramaswamy,Pence,Hurd,Christie
0.722173,DeSantis,Haley,Christie,Ramaswamy,Elder,Youngkin,Hutchinson,Scott,Burgum,Suarez,Hurd,Pence,Trump
0.854785,Pence,DeSantis,Christie,Ramaswamy,Haley,Elder,Scott,Hutchinson,Burgum,Suarez,Hurd,Youngkin,Trump
1.376605,Trump,DeSantis,Scott,Ramaswamy,Pence,Hutchinson,Youngkin,Burgum,Hurd,Suarez,Haley,Christie,Elder
1.240092,Haley,Christie,Pence,Elder,Hutchinson,Scott,Suarez,Hurd,Burgum,Youngkin,Ramaswamy,DeSantis,Trump
1.481912,Trump,DeSantis,Burgum,Haley,Scott,Youngkin,Elder,Hurd,Suarez,Hutchinson,Ramaswamy,Christie,Pence
1.206101,Christie,Haley,Scott,Burgum,Hutchinson,Youngkin,Suarez,Hurd,Elder,Pence,Ramaswamy,DeSantis,Trump
1.180031,Trump,DeSantis,Haley,Christie,Scott,Hutchinson,Suarez,Burgum,Youngkin,Ramaswamy,Pence,Elder,Hurd
0.690412,Haley,Suarez,Burgum,Pence,Christie,Trump,Ramaswamy,Hutchinson,Hurd,Scott,DeSantis,Youngkin,Elder
0.800433,Trump,DeSantis,Ramaswamy,Pence,Scott,Elder,Haley,Burgum,Hurd,Youngkin,Christie,Hutchinson,Suarez
1.079307,Ramaswamy,Trump,Haley,DeSantis,Pence,Burgum,Suarez,Elder,Hurd,Youngkin,Hutchinson,Scott,Christie
1.478149,Haley,Christie,DeSantis,Pence,Youngkin,Scott,Elder,Burgum,Hutchinson,Trump,Suarez,Hurd,Ramaswamy
0.888483,Trump,Ramaswamy,Pence,Youngkin,DeSantis,Scott,Burgum,Haley,Hurd,Elder,Hutchinson,Christie,Suarez
1.215652,Pence,Scott,Haley,DeSantis,Christie,Hutchinson,Ramaswamy,Youngkin,Hurd,Suarez,Elder,Burgum,Trump
0.902673,Trump,Scott,DeSantis,Elder,Youngkin,Pence,Hurd,Burgum,Ramaswamy,Haley,Suarez,Hutchinson,Christie
1.15048,DeSantis,Ramaswamy,Trump,Christie,Scott,Pence,Burgum,Elder,Hutchinson,Youngkin,Hurd,Haley,Suarez
1.372707,Trump,Pence,DeSantis,Haley,Christie,Scott,Burgum,Hurd,Elder,Suarez,Youngkin,Hutchinson,Ramaswamy
0.92613,Ramaswamy,DeSantis,Pence,Hurd,Haley,Youngkin,Hutchinson,Suarez,Burgum,Trump,Elder,Scott,Christie
1.529463,Christie,Elder,Scott,Hurd,Haley,Suarez,Burgum,Youngkin,Hutchinson,Ramaswamy,Pence,DeSantis,Trump
0.890183,Trump,Ramaswamy,Haley,Elder,Pence,Scott,Youngkin,Christie,Hurd,Burgum,Suarez,DeSantis,Hutchinson
2.040183,Ramaswamy,Haley,Scott,Suarez,Hutchinson,Youngkin,Elder,Hurd,Burgum,Pence,Christie,DeSantis,Trump
1.218747,DeSantis,Trump,Pence,Ramaswamy,Burgum,Christie,Haley,Scott,Elder,Youngkin,Hurd,Hutchinson,Suarez
1.084045,Christie,Hutchinson,Youngkin,Scott,Haley,Pence,Hurd,Burgum,Elder,Suarez,Ramaswamy,DeSantis,Trump
1.245109,Pence,Christie,Suarez,Youngkin,Haley,Elder,Burgum,DeSantis,Hurd,Hutchinson,Ramaswamy,Scott,Trump
1.218747,Trump,DeSantis,Pence,Ramaswamy,Christie,Scott,Haley,Burgum,Elder,Suarez,Hurd,Hutchinson,Youngkin
0.840329,Trump,Burgum,Elder,Hurd,Ramaswamy,Scott,Youngkin,Pence,Haley,DeSantis,Christie,Suarez,Hutchinson
0.798657,Trump,DeSantis,Ramaswamy,Christie,Pence,Haley,Scott,Elder,Burgum,Youngkin,Hurd,Suarez,Hutchinson
0.649364,DeSantis,Scott,Youngkin,Hutchinson,Haley,Hurd,Ramaswamy,Christie,Elder,Burgum,Trump,Pence,Suarez
1.018243,Ramaswamy,Pence,Trump,Haley,Burgum,Elder,Youngkin,DeSantis,Hutchinson,Scott,Christie,Hurd,Suarez
0.960016,Trump,Scott,Youngkin,Haley,DeSantis,Ramaswamy,Burgum,Suarez,Hurd,Elder,Pence,Hutchinson,Christie
0.875626,Ramaswamy,Christie,Haley,Pence,Hurd,Scott,Elder,DeSantis,Youngkin,Trump,Hutchinson,Burgum,Suarez
1.056898,Trump,Ramaswamy,Haley,Scott,DeSantis,Pence,Elder,Youngkin,Hurd,Hutchinson,Burgum,Suarez,Christie
0.806909,Ramaswamy,Trump,DeSantis,Elder,Haley,Scott,Pence,Hutchinson,Youngkin,Burgum,Hurd,Suarez,Christie
0.742806,Trump,Haley,DeSantis,Scott,Ramaswamy,Youngkin,Christie,Elder,Burgum,Hurd,Pence,Suarez,Hutchinson
1.188226,Trump,Ramaswamy,DeSantis,Pence,Scott,Haley,Hurd,Christie,Youngkin,Elder,Suarez,Burgum,Hutchinson
0.901839,Trump,Ramaswamy,Pence,Scott,Christie,Haley,Elder,Hurd,Suarez,Hutchinson,Burgum,Youngkin,DeSantis
0.839544,Ramaswamy,Haley,Pence,Scott,Elder,Hurd,Suarez,Youngkin,Hutchinson,Burgum,Christie,DeSantis,Trump
0.6612,Ramaswamy,Pence,DeSantis,Burgum,Youngkin,Hutchinson,Hurd,Christie,Suarez,Scott,Haley,Elder,Trump
1.420777,Trump,Pence,DeSantis,Scott,Ramaswamy,Haley,Hurd,Elder,Christie,Suarez,Burgum,Hutchinson,Youngkin
0.839247,Trump,Pence,DeSantis,Scott,Youngkin,Hurd,Burgum,Haley,Hutchinson,Elder,Ramaswamy,Christie,Suarez
0.92613,Ramaswamy,DeSantis,Pence,Hurd,Haley,Youngkin,Hutchinson,Suarez,Burgum,Trump,Elder,Scott,Christie
1.048733,Pence,Haley,Ramaswamy,Christie,Scott,Hutchinson,DeSantis,Burgum,Hurd,Elder,Youngkin,Suarez,Trump
1.332874,Trump,Ramaswamy,Haley,Scott,Burgum,Elder,Hutchinson,DeSantis,Suarez,Youngkin,Pence,Hurd,Christie
1.079307,Pence,Ramaswamy,Christie,Suarez,Hutchinson,Scott,Hurd,Youngkin,Burgum,Haley,Elder,DeSantis,Trump
0.672156,Ramaswamy,Trump,Elder,Suarez,Hutchinson,Scott,Hurd,Burgum,Haley,Youngkin,Christie,DeSantis,Pence
0.92613,Ramaswamy,DeSantis,Pence,Hurd,Haley,Youngkin,Hutchinson,Suarez,Burgum,Trump,Elder,Scott,Christie
1.753818,Trump,Ramaswamy,DeSantis,Elder,Scott,Youngkin,Haley,Hurd,Burgum,Suarez,Hutchinson,Christie,Pence
0.741903,Pence,Trump,DeSantis,Haley,Christie,Hurd,Ramaswamy,Elder,Scott,Burgum,Youngkin,Suarez,Hutchinson
1.121883,Trump,DeSantis,Scott,Haley,Elder,Ramaswamy,Burgum,Suarez,Pence,Hurd,Youngkin,Hutchinson,Christie
0.960016,Youngkin,Haley,Christie,Trump,DeSantis,Scott,Pence,Hutchinson,Elder,Burgum,Suarez,Hurd,Ramaswamy
1.270672,DeSantis,Trump,Haley,Ramaswamy,Scott,Youngkin,Pence,Hurd,Burgum,Hutchinson,Elder,Christie,Suarez
0.851141,Ramaswamy,Trump,Haley,DeSantis,Scott,Elder,Burgum,Hurd,Suarez,Youngkin,Hutchinson,Christie,Pence
1.149689,Trump,DeSantis,Youngkin,Elder,Burgum,Scott,Haley,Suarez,Hutchinson,Hurd,Ramaswamy,Christie,Pence
0.798657,Trump,DeSantis,Ramaswamy,Christie,Pence,Haley,Scott,Elder,Burgum,Youngkin,Hurd,Suarez,Hutchinson
0.564481,DeSantis,Youngkin,Christie,Haley,Burgum,Scott,Hurd,Elder,Hutchinson,Suarez,Ramaswamy,Pence,Trump
1.132141,Ramaswamy,DeSantis,Trump,Scott,Haley,Pence,Burgum,Hutchinson,Elder,Christie,Hurd,Youngkin,Suarez
1.240092,Haley,Christie,Pence,Elder,Hutchinson,Scott,Suarez,Hurd,Burgum,Youngkin,Ramaswamy,DeSantis,Trump
0.710673,DeSantis,Ramaswamy,Scott,Elder,Hurd,Pence,Youngkin,Christie,Hutchinson,Suarez,Burgum,Haley,Trump
0.555612,DeSantis,Trump,Pence,Scott,Christie,Elder,Youngkin,Burgum,Ramaswamy,Hutchinson,Hurd,Suarez,Haley
0.636425,Haley,Pence,Elder,Ramaswamy,Christie,Burgum,Scott,Hutchinson,Suarez,Hurd,Youngkin,Trump,DeSantis
1.049608,Haley,Scott,DeSantis,Ramaswamy,Pence,Christie,Trump,Burgum,Hutchinson,Suarez,Elder,Hurd,Youngkin
0.747966,Christie,Haley,Hurd,Hutchinson,Ramaswamy,Scott,Youngkin,Burgum,Elder,Suarez,Pence,DeSantis,Trump
0.960016,Ramaswamy,Haley,DeSantis,Scott,Christie,Pence,Elder,Burgum,Hutchinson,Suarez,Hurd,Youngkin,Trump
1.112621,Trump,DeSantis,Ramaswamy,Haley,Scott,Pence,Hurd,Youngkin,Elder,Christie,Burgum,Hutchinson,Suarez
2.670492,Christie,Haley,Burgum,Hutchinson,Scott,Suarez,Hurd,Youngkin,Elder,DeSantis,Pence,Ramaswamy,Trump
1.669118,Trump,DeSantis,Haley,Scott,Ramaswamy,Pence,Youngkin,Burgum,Christie,Elder,Suarez,Hurd,Hutchinson
1.237454,Haley,Hurd,Burgum,Pence,Suarez,Elder,Christie,Scott,Youngkin,Ramaswamy,Hutchinson,Trump,DeSantis
1.611159,DeSantis,Trump,Pence,Burgum,Haley,Hutchinson,Youngkin,Scott,Elder,Suarez,Hurd,Christie,Ramaswamy
0.708142,Trump,DeSantis,Ramaswamy,Scott,Pence,Hurd,Burgum,Suarez,Hutchinson,Elder,Christie,Youngkin,Haley
0.612993,Trump,Ramaswamy,DeSantis,Christie,Pence,Haley,Hutchinson,Burgum,Elder,Suarez,Scott,Youngkin,Hurd
0.81114,Trump,DeSantis,Ramaswamy,Haley,Scott,Pence,Youngkin,Burgum,Hutchinson,Christie,Elder,Hurd,Suarez
1.478149,DeSantis,Trump,Haley,Christie,Burgum,Scott,Ramaswamy,Youngkin,Pence,Hutchinson,Hurd,Elder,Suarez
0.901839,Trump,Ramaswamy,Pence,DeSantis,Suarez,Burgum,Hutchinson,Hurd,Youngkin,Christie,Scott,Elder,Haley
0.693567,Trump,DeSantis,Pence,Scott,Hurd,Haley,Youngkin,Hutchinson,Elder,Suarez,Christie,Burgum,Ramaswamy
0.721527,DeSantis,Ramaswamy,Haley,Trump,Youngkin,Scott,Pence,Elder,Christie,Hutchinson,Hurd,Suarez,Burgum
0.798657,DeSantis,Ramaswamy,Haley,Scott,Trump,Christie,Burgum,Elder,Hurd,Hutchinson,Youngkin,Pence,Suarez
1.218747,Trump,DeSantis,Burgum,Scott,Haley,Ramaswamy,Youngkin,Elder,Suarez,Hutchinson,Hurd,Pence,Christie
0.567195,Trump,Hurd,Elder,Ramaswamy,Christie,Youngkin,Pence,Hutchinson,Haley,Burgum,Suarez,DeSantis,Scott
1.056898,Trump,Ramaswamy,Haley,Scott,DeSantis,Pence,Elder,Youngkin,Hurd,Hutchinson,Burgum,Suarez,Christie
1.122006,Trump,Haley,DeSantis,Youngkin,Burgum,Hurd,Hutchinson,Scott,Suarez,Elder,Pence,Christie,Ramaswamy
1.045781,Trump,Scott,DeSantis,Ramaswamy,Elder,Pence,Haley,Suarez,Burgum,Hurd,Youngkin,Hutchinson,Christie
1.117221,Trump,DeSantis,Ramaswamy,Haley,Youngkin,Christie,Elder,Burgum,Hutchinson,Suarez,Hurd,Scott,Pence
0.718335,Christie,Haley,Burgum,Youngkin,Elder,Hutchinson,Hurd,Pence,Suarez,Ramaswamy,Scott,DeSantis,Trump
1.773147,Trump,Ramaswamy,DeSantis,Haley,Pence,Christie,Youngkin,Hurd,Scott,Elder,Hutchinson,Burgum,Suarez
0.568215,Trump,Hutchinson,Pence,Haley,Suarez,Ramaswamy,Christie,Hurd,Scott,Youngkin,Elder,Burgum,DeSantis
1.18741,DeSantis,Haley,Scott,Trump,Burgum,Ramaswamy,Christie,Pence,Youngkin,Hutchinson,Hurd,Suarez,Elder
0.828187,Haley,Elder,Scott,Youngkin,Hurd,Hutchinson,Burgum,Suarez,Ramaswamy,Christie,Pence,DeSantis,Trump
0.988169,Ramaswamy,Christie,Hurd,Suarez,Hutchinson,DeSantis,Haley,Elder,Trump,Pence,Youngkin,Scott,Burgum
0.557598,Christie,Elder,Suarez,Burgum,Hurd,Youngkin,Hutchinson,Scott,Haley,Pence,Ramaswamy,DeSantis,Trump
0.708142,Trump,DeSantis,Ramaswamy,Pence,Suarez,Christie,Haley,Scott,Hurd,Hutchinson,Youngkin,Burgum,Elder
1.114478,Trump,Pence,Ramaswamy,Scott,Christie,DeSantis,Haley,Elder,Burgum,Youngkin,Suarez,Hutchinson,Hurd
1.379506,Trump,DeSantis,Ramaswamy,Scott,Elder,Haley,Hutchinson,Burgum,Youngkin,Hurd,Suarez,Pence,Christie
0.875626,Ramaswamy,Christie,Haley,Pence,Hurd,Scott,Elder,DeSantis,Youngkin,Trump,Hutchinson,Burgum,Suarez
1.158692,Trump,Ramaswamy,Suarez,Haley,Christie,Pence,Scott,Elder,Burgum,DeSantis,Hurd,Hutchinson,Youngkin
0.857098,Trump,DeSantis,Pence,Christie,Scott,Hurd,Haley,Hutchinson,Burgum,Ramaswamy,Elder,Youngkin,Suarez
0.660157,DeSantis,Haley,Pence,Scott,Trump,Youngkin,Hutchinson,Elder,Ramaswamy,Burgum,Suarez,Christie,Hurd
1.017577,Trump,Haley,Scott,Ramaswamy,DeSantis,Burgum,Pence,Hurd,Youngkin,Elder,Suarez,Hutchinson,Christie
1.000625,Christie,Ramaswamy,Haley,Scott,Elder,Youngkin,Suarez,Pence,Burgum,Hutchinson,Hurd,DeSantis,Trump
1.281476,Ramaswamy,Scott,Haley,Pence,DeSantis,Burgum,Youngkin,Hurd,Trump,Hutchinson,Suarez,Christie,Elder
0.670254,Hutchinson,Elder,Suarez,Hurd,Scott,Youngkin,Christie,Pence,Ramaswamy,Haley,Burgum,DeSantis,Trump
0.65782,Ramaswamy,Pence,Haley,DeSantis,Hurd,Scott,Suarez,Trump,Hutchinson,Burgum,Christie,Elder,Youngkin
0.564481,DeSantis,Youngkin,Christie,Haley,Burgum,Scott,Hurd,Elder,Hutchinson,Suarez,Ramaswamy,Pence,Trump
0.56361,Trump,Scott,DeSantis,Elder,Hurd,Burgum,Youngkin,Pence,Ramaswamy,Suarez,Hutchinson,Haley,Christie
1.314392,Trump,DeSantis,Scott,Pence,Youngkin,Burgum,Haley,Ramaswamy,Christie,Elder,Hutchinson,Suarez,Hurd
0.526889,Ramaswamy,DeSantis,Pence,Trump,Christie,Elder,Burgum,Hurd,Scott,Youngkin,Suarez,Hutchinson,Haley
1.158692,Hutchinson,Christie,Hurd,Burgum,Pence,Scott,Haley,Suarez,Youngkin,Elder,DeSantis,Ramaswamy,Trump
0.56361,Trump,Scott,DeSantis,Elder,Hurd,Burgum,Youngkin,Pence,Ramaswamy,Suarez,Hutchinson,Haley,Christie
0.671534,Scott,Pence,Trump,Suarez,Haley,Elder,Christie,Hutchinson,Youngkin,DeSantis,Burgum,Hurd,Ramaswamy
0.840329,Trump,Burgum,Elder,Hurd,Ramaswamy,Scott,Youngkin,Pence,Haley,DeSantis,Christie,Suarez,Hutchinson
1.478149,Haley,Christie,DeSantis,Pence,Youngkin,Scott,Elder,Burgum,Hutchinson,Trump,Suarez,Hurd,Ramaswamy
1.086363,Pence,Christie,Hutchinson,Haley,Elder,Scott,Burgum,Youngkin,Ramaswamy,Suarez,Trump,Hurd,DeSantis
1.068725,Trump,Pence,DeSantis,Christie,Burgum,Youngkin,Hurd,Scott,Ramaswamy,Suarez,Hutchinson,Haley,Elder
2.040183,Trump,DeSantis,Christie,Haley,Elder,Ramaswamy,Scott,Burgum,Suarez,Hurd,Youngkin,Hutchinson,Pence
1.051336,Christie,Haley,Trump,Scott,Hutchinson,Elder,DeSantis,Hurd,Burgum,Suarez,Youngkin,Ramaswamy,Pence
0.649364,Ramaswamy,Suarez,DeSantis,Burgum,Pence,Hutchinson,Scott,Elder,Hurd,Haley,Youngkin,Trump,Christie
0.901839,Trump,Ramaswamy,Haley,Hurd,DeSantis,Scott,Christie,Suarez,Hutchinson,Elder,Youngkin,Pence,Burgum
1.376605,Trump,DeSantis,Ramaswamy,Scott,Christie,Pence,Haley,Hurd,Youngkin,Hutchinson,Suarez,Elder,Burgum
0.729306,Ramaswamy,Burgum,Haley,Christie,Scott,DeSantis,Elder,Hurd,Suarez,Hutchinson,Youngkin,Pence,Trump
0.768818,Ramaswamy,DeSantis,Haley,Burgum,Scott,Christie,Youngkin,Hutchinson,Hurd,Elder,Suarez,Pence,Trump
1.533806,Trump,Ramaswamy,DeSantis,Haley,Scott,Christie,Pence,Suarez,Youngkin,Elder,Hurd,Burgum,Hutchinson
1.122006,Trump,Scott,Haley,Ramaswamy,DeSantis,Pence,Christie,Burgum,Youngkin,Hurd,Suarez,Hutchinson,Elder
0.932463,Trump,Pence,Youngkin,Hurd,Scott,Burgum,Hutchinson,Elder,Haley,Christie,Suarez,DeSantis,Ramaswamy
1.629188,Trump,Elder,DeSantis,Scott,Ramaswamy,Haley,Suarez,Burgum,Youngkin,Pence,Hutchinson,Hurd,Christie
0.516129,Trump,DeSantis,Scott,Haley,Ramaswamy,Youngkin,Pence,Suarez,Hurd,Hutchinson,Burgum,Elder,Christie
1.308647,Trump,Ramaswamy,DeSantis,Pence,Haley,Burgum,Scott,Suarez,Hutchinson,Elder,Hurd,Youngkin,Christie
0.650804,Trump,Christie,Ramaswamy,Elder,Burgum,Hurd,DeSantis,Scott,Haley,Youngkin,Suarez,Hutchinson,Pence
0.970759,Youngkin,Pence,Christie,Haley,Scott,Hutchinson,DeSantis,Ramaswamy,Suarez,Elder,Hurd,Trump,Burgum
1.533806,Trump,Ramaswamy,DeSantis,Haley,Scott,Christie,Pence,Suarez,Youngkin,Elder,Hurd,Burgum,Hutchinson
1.04502,Suarez,Haley,Christie,Hutchinson,Elder,Pence,Burgum,Hurd,Scott,Youngkin,DeSantis,Ramaswamy,Trump
0.779605,Trump,Pence,Elder,DeSantis,Scott,Hutchinson,Haley,Suarez,Ramaswamy,Hurd,Youngkin,Burgum,Christie
1.611159,Trump,Ramaswamy,Scott,DeSantis,Haley,Youngkin,Pence,Elder,Suarez,Burgum,Hurd,Hutchinson,Christie
1.753818,Ramaswamy,Christie,DeSantis,Pence,Haley,Trump,Scott,Youngkin,Hutchinson,Burgum,Elder,Hurd,Suarez
1.372707,Christie,Pence,DeSantis,Ramaswamy,Elder,Scott,Hurd,Youngkin,Hutchinson,Haley,Suarez,Burgum,Trump
0.660172,DeSantis,Ramaswamy,Suarez,Burgum,Elder,Haley,Pence,Christie,Hutchinson,Hurd,Scott,Youngkin,Trump
0.681832,Trump,Ramaswamy,DeSantis,Scott,Elder,Youngkin,Burgum,Hurd,Suarez,Hutchinson,Haley,Pence,Christie
0.879255,Trump,Ramaswamy,Christie,Elder,Haley,Scott,Suarez,Burgum,Hurd,Hutchinson,Youngkin,DeSantis,Pence
1.048733,Pence,Haley,Ramaswamy,Christie,Scott,Hutchinson,DeSantis,Burgum,Hurd,Elder,Youngkin,Suarez,Trump
1.164009,Ramaswamy,DeSantis,Christie,Haley,Hutchinson,Suarez,Youngkin,Hurd,Burgum,Elder,Scott,Pence,Trump
0.6612,Ramaswamy,Pence,DeSantis,Burgum,Youngkin,Hutchinson,Hurd,Christie,Suarez,Scott,Haley,Elder,Trump
0.92613,Ramaswamy,DeSantis,Pence,Hurd,Haley,Youngkin,Hutchinson,Suarez,Burgum,Trump,Elder,Scott,Christie
1.669118,Trump,DeSantis,Youngkin,Pence,Hurd,Elder,Hutchinson,Suarez,Ramaswamy,Haley,Christie,Scott,Burgum
0.91927,Trump,Pence,Scott,Burgum,Hurd,Elder,Christie,DeSantis,Youngkin,Ramaswamy,Suarez,Hutchinson,Haley
1.112621,Trump,DeSantis,Ramaswamy,Haley,Scott,Pence,Hurd,Youngkin,Elder,Christie,Burgum,Hutchinson,Suarez
0.901839,Trump,Ramaswamy,Pence,DeSantis,Suarez,Burgum,Hutchinson,Hurd,Youngkin,Christie,Scott,Elder,Haley
1.478149,Ramaswamy,Pence,DeSantis,Scott,Haley,Hurd,Burgum,Suarez,Elder,Hutchinson,Youngkin,Christie,Trump
0.614214,Scott,Burgum,Hutchinson,Haley,Christie,Suarez,Youngkin,Hurd,Ramaswamy,Elder,DeSantis,Pence,Trump
0.916252,DeSantis,Haley,Scott,Christie,Ramaswamy,Pence,Burgum,Hutchinson,Hurd,Elder,Suarez,Youngkin,Trump
0.636425,Trump,DeSantis,Pence,Haley,Christie,Youngkin,Ramaswamy,Hurd,Burgum,Scott,Suarez,Elder,Hutchinson
1.15048,DeSantis,Ramaswamy,Trump,Christie,Scott,Pence,Burgum,Elder,Hutchinson,Youngkin,Hurd,Haley,Suarez
0.827631,Trump,Ramaswamy,Hutchinson,Christie,Burgum,Elder,Hurd,Scott,Haley,DeSantis,Suarez,Youngkin,Pence
0.823528,Ramaswamy,Scott,Haley,Suarez,Elder,Burgum,Youngkin,Hutchinson,Hurd,Christie,Pence,DeSantis,Trump
1.206101,Christie,Haley,Scott,Burgum,Hutchinson,Youngkin,Suarez,Hurd,Elder,Pence,Ramaswamy,DeSantis,Trump
0.6612,Ramaswamy,Pence,DeSantis,Burgum,Youngkin,Hutchinson,Hurd,Christie,Suarez,Scott,Haley,Elder,Trump
0.779605,Trump,Pence,Elder,DeSantis,Scott,Hutchinson,Haley,Suarez,Ramaswamy,Hurd,Youngkin,Burgum,Christie
1.120393,Trump,Ramaswamy,Haley,DeSantis,Scott,Burgum,Youngkin,Pence,Christie,Elder,Suarez,Hurd,Hutchinson
2.313415,Trump,DeSantis,Ramaswamy,Burgum,Haley,Hutchinson,Scott,Youngkin,Pence,Hurd,Suarez,Elder,Christie
1.297088,Christie,Haley,Youngkin,Burgum,Hutchinson,Elder,Suarez,Hurd,DeSantis,Scott,Ramaswamy,Pence,Trump
0.972281,Trump,DeSantis,Ramaswamy,Scott,Pence,Elder,Suarez,Burgum,Youngkin,Hutchinson,Hurd,Haley,Christie
0.636425,Trump,Haley,Ramaswamy,Youngkin,Hurd,Pence,Hutchinson,Elder,Suarez,Christie,Burgum,Scott,DeSantis
0.888483,Trump,Ramaswamy,Elder,Youngkin,Hutchinson,Suarez,Scott,Hurd,Burgum,Pence,DeSantis,Haley,Christie
0.73399,Scott,Ramaswamy,DeSantis,Haley,Hurd,Suarez,Burgum,Elder,Youngkin,Christie,Pence,Trump,Hutchinson
1.247329,Scott,Youngkin,Elder,Hutchinson,Burgum,Hurd,Christie,Haley,Pence,Trump,DeSantis,Suarez,Ramaswamy
1.167786,Trump,Pence,DeSantis,Scott,Ramaswamy,Haley,Burgum,Christie,Hutchinson,Elder,Suarez,Youngkin,Hurd
0.839544,Trump,Scott,Ramaswamy,Elder,Haley,Youngkin,Suarez,Hutchinson,Burgum,Hurd,DeSantis,Pence,Christie
0.639186,Ramaswamy,Elder,Suarez,Hurd,Christie,Youngkin,Pence,Burgum,Hutchinson,Scott,Haley,Trump,DeSantis
0.838528,Trump,DeSantis,Ramaswamy,Pence,Youngkin,Elder,Haley,Hurd,Hutchinson,Suarez,Burgum,Scott,Christie
1.04502,Christie,Hutchinson,Scott,Pence,Hurd,Youngkin,Haley,Burgum,Elder,Suarez,Ramaswamy,DeSantis,Trump
0.798657,Trump,Scott,DeSantis,Haley,Ramaswamy,Christie,Elder,Hurd,Youngkin,Suarez,Burgum,Hutchinson,Pence
0.823528,Haley,Hutchinson,DeSantis,Pence,Christie,Scott,Ramaswamy,Suarez,Hurd,Burgum,Elder,Youngkin,Trump
0.867089,DeSantis,Ramaswamy,Trump,Scott,Pence,Elder,Burgum,Youngkin,Hurd,Suarez,Haley,Hutchinson,Christie
1.245109,DeSantis,Trump,Ramaswamy,Haley,Scott,Burgum,Youngkin,Elder,Pence,Suarez,Hurd,Hutchinson,Christie
1.629188,Ramaswamy,Haley,Scott,Pence,Christie,Suarez,Elder,Burgum,Hutchinson,Youngkin,Hurd,DeSantis,Trump
1.134561,Trump,Ramaswamy,DeSantis,Scott,Haley,Elder,Pence,Christie,Youngkin,Hutchinson,Hurd,Burgum,Suarez
1.297088,Christie,Haley,Youngkin,Burgum,Hutchinson,Elder,Suarez,Hurd,DeSantis,Scott,Ramaswamy,Pence,Trump
1.297777,Christie,Haley,Ramaswamy,Pence,Hutchinson,Youngkin,Scott,Burgum,Suarez,Hurd,DeSantis,Elder,Trump
0.785097,Trump,Ramaswamy,DeSantis,Youngkin,Haley,Hutchinson,Elder,Scott,Hurd,Burgum,Pence,Christie,Suarez
1.376605,Trump,DeSantis,Scott,Ramaswamy,Pence,Hutchinson,Youngkin,Burgum,Hurd,Suarez,Haley,Christie,Elder
0.516129,Trump,Pence,Ramaswamy,DeSantis,Haley,Christie,Youngkin,Scott,Hutchinson,Suarez,Elder,Burgum,Hurd
0.557598,Christie,Elder,Suarez,Burgum,Hurd,Youngkin,Hutchinson,Scott,Haley,Pence,Ramaswamy,DeSantis,Trump
1.103994,Ramaswamy,DeSantis,Trump,Haley,Christie,Scott,Burgum,Pence,Youngkin,Hurd,Hutchinson,Elder,Suarez
1.312363,Trump,DeSantis,Haley,Pence,Ramaswamy,Scott,Youngkin,Elder,Hutchinson,Burgum,Hurd,Suarez,Christie
1.219104,DeSantis,Trump,Haley,Scott,Hutchinson,Pence,Elder,Ramaswamy,Suarez,Burgum,Youngkin,Hurd,Christie
0.892157,Christie,Haley,Hutchinson,Pence,Scott,Hurd,Burgum,Suarez,Trump,DeSantis,Elder,Youngkin,Ramaswamy
0.826713,Ramaswamy,Haley,Christie,Scott,Youngkin,Burgum,DeSantis,Pence,Trump,Elder,Suarez,Hurd,Hutchinson
0.688082,DeSantis,Ramaswamy,Trump,Hurd,Elder,Christie,Scott,Haley,Suarez,Burgum,Pence,Youngkin,Hutchinson
0.903189,Haley,Pence,Ramaswamy,Scott,Elder,Suarez,Youngkin,Burgum,DeSantis,Christie,Hurd,Hutchinson,Trump
0.671534,Ramaswamy,Trump,DeSantis,Haley,Pence,Scott,Christie,Burgum,Hutchinson,Elder,Youngkin,Suarez,Hurd
1.134561,Haley,Christie,Scott,Burgum,Hutchinson,Suarez,Youngkin,Hurd,Pence,Elder,DeSantis,Ramaswamy,Trump
0.932822,Trump,Ramaswamy,DeSantis,Scott,Haley,Elder,Suarez,Pence,Hurd,Burgum,Hutchinson,Youngkin,Christie
1.249847,Trump,Pence,Ramaswamy,Youngkin,DeSantis,Elder,Hutchinson,Suarez,Hurd,Haley,Christie,Burgum,Scott
0.516129,Trump,DeSantis,Scott,Haley,Ramaswamy,Youngkin,Pence,Suarez,Hurd,Hutchinson,Burgum,Elder,Christie
0.991915,Ramaswamy,Christie,Scott,Burgum,Hutchinson,Hurd,Youngkin,Haley,Suarez,Elder,Pence,DeSantis,Trump
1.103994,Ramaswamy,DeSantis,Trump,Haley,Christie,Scott,Burgum,Pence,Youngkin,Hurd,Hutchinson,Elder,Suarez
1.15048,Hurd,Pence,DeSantis,Ramaswamy,Burgum,Scott,Youngkin,Suarez,Hutchinson,Elder,Haley,Christie,Trump
0.867089,Trump,Pence,Ramaswamy,DeSantis,Elder,Hurd,Suarez,Haley,Burgum,Christie,Youngkin,Hutchinson,Scott
1.379506,Trump,DeSantis,Ramaswamy,Scott,Elder,Haley,Hutchinson,Burgum,Youngkin,Hurd,Suarez,Pence,Christie
0.903768,Pence,Haley,DeSantis,Scott,Ramaswamy,Youngkin,Suarez,Burgum,Elder,Hutchinson,Hurd,Christie,Trump
1.134561,DeSantis,Trump,Ramaswamy,Haley,Elder,Pence,Scott,Christie,Burgum,Hutchinson,Youngkin,Hurd,Suarez
0.960016,Trump,Ramaswamy,DeSantis,Burgum,Scott,Elder,Haley,Hurd,Suarez,Youngkin,Pence,Hutchinson,Christie
1.164009,Christie,Haley,DeSantis,Scott,Ramaswamy,Youngkin,Pence,Burgum,Hutchinson,Hurd,Suarez,Elder,Trump
1.18741,Ramaswamy,Scott,Haley,Pence,Burgum,Hurd,Suarez,Hutchinson,Christie,Youngkin,Elder,DeSantis,Trump
1.275187,Trump,DeSantis,Burgum,Ramaswamy,Haley,Christie,Scott,Youngkin,Pence,Hutchinson,Hurd,Suarez,Elder
1.669118,Trump,DeSantis,Haley,Scott,Ramaswamy,Pence,Youngkin,Burgum,Christie,Elder,Suarez,Hurd,Hutchinson
1.249847,Trump,Pence,Ramaswamy,Youngkin,DeSantis,Elder,Hutchinson,Suarez,Hurd,Haley,Christie,Burgum,Scott
0.901839,Trump,Ramaswamy,Pence,DeSantis,Suarez,Burgum,Hutchinson,Hurd,Youngkin,Christie,Scott,Elder,Haley
0.851323,DeSantis,Ramaswamy,Haley,Trump,Youngkin,Suarez,Elder,Hurd,Scott,Hutchinson,Pence,Christie,Burgum
0.614352,Scott,Haley,Hurd,Pence,Hutchinson,Burgum,Suarez,Christie,Youngkin,Trump,Ramaswamy,Elder,DeSantis
1.048733,Trump,DeSantis,Pence,Scott,Christie,Haley,Burgum,Ramaswamy,Suarez,Elder,Youngkin,Hutchinson,Hurd
1.299495,Trump,DeSantis,Ramaswamy,Scott,Pence,Haley,Christie,Burgum,Elder,Suarez,Hurd,Youngkin,Hutchinson
0.890183,Trump,Ramaswamy,Haley,Elder,Pence,Scott,Youngkin,Christie,Hurd,Burgum,Suarez,DeSantis,Hutchinson
1.247329,Trump,Ramaswamy,DeSantis,Christie,Haley,Hutchinson,Youngkin,Hurd,Suarez,Scott,Burgum,Elder,Pence
0.577422,Ramaswamy,DeSantis,Scott,Trump,Haley,Youngkin,Burgum,Pence,Elder,Suarez,Christie,Hutchinson,Hurd
1.314392,Trump,DeSantis,Ramaswamy,Hutchinson,Haley,Pence,Burgum,Youngkin,Christie,Hurd,Scott,Elder,Suarez
1.132141,Trump,Ramaswamy,Haley,Hutchinson,Scott,Hurd,Christie,DeSantis,Burgum,Youngkin,Pence,Suarez,Elder
0.888483,Trump,Ramaswamy,Elder,Youngkin,Hutchinson,Suarez,Scott,Hurd,Burgum,Pence,DeSantis,Haley,Christie
1.317598,Trump,DeSantis,Haley,Scott,Ramaswamy,Pence,Elder,Youngkin,Hutchinson,Burgum,Hurd,Suarez,Christie
0.660157,Trump,Ramaswamy,DeSantis,Haley,Scott,Elder,Pence,Hutchinson,Hurd,Christie,Youngkin,Suarez,Burgum
1.679312,Pence,Haley,Scott,Ramaswamy,DeSantis,Christie,Burgum,Elder,Suarez,Hutchinson,Youngkin,Hurd,Trump
0.741903,Trump,Ramaswamy,Hutchinson,Scott,Hurd,Pence,Christie,Burgum,Elder,Suarez,Youngkin,Haley,DeSantis
0.932463,Trump,DeSantis,Haley,Ramaswamy,Youngkin,Scott,Hurd,Suarez,Burgum,Elder,Pence,Christie,Hutchinson
1.270672,DeSantis,Trump,Haley,Ramaswamy,Scott,Youngkin,Pence,Hurd,Burgum,Hutchinson,Elder,Christie,Suarez
1.278245,Trump,Youngkin,Scott,DeSantis,Haley,Ramaswamy,Pence,Burgum,Hurd,Elder,Christie,Hutchinson,Suarez
0.917948,DeSantis,Trump,Haley,Youngkin,Scott,Burgum,Hutchinson,Elder,Hurd,Pence,Suarez,Ramaswamy,Christie
1.478149,Trump,DeSantis,Haley,Ramaswamy,Youngkin,Scott,Hutchinson,Burgum,Pence,Hurd,Elder,Christie,Suarez
1.134561,Trump,Ramaswamy,DeSantis,Scott,Haley,Elder,Pence,Christie,Youngkin,Hutchinson,Hurd,Burgum,Suarez
1.317598,Trump,DeSantis,Ramaswamy,Youngkin,Haley,Elder,Suarez,Hurd,Hutchinson,Burgum,Christie,Scott,Pence
1.271577,DeSantis,Ramaswamy,Trump,Haley,Scott,Pence,Hutchinson,Burgum,Youngkin,Elder,Suarez,Christie,Hurd
0.621594,Trump,Hurd,Elder,Christie,Pence,Hutchinson,Haley,Youngkin,Burgum,DeSantis,Scott,Suarez,Ramaswamy
1.478149,Trump,DeSantis,Haley,Ramaswamy,Youngkin,Scott,Hutchinson,Burgum,Pence,Hurd,Elder,Christie,Suarez
0.73399,Trump,DeSantis,Ramaswamy,Pence,Christie,Haley,Scott,Youngkin,Elder,Hutchinson,Burgum,Suarez,Hurd
1.049608,Ramaswamy,Scott,Pence,DeSantis,Haley,Christie,Youngkin,Hutchinson,Elder,Suarez,Burgum,Hurd,Trump
0.886527,Trump,DeSantis,Ramaswamy,Suarez,Hutchinson,Youngkin,Scott,Hurd,Burgum,Elder,Haley,Christie,Pence
1.308647,Haley,Pence,DeSantis,Elder,Youngkin,Christie,Hutchinson,Hurd,Scott,Burgum,Suarez,Trump,Ramaswamy
1.117221,Trump,DeSantis,Ramaswamy,Haley,Youngkin,Christie,Elder,Burgum,Hutchinson,Suarez,Hurd,Scott,Pence
1.180376,DeSantis,Trump,Ramaswamy,Haley,Scott,Youngkin,Elder,Hutchinson,Suarez,Hurd,Burgum,Christie,Pence
0.867089,DeSantis,Ramaswamy,Trump,Scott,Pence,Elder,Burgum,Youngkin,Hurd,Suarez,Haley,Hutchinson,Christie
0.63756,Trump,Haley,Hutchinson,Scott,Christie,Youngkin,DeSantis,Pence,Ramaswamy,Elder,Burgum,Hurd,Suarez
1.207837,Ramaswamy,DeSantis,Trump,Scott,Pence,Youngkin,Hutchinson,Haley,Elder,Christie,Hurd,Suarez,Burgum
0.930194,Trump,Elder,DeSantis,Haley,Burgum,Suarez,Hurd,Ramaswamy,Hutchinson,Christie,Youngkin,Scott,Pence
0.95828,Trump,Ramaswamy,Pence,DeSantis,Haley,Burgum,Elder,Suarez,Scott,Youngkin,Hutchinson,Christie,Hurd
0.925859,Pence,Christie,Youngkin,Hurd,Elder,Haley,Suarez,Ramaswamy,Hutchinson,DeSantis,Scott,Burgum,Trump
1.312363,Christie,Haley,Scott,Pence,Youngkin,Hutchinson,Ramaswamy,Elder,Hurd,Suarez,DeSantis,Burgum,Trump
1.188226,Pence,Ramaswamy,Trump,Haley,Scott,Christie,Elder,Burgum,Hurd,Suarez,Youngkin,Hutchinson,DeSantis
2.480722,Trump,Haley,DeSantis,Pence,Ramaswamy,Elder,Hutchinson,Burgum,Suarez,Hurd,Christie,Scott,Youngkin
1.188226,Trump,DeSantis,Haley,Pence,Christie,Hutchinson,Elder,Hurd,Ramaswamy,Youngkin,Burgum,Scott,Suarez
0.709101,Trump,DeSantis,Pence,Haley,Ramaswamy,Hurd,Suarez,Youngkin,Scott,Elder,Christie,Hutchinson,Burgum
0.837753,Trump,Ramaswamy,DeSantis,Pence,Scott,Suarez,Burgum,Youngkin,Haley,Christie,Hurd,Hutchinson,Elder
1.503597,Ramaswamy,Trump,Hutchinson,Suarez,Hurd,Burgum,Youngkin,Scott,Haley,Pence,DeSantis,Christie,Elder
1.424811,Haley,Christie,Burgum,Hutchinson,Hurd,Elder,Suarez,Youngkin,Scott,DeSantis,Ramaswamy,Pence,Trump
0.46163,Trump,Ramaswamy,Scott,Pence,Suarez,Hutchinson,Youngkin,Burgum,Elder,DeSantis,Haley,Hurd,Christie
0.846648,Trump,Ramaswamy,Pence,DeSantis,Christie,Burgum,Scott,Haley,Hutchinson,Youngkin,Suarez,Hurd,Elder
0.760085,Pence,Burgum,Elder,Hurd,Youngkin,Hutchinson,Haley,DeSantis,Christie,Scott,Suarez,Ramaswamy,Trump
1.017577,Trump,Haley,Scott,Ramaswamy,DeSantis,Burgum,Pence,Hurd,Youngkin,Elder,Suarez,Hutchinson,Christie
0.854256,Trump,Ramaswamy,DeSantis,Haley,Youngkin,Scott,Suarez,Elder,Hurd,Hutchinson,Burgum,Christie,Pence
0.837753,Trump,Ramaswamy,DeSantis,Scott,Christie,Haley,Suarez,Youngkin,Hutchinson,Pence,Burgum,Elder,Hurd
0.488072,Trump,Pence,Ramaswamy,DeSantis,Elder,Hurd,Youngkin,Suarez,Burgum,Hutchinson,Scott,Haley,Christie
0.968363,Ramaswamy,Scott,Haley,DeSantis,Pence,Christie,Hurd,Burgum,Youngkin,Elder,Suarez,Hutchinson,Trump
0.825865,Trump,Pence,DeSantis,Ramaswamy,Haley,Scott,Youngkin,Elder,Burgum,Hutchinson,Hurd,Suarez,Christie
0.65782,Ramaswamy,Pence,Haley,DeSantis,Hurd,Scott,Suarez,Trump,Hutchinson,Burgum,Christie,Elder,Youngkin
1.002393,Hurd,Hutchinson,Burgum,Scott,Youngkin,Suarez,Haley,Ramaswamy,Elder,DeSantis,Christie,Pence,Trump
1.270672,Trump,DeSantis,Ramaswamy,Christie,Pence,Haley,Scott,Hutchinson,Elder,Youngkin,Suarez,Hurd,Burgum
1.299495,Haley,DeSantis,Youngkin,Trump,Scott,Burgum,Ramaswamy,Hutchinson,Christie,Pence,Elder,Hurd,Suarez
0.805183,Ramaswamy,Trump,Pence,Christie,Hurd,DeSantis,Hutchinson,Suarez,Elder,Youngkin,Haley,Burgum,Scott
0.805183,Ramaswamy,Trump,Pence,Christie,Hurd,DeSantis,Hutchinson,Suarez,Elder,Youngkin,Haley,Burgum,Scott
1.180031,Trump,DeSantis,Ramaswamy,Pence,Christie,Scott,Elder,Hutchinson,Hurd,Haley,Burgum,Suarez,Youngkin
0.839544,Ramaswamy,DeSantis,Christie,Haley,Hutchinson,Burgum,Suarez,Hurd,Youngkin,Scott,Elder,Pence,Trump
0.747966,Christie,Haley,Hurd,Hutchinson,Ramaswamy,Scott,Youngkin,Burgum,Elder,Suarez,Pence,DeSantis,Trump
0.708142,Elder,Scott,Haley,Pence,Suarez,Ramaswamy,Hurd,Burgum,DeSantis,Youngkin,Hutchinson,Trump,Christie
1.068725,Trump,DeSantis,Ramaswamy,Elder,Scott,Pence,Hurd,Youngkin,Haley,Hutchinson,Burgum,Christie,Suarez
1.281476,Trump,Ramaswamy,DeSantis,Haley,Scott,Hutchinson,Elder,Youngkin,Burgum,Suarez,Pence,Christie,Hurd
0.63756,Trump,DeSantis,Scott,Haley,Christie,Youngkin,Hurd,Suarez,Elder,Burgum,Ramaswamy,Pence,Hutchinson
1.339645,Scott,Ramaswamy,Haley,Pence,Christie,DeSantis,Hutchinson,Hurd,Suarez,Youngkin,Burgum,Elder,Trump
0.697987,Trump,DeSantis,Haley,Scott,Ramaswamy,Youngkin,Elder,Hutchinson,Suarez,Hurd,Burgum,Pence,Christie
0.557598,Christie,Elder,Suarez,Burgum,Hurd,Youngkin,Hutchinson,Scott,Haley,Pence,Ramaswamy,DeSantis,Trump
1.247329,DeSantis,Youngkin,Haley,Scott,Elder,Suarez,Hutchinson,Burgum,Ramaswamy,Hurd,Trump,Pence,Christie
0.901839,Trump,Pence,Ramaswamy,DeSantis,Hurd,Christie,Burgum,Youngkin,Scott,Suarez,Elder,Haley,Hutchinson
0.888483,Trump,Ramaswamy,Elder,Youngkin,Hutchinson,Suarez,Scott,Hurd,Burgum,Pence,DeSantis,Haley,Christie
0.577422,Ramaswamy,DeSantis,Scott,Trump,Haley,Youngkin,Burgum,Pence,Elder,Suarez,Christie,Hutchinson,Hurd
0.636425,Trump,DeSantis,Pence,Haley,Christie,Youngkin,Ramaswamy,Hurd,Burgum,Scott,Suarez,Elder,Hutchinson
0.681832,DeSantis,Trump,Pence,Elder,Christie,Hurd,Youngkin,Ramaswamy,Hutchinson,Scott,Haley,Burgum,Suarez
1.372707,Trump,Pence,DeSantis,Haley,Christie,Scott,Burgum,Hurd,Elder,Suarez,Youngkin,Hutchinson,Ramaswamy
1.219104,DeSantis,Trump,Ramaswamy,Haley,Scott,Elder,Youngkin,Pence,Suarez,Burgum,Hurd,Christie,Hutchinson
0.819929,Trump,Ramaswamy,Haley,DeSantis,Christie,Elder,Suarez,Hurd,Burgum,Youngkin,Hutchinson,Scott,Pence
1.018243,Ramaswamy,Pence,Trump,Haley,Burgum,Elder,Youngkin,DeSantis,Hutchinson,Scott,Christie,Hurd,Suarez
0.577129,DeSantis,Ramaswamy,Trump,Pence,Christie,Hurd,Elder,Hutchinson,Suarez,Scott,Youngkin,Haley,Burgum
1.084801,Ramaswamy,Haley,Christie,Burgum,Hutchinson,Elder,Scott,Pence,DeSantis,Youngkin,Hurd,Suarez,Trump
0.564481,DeSantis,Youngkin,Christie,Haley,Burgum,Scott,Hurd,Elder,Hutchinson,Suarez,Ramaswamy,Pence,Trump
0.805183,Trump,DeSantis,Haley,Scott,Ramaswamy,Pence,Burgum,Elder,Youngkin,Christie,Hutchinson,Suarez,Hurd
0.949777,Trump,DeSantis,Burgum,Scott,Elder,Hurd,Youngkin,Haley,Hutchinson,Suarez,Ramaswamy,Pence,Christie
1.376605,Christie,Hutchinson,Scott,Elder,Youngkin,Suarez,Hurd,Burgum,Haley,Pence,Ramaswamy,DeSantis,Trump
1.131761,Trump,Ramaswamy,DeSantis,Christie,Haley,Scott,Pence,Burgum,Elder,Youngkin,Hutchinson,Hurd,Suarez
1.049608,Ramaswamy,Scott,Pence,DeSantis,Haley,Christie,Youngkin,Hutchinson,Elder,Suarez,Burgum,Hurd,Trump
0.901839,Trump,Ramaswamy,Haley,Hurd,DeSantis,Scott,Christie,Suarez,Hutchinson,Elder,Youngkin,Pence,Burgum
0.825865,Ramaswamy,Trump,DeSantis,Christie,Haley,Scott,Burgum,Elder,Hurd,Youngkin,Hutchinson,Pence,Suarez
0.661349,DeSantis,Ramaswamy,Scott,Suarez,Hutchinson,Hurd,Elder,Burgum,Christie,Youngkin,Haley,Pence,Trump
0.649364,DeSantis,Scott,Youngkin,Hutchinson,Haley,Hurd,Ramaswamy,Christie,Elder,Burgum,Trump,Pence,Suarez
0.787886,Trump,DeSantis,Suarez,Hurd,Burgum,Pence,Scott,Haley,Elder,Hutchinson,Youngkin,Christie,Ramaswamy
0.828187,Haley,Elder,Scott,Youngkin,Hurd,Hutchinson,Burgum,Suarez,Ramaswamy,Christie,Pence,DeSantis,Trump
0.466606,Haley,Christie,Hurd,Scott,Elder,Ramaswamy,Pence,Suarez,Burgum,Youngkin,DeSantis,Hutchinson,Trump
0.636425,Trump,DeSantis,Ramaswamy,Pence,Haley,Christie,Elder,Burgum,Hutchinson,Suarez,Hurd,Scott,Youngkin
2.045976,Ramaswamy,Trump,DeSantis,Youngkin,Haley,Elder,Scott,Hurd,Hutchinson,Suarez,Burgum,Pence,Christie
1.567187,Trump,Pence,Hurd,DeSantis,Burgum,Elder,Scott,Youngkin,Hutchinson,Ramaswamy,Christie,Suarez,Haley
0.516129,Trump,Ramaswamy,DeSantis,Pence,Hurd,Haley,Youngkin,Scott,Christie,Suarez,Elder,Hutchinson,Burgum
0.517975,DeSantis,Trump,Christie,Ramaswamy,Hutchinson,Burgum,Youngkin,Pence,Hurd,Suarez,Haley,Scott,Elder
0.886527,Christie,Suarez,DeSantis,Hutchinson,Hurd,Elder,Scott,Youngkin,Pence,Haley,Burgum,Ramaswamy,Trump
0.639186,Pence,Scott,Haley,Ramaswamy,DeSantis,Trump,Burgum,Youngkin,Suarez,Elder,Hurd,Hutchinson,Christie
1.056898,Trump,Ramaswamy,Haley,Scott,DeSantis,Pence,Elder,Youngkin,Hurd,Hutchinson,Burgum,Suarez,Christie
1.086363,Trump,DeSantis,Elder,Ramaswamy,Scott,Burgum,Haley,Youngkin,Suarez,Hurd,Hutchinson,Pence,Christie
0.929519,Christie,Haley,Burgum,Suarez,Elder,Hurd,Hutchinson,Youngkin,Scott,Ramaswamy,DeSantis,Trump,Pence
0.567195,Trump,Ramaswamy,Christie,Hurd,Haley,Pence,Youngkin,DeSantis,Elder,Suarez,Burgum,Scott,Hutchinson
1.275187,Pence,Ramaswamy,DeSantis,Scott,Christie,Burgum,Hurd,Elder,Haley,Youngkin,Hutchinson,Suarez,Trump
1.400831,Ramaswamy,Christie,Pence,DeSantis,Haley,Elder,Scott,Youngkin,Suarez,Hutchinson,Hurd,Burgum,Trump
0.839544,Ramaswamy,Haley,Pence,Scott,Elder,Hurd,Suarez,Youngkin,Hutchinson,Burgum,Christie,DeSantis,Trump
0.929519,Christie,Haley,Ramaswamy,DeSantis,Scott,Pence,Youngkin,Burgum,Hutchinson,Suarez,Hurd,Elder,Trump
1.278245,Trump,Youngkin,Scott,DeSantis,Haley,Ramaswamy,Pence,Burgum,Hurd,Elder,Christie,Hutchinson,Suarez
0.654717,Trump,Ramaswamy,Christie,Scott,Hutchinson,Suarez,Elder,Burgum,Pence,DeSantis,Hurd,Youngkin,Haley
0.779605,Trump,Ramaswamy,DeSantis,Hurd,Pence,Christie,Haley,Scott,Youngkin,Suarez,Burgum,Hutchinson,Elder
0.781276,Pence,Scott,Burgum,Haley,Elder,Hurd,Youngkin,Suarez,Christie,DeSantis,Hutchinson,Ramaswamy,Trump
1.049608,Christie,Elder,Hutchinson,Suarez,Hurd,Burgum,Youngkin,Haley,Ramaswamy,Scott,Pence,DeSantis,Trump
1.017577,Trump,Haley,Scott,Ramaswamy,DeSantis,Burgum,Pence,Hurd,Youngkin,Elder,Suarez,Hutchinson,Christie
0.996977,Trump,DeSantis,Haley,Ramaswamy,Scott,Burgum,Youngkin,Elder,Hurd,Hutchinson,Suarez,Christie,Pence
0.767178,Trump,DeSantis,Hutchinson,Suarez,Elder,Scott,Ramaswamy,Christie,Pence,Burgum,Youngkin,Hurd,Haley
0.64247,Trump,Haley,Suarez,Elder,Pence,Scott,Hutchinson,DeSantis,Hurd,Christie,Youngkin,Burgum,Ramaswamy
0.996977,Haley,Scott,Christie,Pence,DeSantis,Hutchinson,Burgum,Hurd,Elder,Youngkin,Suarez,Ramaswamy,Trump
0.837753,Trump,DeSantis,Ramaswamy,Scott,Elder,Burgum,Youngkin,Hurd,Suarez,Pence,Haley,Hutchinson,Christie
0.762857,Trump,DeSantis,Ramaswamy,Pence,Christie,Haley,Burgum,Scott,Hutchinson,Hurd,Elder,Youngkin,Suarez
1.04502,Christie,Haley,Burgum,Youngkin,Hutchinson,Hurd,Pence,Scott,Elder,Ramaswamy,DeSantis,Suarez,Trump
0.708142,Trump,DeSantis,Ramaswamy,Scott,Pence,Hurd,Burgum,Suarez,Hutchinson,Elder,Christie,Youngkin,Haley
2.040183,Ramaswamy,DeSantis,Trump,Pence,Hurd,Hutchinson,Elder,Burgum,Scott,Suarez,Haley,Youngkin,Christie
1.048733,Trump,DeSantis,Christie,Haley,Scott,Ramaswamy,Youngkin,Hutchinson,Burgum,Elder,Hurd,Suarez,Pence
0.812586,Trump,DeSantis,Pence,Hutchinson,Hurd,Haley,Christie,Ramaswamy,Youngkin,Burgum,Scott,Suarez,Elder
0.819929,Ramaswamy,Trump,DeSantis,Haley,Christie,Pence,Scott,Hurd,Suarez,Youngkin,Elder,Hutchinson,Burgum
2.045976,DeSantis,Haley,Scott,Ramaswamy,Trump,Burgum,Youngkin,Pence,Elder,Hutchinson,Suarez,Hurd,Christie
0.901839,Trump,Ramaswamy,Haley,Hurd,DeSantis,Scott,Christie,Suarez,Hutchinson,Elder,Youngkin,Pence,Burgum
1.342131,Trump,DeSantis,Haley,Scott,Pence,Ramaswamy,Burgum,Hutchinson,Youngkin,Elder,Suarez,Christie,Hurd
1.215652,Scott,Christie,Haley,DeSantis,Pence,Ramaswamy,Hurd,Youngkin,Burgum,Hutchinson,Elder,Suarez,Trump
0.650804,Trump,Christie,Ramaswamy,Elder,Burgum,Hurd,DeSantis,Scott,Haley,Youngkin,Suarez,Hutchinson,Pence
0.762857,Trump,DeSantis,Ramaswamy,Pence,Christie,Haley,Burgum,Scott,Hutchinson,Hurd,Elder,Youngkin,Suarez
1.217557,Christie,Haley,Hutchinson,Youngkin,Burgum,Hurd,Elder,Scott,Suarez,Pence,DeSantis,Ramaswamy,Trump
0.722173,Trump,Ramaswamy,DeSantis,Hutchinson,Hurd,Suarez,Pence,Elder,Christie,Scott,Youngkin,Haley,Burgum
0.960016,Haley,Trump,Scott,Ramaswamy,Pence,Suarez,DeSantis,Christie,Elder,Youngkin,Burgum,Hutchinson,Hurd
0.621594,Trump,Hurd,Elder,Christie,Pence,Hutchinson,Haley,Youngkin,Burgum,DeSantis,Scott,Suarez,Ramaswamy
1.120393,Haley,DeSantis,Elder,Christie,Pence,Scott,Ramaswamy,Burgum,Hutchinson,Suarez,Youngkin,Trump,Hurd
0.792237,Trump,DeSantis,Scott,Ramaswamy,Elder,Youngkin,Christie,Burgum,Pence,Suarez,Hurd,Hutchinson,Haley
0.56361,Christie,Hutchinson,Burgum,Elder,Haley,Hurd,Suarez,Scott,Pence,Youngkin,Ramaswamy,DeSantis,Trump
0.888483,Trump,Ramaswamy,Elder,Youngkin,Hutchinson,Suarez,Scott,Hurd,Burgum,Pence,DeSantis,Haley,Christie
1.002609,Trump,DeSantis,Ramaswamy,Elder,Burgum,Scott,Haley,Youngkin,Suarez,Hurd,Pence,Hutchinson,Christie
0.719616,Youngkin,Ramaswamy,Haley,Suarez,DeSantis,Hurd,Hutchinson,Elder,Pence,Scott,Christie,Burgum,Trump
1.134561,Haley,Christie,Ramaswamy,Pence,Trump,Hurd,Hutchinson,Youngkin,Burgum,Suarez,Scott,Elder,DeSantis
1.308647,Haley,Pence,DeSantis,Elder,Youngkin,Christie,Hutchinson,Hurd,Scott,Burgum,Suarez,Trump,Ramaswamy
0.996977,Trump,Pence,Ramaswamy,Scott,Youngkin,Elder,Hurd,Burgum,Hutchinson,Suarez,Christie,Haley,DeSantis
1.002609,Trump,Scott,Haley,DeSantis,Ramaswamy,Pence,Christie,Elder,Youngkin,Hutchinson,Suarez,Hurd,Burgum
1.278245,Trump,Youngkin,Scott,DeSantis,Haley,Ramaswamy,Pence,Burgum,Hurd,Elder,Christie,Hutchinson,Suarez
1.679312,Pence,Haley,Scott,Ramaswamy,DeSantis,Christie,Burgum,Elder,Suarez,Hutchinson,Youngkin,Hurd,Trump
2.045976,Ramaswamy,Trump,DeSantis,Youngkin,Haley,Elder,Scott,Hurd,Hutchinson,Suarez,Burgum,Pence,Christie
1.217557,Christie,Haley,Hutchinson,Youngkin,Burgum,Hurd,Elder,Scott,Suarez,Pence,DeSantis,Ramaswamy,Trump
1.033456,Haley,Scott,Pence,Christie,Burgum,Trump,Hutchinson,Hurd,Youngkin,Suarez,Elder,Ramaswamy,DeSantis
1.396313,Christie,Burgum,Hurd,Hutchinson,Suarez,Elder,Youngkin,Haley,Pence,Scott,Ramaswamy,DeSantis,Trump
0.786484,Trump,Ramaswamy,Scott,Hurd,Burgum,DeSantis,Elder,Suarez,Hutchinson,Youngkin,Haley,Christie,Pence
2.313415,Trump,DeSantis,Ramaswamy,Burgum,Haley,Hutchinson,Scott,Youngkin,Pence,Hurd,Suarez,Elder,Christie
0.639186,Hutchinson,Pence,Haley,Ramaswamy,Youngkin,Christie,Elder,Trump,Scott,DeSantis,Hurd,Suarez,Burgum
1.627319,DeSantis,Christie,Haley,Pence,Ramaswamy,Burgum,Scott,Suarez,Youngkin,Hutchinson,Elder,Hurd,Trump
0.65782,Ramaswamy,Haley,Hutchinson,Pence,Youngkin,Burgum,Elder,Suarez,Hurd,Christie,Scott,DeSantis,Trump
0.621594,Trump,DeSantis,Ramaswamy,Scott,Youngkin,Elder,Burgum,Haley,Suarez,Christie,Pence,Hutchinson,Hurd
1.056898,Trump,Ramaswamy,Haley,Scott,DeSantis,Pence,Elder,Youngkin,Hurd,Hutchinson,Burgum,Suarez,Christie
1.215652,Trump,DeSantis,Youngkin,Pence,Haley,Ramaswamy,Scott,Burgum,Elder,Hurd,Suarez,Hutchinson,Christie
0.886527,Trump,Ramaswamy,Haley,DeSantis,Pence,Youngkin,Hutchinson,Elder,Suarez,Hurd,Burgum,Scott,Christie
1.826138,Trump,Ramaswamy,Elder,DeSantis,Youngkin,Burgum,Suarez,Christie,Haley,Hurd,Hutchinson,Scott,Pence
0.826713,Ramaswamy,Haley,Christie,Scott,Youngkin,Burgum,DeSantis,Pence,Trump,Elder,Suarez,Hurd,Hutchinson
1.048733,Trump,DeSantis,Pence,Scott,Christie,Haley,Burgum,Ramaswamy,Suarez,Elder,Youngkin,Hutchinson,Hurd
1.134561,Trump,Ramaswamy,Haley,Elder,Scott,Youngkin,Pence,Hutchinson,Suarez,DeSantis,Christie,Burgum,Hurd
0.671534,Scott,Pence,Trump,Suarez,Haley,Elder,Christie,Hutchinson,Youngkin,DeSantis,Burgum,Hurd,Ramaswamy
1.048733,Trump,DeSantis,Christie,Haley,Scott,Ramaswamy,Youngkin,Hutchinson,Burgum,Elder,Hurd,Suarez,Pence
2.670492,Christie,Haley,Burgum,Hutchinson,Scott,Suarez,Hurd,Youngkin,Elder,DeSantis,Pence,Ramaswamy,Trump
1.033456,DeSantis,Trump,Haley,Scott,Pence,Burgum,Youngkin,Ramaswamy,Elder,Christie,Hutchinson,Hurd,Suarez
0.962767,Haley,Pence,DeSantis,Youngkin,Scott,Hurd,Elder,Hutchinson,Suarez,Burgum,Christie,Trump,Ramaswamy
1.360419,DeSantis,Ramaswamy,Scott,Youngkin,Trump,Burgum,Haley,Pence,Suarez,Hurd,Hutchinson,Christie,Elder
0.640195,Trump,DeSantis,Pence,Scott,Haley,Ramaswamy,Christie,Hurd,Elder,Hutchinson,Burgum,Suarez,Youngkin
1.50968,Trump,DeSantis,Pence,Ramaswamy,Burgum,Haley,Hutchinson,Elder,Youngkin,Scott,Hurd,Suarez,Christie
1.81136,Trump,DeSantis,Haley,Pence,Youngkin,Suarez,Burgum,Scott,Elder,Hurd,Christie,Hutchinson,Ramaswamy
0.851323,Ramaswamy,Haley,DeSantis,Christie,Scott,Burgum,Hurd,Pence,Suarez,Hutchinson,Elder,Youngkin,Trump
0.93342,Trump,Pence,Hutchinson,Scott,DeSantis,Burgum,Ramaswamy,Elder,Hurd,Youngkin,Christie,Suarez,Haley
0.798657,Trump,Haley,Ramaswamy,DeSantis,Scott,Hutchinson,Pence,Elder,Burgum,Youngkin,Hurd,Suarez,Christie
2.728993,Haley,Christie,Youngkin,Scott,Burgum,Ramaswamy,DeSantis,Pence,Hutchinson,Suarez,Hurd,Elder,Trump
0.58281,Haley,Trump,Suarez,Scott,Youngkin,Burgum,Elder,Christie,Hurd,Hutchinson,Pence,Ramaswamy,DeSantis
0.510624,Christie,Hurd,Youngkin,Pence,Scott,Burgum,Elder,Suarez,Haley,Hutchinson,Ramaswamy,Trump,DeSantis
0.839544,Ramaswamy,DeSantis,Christie,Haley,Hutchinson,Burgum,Suarez,Hurd,Youngkin,Scott,Elder,Pence,Trump
1.218747,Trump,DeSantis,Pence,Ramaswamy,Christie,Scott,Haley,Burgum,Elder,Suarez,Hurd,Hutchinson,Youngkin
1.084045,Trump,Haley,Burgum,DeSantis,Youngkin,Scott,Elder,Suarez,Hutchinson,Ramaswamy,Pence,Hurd,Christie
0.670254,Trump,DeSantis,Pence,Elder,Hurd,Burgum,Hutchinson,Youngkin,Scott,Haley,Suarez,Ramaswamy,Christie
1.345458,Haley,Ramaswamy,Suarez,Christie,Hutchinson,Scott,Youngkin,Burgum,Hurd,Elder,DeSantis,Pence,Trump
0.564481,DeSantis,Youngkin,Christie,Haley,Burgum,Scott,Hurd,Elder,Hutchinson,Suarez,Ramaswamy,Pence,Trump
1.049608,Trump,Ramaswamy,Scott,Haley,Elder,DeSantis,Pence,Burgum,Hurd,Youngkin,Hutchinson,Christie,Suarez
0.614352,Scott,Haley,Hurd,Pence,Hutchinson,Burgum,Suarez,Christie,Youngkin,Trump,Ramaswamy,Elder,DeSantis
0.837116,Scott,Suarez,Haley,Youngkin,DeSantis,Pence,Hutchinson,Ramaswamy,Burgum,Hurd,Christie,Elder,Trump
0.970759,Trump,Ramaswamy,Youngkin,DeSantis,Haley,Elder,Scott,Burgum,Hurd,Suarez,Hutchinson,Pence,Christie
0.899895,Trump,Ramaswamy,Scott,Elder,Youngkin,Haley,DeSantis,Hutchinson,Burgum,Suarez,Hurd,Pence,Christie
0.667953,Trump,Ramaswamy,Haley,DeSantis,Christie,Scott,Pence,Hutchinson,Burgum,Elder,Suarez,Hurd,Youngkin
1.376605,Trump,DeSantis,Ramaswamy,Scott,Christie,Pence,Haley,Hurd,Youngkin,Hutchinson,Suarez,Elder,Burgum
1.117221,Trump,DeSantis,Ramaswamy,Haley,Youngkin,Christie,Elder,Burgum,Hutchinson,Suarez,Hurd,Scott,Pence
1.559977,Trump,Ramaswamy,DeSantis,Scott,Haley,Elder,Youngkin,Hutchinson,Burgum,Hurd,Suarez,Pence,Christie
0.826818,DeSantis,Burgum,Scott,Ramaswamy,Hurd,Trump,Haley,Christie,Hutchinson,Elder,Pence,Suarez,Youngkin
1.299495,Trump,DeSantis,Ramaswamy,Scott,Pence,Haley,Christie,Burgum,Elder,Suarez,Hurd,Youngkin,Hutchinson
0.729306,Ramaswamy,Burgum,Haley,Christie,Scott,DeSantis,Elder,Hurd,Suarez,Hutchinson,Youngkin,Pence,Trump
0.798657,Trump,Scott,Haley,Pence,Burgum,Youngkin,DeSantis,Ramaswamy,Elder,Suarez,Hutchinson,Christie,Hurd
2.480722,Trump,Haley,DeSantis,Pence,Ramaswamy,Elder,Hutchinson,Burgum,Suarez,Hurd,Christie,Scott,Youngkin
0.636425,Trump,DeSantis,Pence,Haley,Christie,Youngkin,Ramaswamy,Hurd,Burgum,Scott,Suarez,Elder,Hutchinson
0.767178,Pence,Haley,Elder,Scott,Burgum,Hurd,Christie,Youngkin,DeSantis,Suarez,Ramaswamy,Hutchinson,Trump
0.488072,Trump,Pence,Ramaswamy,DeSantis,Elder,Hurd,Youngkin,Suarez,Burgum,Hutchinson,Scott,Haley,Christie
0.792237,DeSantis,Haley,Youngkin,Pence,Scott,Suarez,Ramaswamy,Elder,Hurd,Hutchinson,Burgum,Trump,Christie
1.180031,Trump,DeSantis,Haley,Christie,Scott,Hutchinson,Suarez,Burgum,Youngkin,Ramaswamy,Pence,Elder,Hurd
0.851323,Trump,Ramaswamy,Christie,Youngkin,Haley,Pence,Elder,Hurd,Scott,Hutchinson,DeSantis,Burgum,Suarez
1.079307,Trump,Ramaswamy,DeSantis,Haley,Youngkin,Christie,Scott,Pence,Burgum,Elder,Suarez,Hurd,Hutchinson
1.247329,Trump,Ramaswamy,DeSantis,Christie,Haley,Hutchinson,Youngkin,Hurd,Suarez,Scott,Burgum,Elder,Pence
0.888483,Trump,Ramaswamy,Pence,Youngkin,DeSantis,Scott,Burgum,Haley,Hurd,Elder,Hutchinson,Christie,Suarez
1.696369,Trump,DeSantis,Ramaswamy,Scott,Youngkin,Suarez,Hutchinson,Burgum,Hurd,Elder,Christie,Haley,Pence
1.004181,Trump,Ramaswamy,Scott,Burgum,Hutchinson,Christie,Youngkin,DeSantis,Elder,Haley,Suarez,Hurd,Pence
1.360419,DeSantis,Ramaswamy,Scott,Youngkin,Trump,Burgum,Haley,Pence,Suarez,Hurd,Hutchinson,Christie,Elder
0.800433,Trump,DeSantis,Ramaswamy,Pence,Scott,Elder,Haley,Burgum,Hurd,Youngkin,Christie,Hutchinson,Suarez
1.018243,Ramaswamy,Pence,Trump,Haley,Burgum,Elder,Youngkin,DeSantis,Hutchinson,Scott,Christie,Hurd,Suarez
1.033456,Trump,Ramaswamy,Haley,DeSantis,Scott,Youngkin,Elder,Burgum,Pence,Hurd,Hutchinson,Suarez,Christie
0.81114,Ramaswamy,Trump,Elder,DeSantis,Haley,Youngkin,Burgum,Scott,Hurd,Suarez,Hutchinson,Pence,Christie
1.137748,Trump,Ramaswamy,Scott,Haley,Burgum,Hutchinson,Christie,Hurd,Elder,Suarez,Youngkin,DeSantis,Pence
0.791835,Scott,Youngkin,Hurd,Christie,Pence,DeSantis,Suarez,Ramaswamy,Haley,Hutchinson,Elder,Burgum,Trump
1.237454,Trump,Pence,Christie,Burgum,Hurd,Scott,Haley,Elder,DeSantis,Youngkin,Suarez,Hutchinson,Ramaswamy
1.215652,Trump,DeSantis,Youngkin,Pence,Haley,Ramaswamy,Scott,Burgum,Elder,Hurd,Suarez,Hutchinson,Christie
1.297777,Christie,Haley,Ramaswamy,Pence,Hutchinson,Youngkin,Scott,Burgum,Suarez,Hurd,DeSantis,Elder,Trump
0.901839,Trump,Pence,Ramaswamy,DeSantis,Hurd,Christie,Burgum,Youngkin,Scott,Suarez,Elder,Haley,Hutchinson
0.687217,Trump,Ramaswamy,DeSantis,Haley,Scott,Pence,Suarez,Youngkin,Burgum,Hutchinson,Elder,Christie,Hurd
0.555612,DeSantis,Trump,Pence,Scott,Christie,Elder,Youngkin,Burgum,Ramaswamy,Hutchinson,Hurd,Suarez,Haley
0.567195,Trump,Hurd,Elder,Ramaswamy,Christie,Youngkin,Pence,Hutchinson,Haley,Burgum,Suarez,DeSantis,Scott
1.334956,Ramaswamy,Pence,Hurd,Scott,Elder,Youngkin,Haley,Christie,DeSantis,Burgum,Suarez,Hutchinson,Trump
0.650804,Ramaswamy,Trump,Haley,Hutchinson,Youngkin,Suarez,Burgum,Elder,Hurd,Christie,Pence,Scott,DeSantis
0.773286,Christie,Scott,Haley,Elder,Ramaswamy,Hurd,Pence,Youngkin,Hutchinson,Suarez,DeSantis,Trump,Burgum
0.672156,Trump,Pence,DeSantis,Christie,Haley,Youngkin,Ramaswamy,Burgum,Scott,Hurd,Hutchinson,Suarez,Elder
0.826818,DeSantis,Burgum,Scott,Ramaswamy,Hurd,Trump,Haley,Christie,Hutchinson,Elder,Pence,Suarez,Youngkin
1.134561,Haley,Christie,Scott,Burgum,Hutchinson,Suarez,Youngkin,Hurd,Pence,Elder,DeSantis,Ramaswamy,Trump
0.587057,Elder,Scott,Youngkin,Suarez,Ramaswamy,Haley,Hurd,Hutchinson,Burgum,Christie,Pence,DeSantis,Trump
1.546149,DeSantis,Haley,Ramaswamy,Scott,Trump,Pence,Elder,Burgum,Youngkin,Christie,Hutchinson,Hurd,Suarez
0.58281,Trump,Haley,Elder,Ramaswamy,DeSantis,Pence,Suarez,Youngkin,Hutchinson,Hurd,Scott,Christie,Burgum
0.741903,Ramaswamy,Christie,Elder,Youngkin,DeSantis,Burgum,Haley,Scott,Hurd,Pence,Suarez,Hutchinson,Trump
1.379548,DeSantis,Trump,Ramaswamy,Youngkin,Haley,Burgum,Scott,Elder,Christie,Pence,Hutchinson,Hurd,Suarez
1.086363,Trump,DeSantis,Ramaswamy,Elder,Scott,Hutchinson,Suarez,Hurd,Haley,Youngkin,Pence,Burgum,Christie
0.660172,Hurd,Hutchinson,Haley,Scott,Burgum,Christie,Suarez,Elder,Pence,Youngkin,Ramaswamy,DeSantis,Trump
0.930194,Trump,Elder,DeSantis,Haley,Burgum,Suarez,Hurd,Ramaswamy,Hutchinson,Christie,Youngkin,Scott,Pence
1.261425,Hurd,Suarez,Haley,Hutchinson,Christie,Burgum,Scott,Youngkin,Pence,Ramaswamy,Elder,DeSantis,Trump
2.102951,Christie,Haley,Hutchinson,Scott,Hurd,Youngkin,Suarez,Burgum,Elder,DeSantis,Pence,Ramaswamy,Trump
0.960016,Trump,Ramaswamy,DeSantis,Haley,Youngkin,Hutchinson,Burgum,Suarez,Hurd,Elder,Scott,Pence,Christie
0.658711,DeSantis,Haley,Trump,Ramaswamy,Christie,Pence,Scott,Burgum,Elder,Hurd,Suarez,Youngkin,Hutchinson
1.376605,Haley,Christie,Elder,Hutchinson,Hurd,Youngkin,Burgum,Pence,Scott,Suarez,Ramaswamy,DeSantis,Trump
1.04502,Scott,Christie,Trump,Ramaswamy,Haley,Suarez,Youngkin,Hurd,Hutchinson,Pence,Burgum,Elder,DeSantis
1.424811,Haley,Christie,Burgum,Hutchinson,Hurd,Elder,Suarez,Youngkin,Scott,DeSantis,Ramaswamy,Pence,Trump
1.629188,Trump,Elder,DeSantis,Scott,Ramaswamy,Haley,Suarez,Burgum,Youngkin,Pence,Hutchinson,Hurd,Christie
1.396313,Christie,Burgum,Hurd,Hutchinson,Suarez,Elder,Youngkin,Haley,Pence,Scott,Ramaswamy,DeSantis,Trump
0.81114,Christie,DeSantis,Scott,Suarez,Haley,Hurd,Trump,Hutchinson,Burgum,Pence,Elder,Ramaswamy,Youngkin
0.903768,DeSantis,Trump,Scott,Youngkin,Burgum,Pence,Elder,Hurd,Hutchinson,Suarez,Haley,Ramaswamy,Christie
0.747966,Pence,Trump,Ramaswamy,Scott,Haley,Suarez,Hutchinson,DeSantis,Christie,Elder,Youngkin,Burgum,Hurd
1.180031,Trump,DeSantis,Haley,Christie,Scott,Hutchinson,Suarez,Burgum,Youngkin,Ramaswamy,Pence,Elder,Hurd
1.312363,DeSantis,Trump,Scott,Youngkin,Haley,Pence,Hutchinson,Christie,Elder,Ramaswamy,Hurd,Suarez,Burgum
1.281476,Ramaswamy,Scott,Haley,Pence,DeSantis,Burgum,Youngkin,Hurd,Trump,Hutchinson,Suarez,Christie,Elder
1.679312,Pence,Haley,Scott,Ramaswamy,DeSantis,Christie,Burgum,Elder,Suarez,Hutchinson,Youngkin,Hurd,Trump
1.218747,Christie,DeSantis,Elder,Scott,Ramaswamy,Haley,Hutchinson,Hurd,Youngkin,Suarez,Pence,Trump,Burgum
1.103994,Christie,Pence,Haley,Hutchinson,Hurd,Suarez,Burgum,Elder,Youngkin,Scott,Ramaswamy,DeSantis,Trump
1.15048,DeSantis,Ramaswamy,Trump,Christie,Scott,Pence,Burgum,Elder,Hutchinson,Youngkin,Hurd,Haley,Suarez
1.122006,Ramaswamy,Christie,Scott,Elder,Pence,Hurd,Youngkin,Hutchinson,Burgum,Haley,Suarez,DeSantis,Trump
0.868636,Trump,Ramaswamy,Pence,Scott,Suarez,Burgum,Hurd,DeSantis,Youngkin,Christie,Elder,Hutchinson,Haley
2.202489,DeSantis,Trump,Ramaswamy,Scott,Pence,Youngkin,Hutchinson,Elder,Hurd,Suarez,Burgum,Christie,Haley
0.812586,Trump,DeSantis,Haley,Pence,Ramaswamy,Scott,Hutchinson,Burgum,Suarez,Youngkin,Christie,Hurd,Elder
1.376055,Trump,Ramaswamy,Pence,Haley,Elder,Youngkin,DeSantis,Scott,Hurd,Hutchinson,Suarez,Burgum,Christie
0.58281,Haley,Trump,Suarez,Scott,Youngkin,Burgum,Elder,Christie,Hurd,Hutchinson,Pence,Ramaswamy,DeSantis
0.781276,Pence,Scott,Burgum,Haley,Elder,Hurd,Youngkin,Suarez,Christie,DeSantis,Hutchinson,Ramaswamy,Trump
0.564615,Trump,Ramaswamy,Haley,DeSantis,Hurd,Pence,Scott,Christie,Burgum,Youngkin,Hutchinson,Suarez,Elder
1.753818,Trump,Ramaswamy,DeSantis,Elder,Scott,Youngkin,Haley,Hurd,Burgum,Suarez,Hutchinson,Christie,Pence
0.892157,Christie,Hutchinson,Hurd,Suarez,Youngkin,Elder,Burgum,Scott,Pence,Haley,DeSantis,Ramaswamy,Trump
0.853945,Burgum,Haley,Ramaswamy,Trump,DeSantis,Pence,Christie,Scott,Hutchinson,Youngkin,Hurd,Elder,Suarez
0.607662,Ramaswamy,Youngkin,Scott,Suarez,Burgum,Elder,Hurd,Hutchinson,Christie,Pence,Haley,DeSantis,Trump
0.806909,Trump,Ramaswamy,DeSantis,Suarez,Youngkin,Pence,Haley,Hutchinson,Burgum,Christie,Scott,Hurd,Elder
0.63756,Trump,Haley,Hutchinson,Scott,Christie,Youngkin,DeSantis,Pence,Ramaswamy,Elder,Burgum,Hurd,Suarez
1.165203,DeSantis,Haley,Ramaswamy,Pence,Scott,Youngkin,Christie,Burgum,Hurd,Hutchinson,Suarez,Elder,Trump
1.360419,DeSantis,Ramaswamy,Scott,Youngkin,Trump,Burgum,Haley,Pence,Suarez,Hurd,Hutchinson,Christie,Elder
0.837753,Christie,Hutchinson,Hurd,Pence,Haley,Burgum,Elder,Suarez,Youngkin,Scott,Ramaswamy,DeSantis,Trump
0.779609,Trump,DeSantis,Ramaswamy,Scott,Pence,Haley,Christie,Youngkin,Hutchinson,Elder,Burgum,Suarez,Hurd
1.261425,Hurd,Suarez,Haley,Hutchinson,Christie,Burgum,Scott,Youngkin,Pence,Ramaswamy,Elder,DeSantis,Trump
0.825865,Ramaswamy,Trump,DeSantis,Christie,Haley,Scott,Burgum,Elder,Hurd,Youngkin,Hutchinson,Pence,Suarez
1.669118,Ramaswamy,Trump,Scott,Burgum,Youngkin,Haley,Elder,Hurd,Suarez,Pence,DeSantis,Hutchinson,Christie
1.237454,Haley,Hurd,Burgum,Pence,Suarez,Elder,Christie,Scott,Youngkin,Ramaswamy,Hutchinson,Trump,DeSantis
0.720887,Trump,Scott,Ramaswamy,Haley,Elder,Youngkin,DeSantis,Hutchinson,Hurd,Pence,Suarez,Christie,Burgum
0.93342,Trump,Pence,Hutchinson,Scott,DeSantis,Burgum,Ramaswamy,Elder,Hurd,Youngkin,Christie,Suarez,Haley
1.22744,Haley,Scott,Pence,Burgum,Ramaswamy,Hutchinson,Youngkin,Hurd,Elder,Suarez,DeSantis,Christie,Trump
1.023323,Pence,DeSantis,Scott,Ramaswamy,Trump,Burgum,Haley,Christie,Hutchinson,Youngkin,Hurd,Elder,Suarez
1.045781,Trump,Ramaswamy,Scott,DeSantis,Haley,Elder,Hurd,Suarez,Hutchinson,Youngkin,Burgum,Pence,Christie
0.837116,Scott,Suarez,Haley,Youngkin,DeSantis,Pence,Hutchinson,Ramaswamy,Burgum,Hurd,Christie,Elder,Trump
0.806909,Trump,Ramaswamy,DeSantis,Suarez,Youngkin,Pence,Haley,Hutchinson,Burgum,Christie,Scott,Hurd,Elder
0.68511,Trump,Pence,Scott,Hutchinson,Hurd,Elder,Suarez,Burgum,Youngkin,Haley,Ramaswamy,DeSantis,Christie
1.221353,Trump,Scott,Haley,Elder,Burgum,Ramaswamy,Pence,DeSantis,Youngkin,Hutchinson,Hurd,Suarez,Christie
0.73399,Scott,Ramaswamy,DeSantis,Haley,Hurd,Suarez,Burgum,Elder,Youngkin,Christie,Pence,Trump,Hutchinson
0.91927,Trump,Pence,Scott,Burgum,Hurd,Elder,Christie,DeSantis,Youngkin,Ramaswamy,Suarez,Hutchinson,Haley
1.049608,Trump,Pence,Ramaswamy,Haley,Scott,DeSantis,Suarez,Hurd,Hutchinson,Youngkin,Elder,Burgum,Christie
1.079307,Ramaswamy,Trump,Haley,DeSantis,Pence,Burgum,Suarez,Elder,Hurd,Youngkin,Hutchinson,Scott,Christie
1.164009,Trump,DeSantis,Pence,Haley,Scott,Burgum,Ramaswamy,Christie,Youngkin,Hutchinson,Suarez,Hurd,Elder
1.166972,Ramaswamy,DeSantis,Haley,Pence,Hutchinson,Elder,Suarez,Hurd,Burgum,Scott,Youngkin,Christie,Trump
0.861664,Ramaswamy,Christie,Haley,Scott,Elder,Burgum,Hutchinson,Youngkin,Suarez,Hurd,Pence,DeSantis,Trump
1.04502,Scott,Christie,Trump,Ramaswamy,Haley,Suarez,Youngkin,Hurd,Hutchinson,Pence,Burgum,Elder,DeSantis
0.916252,Trump,DeSantis,Pence,Hurd,Burgum,Elder,Scott,Hutchinson,Haley,Suarez,Youngkin,Christie,Ramaswamy
1.103994,Christie,Ramaswamy,Haley,Suarez,Elder,Hurd,Burgum,Youngkin,Scott,Hutchinson,Pence,DeSantis,Trump
0.746623,Pence,Trump,Ramaswamy,Youngkin,Suarez,Hurd,Hutchinson,Christie,Elder,Burgum,DeSantis,Haley,Scott
0.917634,Trump,DeSantis,Pence,Ramaswamy,Burgum,Haley,Youngkin,Scott,Hurd,Hutchinson,Suarez,Christie,Elder
1.219104,DeSantis,Trump,Haley,Ramaswamy,Youngkin,Burgum,Hutchinson,Hurd,Scott,Suarez,Elder,Christie,Pence
0.81823,Hutchinson,Haley,Burgum,Youngkin,Christie,Ramaswamy,Scott,Pence,Suarez,Elder,Hurd,DeSantis,Trump
0.792237,Trump,Ramaswamy,DeSantis,Haley,Pence,Youngkin,Hutchinson,Scott,Elder,Hurd,Christie,Burgum,Suarez
1.299495,Trump,DeSantis,Ramaswamy,Scott,Pence,Haley,Christie,Burgum,Elder,Suarez,Hurd,Youngkin,Hutchinson
0.960016,Trump,Ramaswamy,DeSantis,Burgum,Scott,Elder,Haley,Hurd,Suarez,Youngkin,Pence,Hutchinson,Christie
1.308647,Haley,Pence,DeSantis,Elder,Hurd,Burgum,Youngkin,Hutchinson,Scott,Christie,Suarez,Trump,Ramaswamy
0.814982,DeSantis,Trump,Haley,Pence,Scott,Suarez,Elder,Burgum,Hurd,Ramaswamy,Youngkin,Christie,Hutchinson
0.839544,Ramaswamy,DeSantis,Christie,Haley,Hutchinson,Burgum,Suarez,Hurd,Youngkin,Scott,Elder,Pence,Trump
0.704801,Trump,Scott,Youngkin,Burgum,Ramaswamy,Hutchinson,Hurd,Elder,Suarez,DeSantis,Christie,Pence,Haley
0.729306,Ramaswamy,Burgum,Haley,Christie,Scott,DeSantis,Elder,Hurd,Suarez,Hutchinson,Youngkin,Pence,Trump
0.819929,Ramaswamy,Trump,Hutchinson,DeSantis,Pence,Scott,Suarez,Elder,Youngkin,Hurd,Burgum,Haley,Christie
1.188226,Trump,Ramaswamy,DeSantis,Pence,Scott,Haley,Hurd,Christie,Youngkin,Elder,Suarez,Burgum,Hutchinson
0.650804,Trump,Christie,Ramaswamy,Elder,Burgum,Hurd,DeSantis,Scott,Haley,Youngkin,Suarez,Hutchinson,Pence
0.798657,Trump,Haley,Ramaswamy,DeSantis,Scott,Hutchinson,Pence,Elder,Burgum,Youngkin,Hurd,Suarez,Christie
1.314392,Haley,Trump,DeSantis,Burgum,Pence,Christie,Scott,Youngkin,Hutchinson,Hurd,Ramaswamy,Suarez,Elder
1.18741,Ramaswamy,Scott,Haley,Pence,Burgum,Hurd,Suarez,Hutchinson,Christie,Youngkin,Elder,DeSantis,Trump
0.699231,Trump,DeSantis,Pence,Hutchinson,Scott,Burgum,Elder,Christie,Haley,Hurd,Youngkin,Suarez,Ramaswamy
0.960405,Christie,Haley,Ramaswamy,Burgum,Pence,Scott,Elder,Suarez,Hurd,Youngkin,Hutchinson,DeSantis,Trump
1.04502,Christie,Hutchinson,Scott,Pence,Hurd,Youngkin,Haley,Burgum,Elder,Suarez,Ramaswamy,DeSantis,Trump
1.218747,Trump,DeSantis,Pence,Ramaswamy,Christie,Scott,Haley,Burgum,Elder,Suarez,Hurd,Hutchinson,Youngkin
0.552991,Trump,DeSantis,Scott,Ramaswamy,Hutchinson,Haley,Christie,Youngkin,Hurd,Elder,Burgum,Suarez,Pence
1.002609,Christie,Haley,Suarez,Hutchinson,Pence,Burgum,Elder,Youngkin,Hurd,Scott,Ramaswamy,DeSantis,Trump
1.121883,Trump,DeSantis,Scott,Haley,Elder,Ramaswamy,Burgum,Suarez,Pence,Hurd,Youngkin,Hutchinson,Christie
0.970759,Trump,Ramaswamy,DeSantis,Scott,Elder,Hutchinson,Hurd,Pence,Youngkin,Burgum,Christie,Suarez,Haley
0.929519,Christie,Haley,Burgum,Suarez,Elder,Hurd,Hutchinson,Youngkin,Scott,Ramaswamy,DeSantis,Trump,Pence
0.932463,Trump,Pence,Youngkin,Hurd,Scott,Burgum,Hutchinson,Elder,Haley,Christie,Suarez,DeSantis,Ramaswamy
0.792237,Ramaswamy,Haley,Elder,Youngkin,Hutchinson,Burgum,Christie,Scott,Hurd,DeSantis,Suarez,Trump,Pence
0.743226,Trump,DeSantis,Haley,Ramaswamy,Scott,Burgum,Suarez,Hurd,Hutchinson,Youngkin,Pence,Elder,Christie
0.947572,Trump,DeSantis,Scott,Pence,Haley,Youngkin,Elder,Hurd,Burgum,Hutchinson,Ramaswamy,Christie,Suarez
0.890183,Trump,Ramaswamy,Haley,Elder,Pence,Scott,Youngkin,Christie,Hurd,Burgum,Suarez,DeSantis,Hutchinson
0.781276,Pence,Scott,Burgum,Haley,Elder,Hurd,Youngkin,Suarez,Christie,DeSantis,Hutchinson,Ramaswamy,Trump
0.960016,Trump,Ramaswamy,DeSantis,Haley,Youngkin,Hutchinson,Burgum,Suarez,Hurd,Elder,Scott,Pence,Christie
0.92613,Ramaswamy,DeSantis,Pence,Hurd,Haley,Youngkin,Hutchinson,Suarez,Burgum,Trump,Elder,Scott,Christie
1.122006,Ramaswamy,Christie,Scott,Elder,Pence,Hurd,Youngkin,Hutchinson,Burgum,Haley,Suarez,DeSantis,Trump
0.970759,Trump,Ramaswamy,Youngkin,DeSantis,Haley,Elder,Scott,Burgum,Hurd,Suarez,Hutchinson,Pence,Christie
1.218747,Christie,DeSantis,Elder,Scott,Ramaswamy,Haley,Hutchinson,Hurd,Youngkin,Suarez,Pence,Trump,Burgum
0.823528,Ramaswamy,Scott,Haley,Suarez,Elder,Burgum,Youngkin,Hutchinson,Hurd,Christie,Pence,DeSantis,Trump
0.960016,Trump,DeSantis,Ramaswamy,Scott,Youngkin,Elder,Haley,Burgum,Christie,Hurd,Hutchinson,Pence,Suarez
1.275187,Pence,Ramaswamy,DeSantis,Scott,Christie,Burgum,Hurd,Elder,Haley,Youngkin,Hutchinson,Suarez,Trump
0.839544,Ramaswamy,Haley,Pence,Scott,Elder,Hurd,Suarez,Youngkin,Hutchinson,Burgum,Christie,DeSantis,Trump
0.767178,Trump,DeSantis,Hutchinson,Suarez,Elder,Scott,Ramaswamy,Christie,Pence,Burgum,Youngkin,Hurd,Haley
1.314392,Hutchinson,Christie,Hurd,Suarez,Burgum,Youngkin,Haley,Scott,Pence,Ramaswamy,Elder,DeSantis,Trump
1.002393,Hurd,Hutchinson,Burgum,Scott,Youngkin,Suarez,Haley,Ramaswamy,Elder,DeSantis,Christie,Pence,Trump
1.068725,Trump,Pence,DeSantis,Christie,Burgum,Youngkin,Hurd,Scott,Ramaswamy,Suarez,Hutchinson,Haley,Elder
1.444802,Haley,Scott,Trump,Youngkin,Ramaswamy,DeSantis,Hutchinson,Pence,Burgum,Suarez,Hurd,Christie,Elder
0.867089,DeSantis,Ramaswamy,Trump,Scott,Pence,Elder,Burgum,Youngkin,Hurd,Suarez,Haley,Hutchinson,Christie
0.932463,Trump,Pence,Youngkin,Hurd,Scott,Burgum,Hutchinson,Elder,Haley,Christie,Suarez,DeSantis,Ramaswamy
1.122006,Trump,Haley,DeSantis,Youngkin,Burgum,Hurd,Hutchinson,Scott,Suarez,Elder,Pence,Christie,Ramaswamy
0.825865,Trump,Ramaswamy,Pence,DeSantis,Christie,Suarez,Youngkin,Haley,Hurd,Burgum,Elder,Scott,Hutchinson
1.180031,Trump,DeSantis,Ramaswamy,Pence,Christie,Scott,Elder,Hutchinson,Hurd,Haley,Burgum,Suarez,Youngkin
1.342131,Trump,DeSantis,Haley,Scott,Pence,Ramaswamy,Burgum,Hutchinson,Youngkin,Elder,Suarez,Christie,Hurd
