weight,rank1,rank2,rank3,rank4,rank5,rank6,rank7,rank8,rank9,rank10,rank11,rank12,rank13
1.166972,Trump,Ramaswamy,Suarez,Christie,Hurd,Youngkin,Elder,DeSantis,Scott,Haley,Burgum,Hutchinson,Pence
0.853945,Burgum,Haley,Ramaswamy,Trump,DeSantis,Pence,Christie,Scott,Hutchinson,Youngkin,Hurd,Elder,Suarez
1.546149,DeSantis,Haley,Ramaswamy,Scott,Trump,Pence,Elder,Burgum,Youngkin,Christie,Hutchinson,Hurd,Suarez
0.837116,Scott,Suarez,Haley,Youngkin,DeSantis,Pence,Hutchinson,Ramaswamy,Burgum,Hurd,Christie,Elder,Trump
1.679312,Trump,DeSantis,Haley,Ramaswamy,Pence,Hurd,Youngkin,Hutchinson,Burgum,Suarez,Elder,Scott,Christie
1.200697,Pence,Haley,Scott,DeSantis,Hutchinson,Burgum,Elder,Youngkin,Suarez,Trump,Hurd,Christie,Ramaswamy
1.444802,Haley,Scott,Trump,Youngkin,Ramaswamy,DeSantis,Hutchinson,Pence,Burgum,Suarez,Hurd,Christie,Elder
1.048733,Pence,Haley,Ramaswamy,Christie,Scott,Hutchinson,DeSantis,Burgum,Hurd,Elder,Youngkin,Suarez,Trump
1.132141,Ramaswamy,DeSantis,Trump,Scott,Haley,Pence,Burgum,Hutchinson,Elder,Christie,Hurd,Youngkin,Suarez
1.297777,Christie,Haley,Ramaswamy,Pence,Hutchinson,Youngkin,Scott,Burgum,Suarez,Hurd,DeSantis,Elder,Trump
0.960016,Trump,DeSantis,Ramaswamy,Scott,Youngkin,Elder,Haley,Burgum,Christie,Hurd,Hutchinson,Pence,Suarez
0.785097,Trump,Ramaswamy,DeSantis,Youngkin,Haley,Hutchinson,Elder,Scott,Hurd,Burgum,Pence,Christie,Suarez
1.478149,Christie,Hutchinson,Haley,Pence,Scott,Elder,Suarez,Youngkin,Hurd,Burgum,Ramaswamy,DeSantis,Trump
1.04502,Christie,Haley,Ramaswamy,Elder,Hutchinson,Scott,Hurd,Youngkin,Suarez,Burgum,Pence,DeSantis,Trump
0.612993,Trump,DeSantis,Pence,Ramaswamy,Christie,Haley,Scott,Burgum,Elder,Hutchinson,Suarez,Hurd,Youngkin
0.73399,Scott,Ramaswamy,DeSantis,Haley,Hurd,Suarez,Burgum,Elder,Youngkin,Christie,Pence,Trump,Hutchinson
0.960016,Youngkin,Haley,Christie,Trump,DeSantis,Scott,Pence,Hutchinson,Elder,Burgum,Suarez,Hurd,Ramaswamy
0.670254,Trump,DeSantis,Pence,Elder,Hurd,Burgum,Hutchinson,Youngkin,Scott,Haley,Suarez,Ramaswamy,Christie
0.903768,Pence,Haley,DeSantis,Scott,Ramaswamy,Youngkin,Suarez,Burgum,Elder,Hutchinson,Hurd,Christie,Trump
0.54534,Haley,Suarez,Christie,Elder,Scott,Burgum,Youngkin,Hurd,Hutchinson,Pence,Ramaswamy,Trump,DeSantis
1.308647,Haley,Pence,DeSantis,Elder,Hurd,Burgum,Youngkin,Hutchinson,Scott,Christie,Suarez,Trump,Ramaswamy
0.826713,Trump,DeSantis,Haley,Ramaswamy,Scott,Pence,Elder,Hurd,Burgum,Hutchinson,Youngkin,Suarez,Christie
2.313415,Trump,DeSantis,Ramaswamy,Burgum,Haley,Hutchinson,Scott,Youngkin,Pence,Hurd,Suarez,Elder,Christie
1.180376,DeSantis,Trump,Ramaswamy,Haley,Scott,Youngkin,Elder,Hutchinson,Suarez,Hurd,Burgum,Christie,Pence
0.792237,Ramaswamy,Haley,Elder,Youngkin,Hutchinson,Burgum,Christie,Scott,Hurd,DeSantis,Suarez,Trump,Pence
1.049608,Haley,Scott,DeSantis,Ramaswamy,Pence,Christie,Trump,Burgum,Hutchinson,Suarez,Elder,Hurd,Youngkin
1.079307,Ramaswamy,Trump,Haley,DeSantis,Pence,Burgum,Suarez,Elder,Hurd,Youngkin,Hutchinson,Scott,Christie
1.314392,Haley,Trump,DeSantis,Burgum,Pence,Christie,Scott,Youngkin,Hutchinson,Hurd,Ramaswamy,Suarez,Elder
0.879255,Trump,DeSantis,Ramaswamy,Scott,Haley,Burgum,Hurd,Pence,Elder,Hutchinson,Suarez,Youngkin,Christie
1.221353,Trump,Scott,Haley,Elder,Burgum,Ramaswamy,Pence,DeSantis,Youngkin,Hutchinson,Hurd,Suarez,Christie
1.261425,Trump,Christie,DeSantis,Haley,Pence,Burgum,Scott,Hutchinson,Elder,Hurd,Youngkin,Suarez,Ramaswamy
1.270672,DeSantis,Trump,Haley,Ramaswamy,Scott,Youngkin,Pence,Hurd,Burgum,Hutchinson,Elder,Christie,Suarez
0.899549,Ramaswamy,Pence,Haley,Christie,Scott,Youngkin,Trump,DeSantis,Elder,Burgum,Hutchinson,Hurd,Suarez
1.464488,Trump,DeSantis,Pence,Ramaswamy,Elder,Christie,Youngkin,Hurd,Scott,Suarez,Burgum,Hutchinson,Haley
0.670254,Trump,DeSantis,Pence,Elder,Hurd,Burgum,Hutchinson,Youngkin,Scott,Haley,Suarez,Ramaswamy,Christie
0.805183,Ramaswamy,Trump,Pence,Christie,Hurd,DeSantis,Hutchinson,Suarez,Elder,Youngkin,Haley,Burgum,Scott
1.131761,Trump,Ramaswamy,DeSantis,Christie,Haley,Scott,Pence,Burgum,Elder,Youngkin,Hutchinson,Hurd,Suarez
1.004181,Trump,Ramaswamy,DeSantis,Burgum,Christie,Youngkin,Scott,Suarez,Hutchinson,Elder,Pence,Hurd,Haley
1.122006,Trump,Haley,DeSantis,Youngkin,Burgum,Hurd,Hutchinson,Scott,Suarez,Elder,Pence,Christie,Ramaswamy
0.577422,Haley,Elder,Trump,Suarez,DeSantis,Pence,Youngkin,Burgum,Scott,Hutchinson,Ramaswamy,Hurd,Christie
0.690412,Trump,Ramaswamy,DeSantis,Pence,Scott,Elder,Hurd,Haley,Burgum,Suarez,Hutchinson,Christie,Youngkin
0.773286,DeSantis,Christie,Youngkin,Burgum,Elder,Suarez,Scott,Hurd,Haley,Hutchinson,Pence,Ramaswamy,Trump
0.901839,Trump,Pence,Ramaswamy,DeSantis,Hurd,Christie,Burgum,Youngkin,Scott,Suarez,Elder,Haley,Hutchinson
0.819929,Trump,Ramaswamy,Haley,DeSantis,Christie,Elder,Suarez,Hurd,Burgum,Youngkin,Hutchinson,Scott,Pence
0.751381,Ramaswamy,DeSantis,Scott,Burgum,Pence,Haley,Trump,Youngkin,Hutchinson,Christie,Suarez,Elder,Hurd
1.627319,Scott,Haley,Pence,Hutchinson,Burgum,Youngkin,Christie,Hurd,Elder,DeSantis,Suarez,Ramaswamy,Trump
0.886527,Christie,Suarez,DeSantis,Hutchinson,Hurd,Elder,Scott,Youngkin,Pence,Haley,Burgum,Ramaswamy,Trump
1.103994,Christie,Pence,Haley,Hutchinson,Hurd,Suarez,Burgum,Elder,Youngkin,Scott,Ramaswamy,DeSantis,Trump
1.049608,Haley,Scott,DeSantis,Ramaswamy,Pence,Christie,Trump,Burgum,Hutchinson,Suarez,Elder,Hurd,Youngkin
1.312363,Trump,DeSantis,Haley,Pence,Ramaswamy,Scott,Youngkin,Elder,Hutchinson,Burgum,Hurd,Suarez,Christie
1.278271,DeSantis,Scott,Trump,Ramaswamy,Haley,Pence,Hutchinson,Elder,Hurd,Suarez,Youngkin,Burgum,Christie
0.971058,Pence,Scott,Burgum,Hutchinson,Elder,Christie,Hurd,Haley,Ramaswamy,DeSantis,Youngkin,Suarez,Trump
0.970759,Trump,Haley,Scott,DeSantis,Ramaswamy,Burgum,Suarez,Elder,Youngkin,Hurd,Pence,Christie,Hutchinson
1.567187,Trump,Pence,Hurd,DeSantis,Burgum,Elder,Scott,Youngkin,Hutchinson,Ramaswamy,Christie,Suarez,Haley
1.207837,Pence,Scott,Burgum,Hurd,Ramaswamy,Youngkin,Hutchinson,Suarez,Elder,Haley,Christie,DeSantis,Trump
1.158692,Trump,Ramaswamy,Suarez,Haley,Christie,Pence,Scott,Elder,Burgum,DeSantis,Hurd,Hutchinson,Youngkin
0.825865,Trump,Pence,DeSantis,Ramaswamy,Haley,Scott,Youngkin,Elder,Burgum,Hutchinson,Hurd,Suarez,Christie
0.903189,Haley,Pence,Ramaswamy,Scott,Elder,Suarez,Youngkin,Burgum,DeSantis,Christie,Hurd,Hutchinson,Trump
0.592254,Trump,Haley,Hutchinson,Pence,Ramaswamy,DeSantis,Scott,Elder,Christie,Youngkin,Hurd,Suarez,Burgum
0.660172,Trump,Ramaswamy,DeSantis,Scott,Elder,Haley,Burgum,Youngkin,Hurd,Suarez,Hutchinson,Pence,Christie
0.925859,Trump,Pence,Ramaswamy,Hutchinson,DeSantis,Youngkin,Scott,Suarez,Elder,Burgum,Christie,Haley,Hurd
0.681832,DeSantis,Trump,Scott,Ramaswamy,Elder,Hurd,Youngkin,Burgum,Suarez,Hutchinson,Haley,Christie,Pence
0.854785,Pence,DeSantis,Christie,Ramaswamy,Haley,Elder,Scott,Hutchinson,Burgum,Suarez,Hurd,Youngkin,Trump
0.568215,Ramaswamy,Trump,DeSantis,Scott,Christie,Hurd,Suarez,Burgum,Haley,Elder,Youngkin,Hutchinson,Pence
1.134561,Haley,Christie,Burgum,Youngkin,Hutchinson,Elder,Scott,Pence,DeSantis,Hurd,Suarez,Ramaswamy,Trump
0.879255,Trump,Ramaswamy,DeSantis,Scott,Hurd,Youngkin,Elder,Burgum,Haley,Hutchinson,Christie,Pence,Suarez
0.976275,Trump,Ramaswamy,DeSantis,Pence,Christie,Scott,Hutchinson,Youngkin,Elder,Hurd,Haley,Burgum,Suarez
1.314392,Trump,DeSantis,Ramaswamy,Hutchinson,Haley,Pence,Burgum,Youngkin,Christie,Hurd,Scott,Elder,Suarez
0.719616,DeSantis,Trump,Ramaswamy,Haley,Christie,Scott,Burgum,Elder,Hurd,Suarez,Youngkin,Hutchinson,Pence
1.332874,Trump,Ramaswamy,Haley,Scott,Burgum,Elder,Hutchinson,DeSantis,Suarez,Youngkin,Pence,Hurd,Christie
1.314392,Hutchinson,Christie,Hurd,Suarez,Burgum,Youngkin,Haley,Scott,Pence,Ramaswamy,Elder,DeSantis,Trump
1.166972,Ramaswamy,DeSantis,Haley,Pence,Hutchinson,Elder,Suarez,Hurd,Burgum,Scott,Youngkin,Christie,Trump
1.207837,Ramaswamy,DeSantis,Trump,Scott,Pence,Youngkin,Hutchinson,Haley,Elder,Christie,Hurd,Suarez,Burgum
0.65782,Trump,Haley,Scott,DeSantis,Youngkin,Burgum,Christie,Hurd,Ramaswamy,Elder,Suarez,Hutchinson,Pence
1.215652,Haley,Ramaswamy,DeSantis,Trump,Scott,Christie,Pence,Hurd,Youngkin,Elder,Hutchinson,Suarez,Burgum
1.261425,Hurd,Suarez,Haley,Hutchinson,Christie,Burgum,Scott,Youngkin,Pence,Ramaswamy,Elder,DeSantis,Trump
1.611159,Burgum,Ramaswamy,Scott,Pence,DeSantis,Haley,Hutchinson,Trump,Youngkin,Hurd,Suarez,Christie,Elder
0.699231,Trump,DeSantis,Pence,Hutchinson,Scott,Burgum,Elder,Christie,Haley,Hurd,Youngkin,Suarez,Ramaswamy
0.672156,Trump,Pence,DeSantis,Christie,Haley,Youngkin,Ramaswamy,Burgum,Scott,Hurd,Hutchinson,Suarez,Elder
1.376605,Trump,DeSantis,Ramaswamy,Scott,Christie,Pence,Haley,Hurd,Youngkin,Hutchinson,Suarez,Elder,Burgum
0.68511,Trump,Pence,Scott,Hutchinson,Hurd,Elder,Suarez,Burgum,Youngkin,Haley,Ramaswamy,DeSantis,Christie
0.704801,Trump,Scott,Youngkin,Burgum,Ramaswamy,Hutchinson,Hurd,Elder,Suarez,DeSantis,Christie,Pence,Haley
1.004181,Trump,Ramaswamy,Scott,Burgum,Hutchinson,Christie,Youngkin,DeSantis,Elder,Haley,Suarez,Hurd,Pence
1.247329,Scott,Youngkin,Elder,Hutchinson,Burgum,Hurd,Christie,Haley,Pence,Trump,DeSantis,Suarez,Ramaswamy
1.134561,Haley,DeSantis,Ramaswamy,Pence,Scott,Elder,Youngkin,Trump,Christie,Hutchinson,Burgum,Hurd,Suarez
0.772768,Trump,Ramaswamy,Haley,DeSantis,Elder,Hutchinson,Christie,Youngkin,Pence,Burgum,Hurd,Suarez,Scott
1.360419,DeSantis,Ramaswamy,Scott,Youngkin,Trump,Burgum,Haley,Pence,Suarez,Hurd,Hutchinson,Christie,Elder
1.261425,Hurd,Suarez,Haley,Hutchinson,Christie,Burgum,Scott,Youngkin,Pence,Ramaswamy,Elder,DeSantis,Trump
0.839544,Trump,Ramaswamy,DeSantis,Youngkin,Scott,Suarez,Elder,Haley,Burgum,Hurd,Pence,Hutchinson,Christie
0.754843,Haley,Scott,DeSantis,Pence,Hutchinson,Trump,Ramaswamy,Christie,Hurd,Burgum,Youngkin,Suarez,Elder
0.823768,Ramaswamy,Haley,Scott,Youngkin,Hurd,Burgum,DeSantis,Trump,Hutchinson,Elder,Suarez,Christie,Pence
1.103994,Christie,Ramaswamy,Haley,Suarez,Elder,Hurd,Burgum,Youngkin,Scott,Hutchinson,Pence,DeSantis,Trump
0.8662,Trump,DeSantis,Haley,Scott,Ramaswamy,Burgum,Suarez,Youngkin,Hutchinson,Hurd,Elder,Christie,Pence
0.621594,Trump,Hurd,Elder,Christie,Pence,Hutchinson,Haley,Youngkin,Burgum,DeSantis,Scott,Suarez,Ramaswamy
1.292359,Pence,Scott,Haley,Christie,Elder,Burgum,Youngkin,Hurd,Suarez,Hutchinson,Ramaswamy,DeSantis,Trump
0.925859,Trump,Pence,Ramaswamy,Hutchinson,DeSantis,Youngkin,Scott,Suarez,Elder,Burgum,Christie,Haley,Hurd
1.312363,DeSantis,Trump,Scott,Youngkin,Haley,Pence,Hutchinson,Christie,Elder,Ramaswamy,Hurd,Suarez,Burgum
0.95645,Ramaswamy,Pence,Trump,DeSantis,Burgum,Hutchinson,Hurd,Christie,Youngkin,Scott,Elder,Haley,Suarez
0.667953,Trump,Ramaswamy,Haley,DeSantis,Christie,Scott,Pence,Hutchinson,Burgum,Elder,Suarez,Hurd,Youngkin
0.767178,Trump,Ramaswamy,Elder,Scott,Burgum,Youngkin,DeSantis,Haley,Suarez,Pence,Hutchinson,Hurd,Christie
1.275187,Trump,DeSantis,Burgum,Ramaswamy,Haley,Christie,Scott,Youngkin,Pence,Hutchinson,Hurd,Suarez,Elder
1.559977,Trump,Ramaswamy,Scott,Burgum,DeSantis,Haley,Christie,Suarez,Pence,Hutchinson,Elder,Hurd,Youngkin
0.899895,Trump,DeSantis,Haley,Scott,Pence,Youngkin,Ramaswamy,Elder,Burgum,Suarez,Hutchinson,Hurd,Christie
0.892157,Christie,Hutchinson,Hurd,Suarez,Youngkin,Elder,Burgum,Scott,Pence,Haley,DeSantis,Ramaswamy,Trump
0.768818,Ramaswamy,DeSantis,Haley,Burgum,Scott,Christie,Youngkin,Hutchinson,Hurd,Elder,Suarez,Pence,Trump
1.567187,Trump,Pence,Hurd,DeSantis,Burgum,Elder,Scott,Youngkin,Hutchinson,Ramaswamy,Christie,Suarez,Haley
0.819929,DeSantis,Trump,Pence,Ramaswamy,Elder,Burgum,Youngkin,Hutchinson,Scott,Hurd,Haley,Suarez,Christie
1.281476,Trump,Ramaswamy,DeSantis,Haley,Scott,Hutchinson,Elder,Youngkin,Burgum,Suarez,Pence,Christie,Hurd
0.930194,Ramaswamy,Youngkin,Pence,Hutchinson,Scott,Trump,Christie,Suarez,Hurd,Haley,DeSantis,Elder,Burgum
1.036417,Haley,Christie,DeSantis,Pence,Hutchinson,Youngkin,Burgum,Hurd,Suarez,Ramaswamy,Scott,Elder,Trump
0.743226,DeSantis,Ramaswamy,Trump,Pence,Christie,Burgum,Elder,Haley,Hutchinson,Scott,Suarez,Youngkin,Hurd
0.762857,Trump,DeSantis,Ramaswamy,Pence,Hutchinson,Elder,Youngkin,Christie,Burgum,Hurd,Suarez,Scott,Haley
1.559977,Trump,DeSantis,Haley,Scott,Hutchinson,Hurd,Youngkin,Suarez,Burgum,Elder,Pence,Christie,Ramaswamy
0.603219,Trump,Ramaswamy,Haley,Elder,Scott,Suarez,DeSantis,Burgum,Youngkin,Christie,Hutchinson,Hurd,Pence
1.292548,Christie,Pence,Haley,Scott,Ramaswamy,Burgum,Hutchinson,Hurd,Youngkin,Elder,Suarez,DeSantis,Trump
0.56361,Trump,Haley,DeSantis,Elder,Christie,Hutchinson,Suarez,Hurd,Burgum,Ramaswamy,Scott,Youngkin,Pence
0.970759,Trump,DeSantis,Ramaswamy,Youngkin,Haley,Burgum,Scott,Hutchinson,Elder,Christie,Hurd,Suarez,Pence
0.837753,Trump,DeSantis,Ramaswamy,Scott,Elder,Burgum,Youngkin,Hurd,Suarez,Pence,Haley,Hutchinson,Christie
0.901839,Pence,Christie,Scott,Suarez,Hutchinson,Burgum,Hurd,Youngkin,Elder,Haley,DeSantis,Ramaswamy,Trump
1.559977,Trump,Ramaswamy,Scott,Burgum,DeSantis,Haley,Christie,Suarez,Pence,Hutchinson,Elder,Hurd,Youngkin
0.886527,Trump,Pence,Christie,Haley,DeSantis,Scott,Youngkin,Hurd,Elder,Burgum,Hutchinson,Ramaswamy,Suarez
1.339645,Scott,Ramaswamy,Haley,Pence,Christie,DeSantis,Hutchinson,Hurd,Suarez,Youngkin,Burgum,Elder,Trump
0.819929,Ramaswamy,Trump,DeSantis,Haley,Christie,Pence,Scott,Hurd,Suarez,Youngkin,Elder,Hutchinson,Burgum
0.63756,Ramaswamy,Trump,Haley,Elder,DeSantis,Christie,Pence,Suarez,Youngkin,Hurd,Hutchinson,Burgum,Scott
1.312363,Trump,Pence,DeSantis,Christie,Ramaswamy,Elder,Hurd,Burgum,Scott,Youngkin,Hutchinson,Suarez,Haley
0.660172,DeSantis,Pence,Ramaswamy,Scott,Suarez,Hutchinson,Hurd,Elder,Christie,Haley,Youngkin,Burgum,Trump
1.096176,Trump,Ramaswamy,DeSantis,Burgum,Haley,Scott,Elder,Youngkin,Pence,Hutchinson,Suarez,Christie,Hurd
0.741903,DeSantis,Pence,Haley,Ramaswamy,Trump,Christie,Elder,Scott,Hutchinson,Hurd,Youngkin,Suarez,Burgum
0.699231,Trump,DeSantis,Pence,Hutchinson,Scott,Burgum,Elder,Christie,Haley,Hurd,Youngkin,Suarez,Ramaswamy
1.299495,Trump,DeSantis,Ramaswamy,Scott,Pence,Haley,Christie,Burgum,Elder,Suarez,Hurd,Youngkin,Hutchinson
0.741903,DeSantis,Pence,Haley,Ramaswamy,Trump,Christie,Elder,Scott,Hutchinson,Hurd,Youngkin,Suarez,Burgum
1.376605,Christie,Hutchinson,Scott,Elder,Youngkin,Suarez,Hurd,Burgum,Haley,Pence,Ramaswamy,DeSantis,Trump
0.73399,Ramaswamy,Haley,Trump,Pence,Scott,Christie,DeSantis,Youngkin,Hurd,Hutchinson,Burgum,Suarez,Elder
1.611159,DeSantis,Trump,Pence,Burgum,Haley,Hutchinson,Youngkin,Scott,Elder,Suarez,Hurd,Christie,Ramaswamy
1.611159,DeSantis,Trump,Pence,Burgum,Haley,Hutchinson,Youngkin,Scott,Elder,Suarez,Hurd,Christie,Ramaswamy
1.036417,Haley,Christie,DeSantis,Pence,Hutchinson,Youngkin,Burgum,Hurd,Suarez,Ramaswamy,Scott,Elder,Trump
0.620487,Trump,Pence,Christie,DeSantis,Hutchinson,Hurd,Haley,Ramaswamy,Elder,Burgum,Youngkin,Suarez,Scott
0.904612,DeSantis,Haley,Ramaswamy,Pence,Hutchinson,Christie,Youngkin,Burgum,Scott,Trump,Elder,Hurd,Suarez
1.297777,Christie,Haley,Ramaswamy,Pence,Hutchinson,Youngkin,Scott,Burgum,Suarez,Hurd,DeSantis,Elder,Trump
0.594702,Trump,DeSantis,Youngkin,Ramaswamy,Burgum,Scott,Hurd,Suarez,Haley,Hutchinson,Elder,Pence,Christie
0.929519,Christie,Haley,Ramaswamy,DeSantis,Scott,Pence,Youngkin,Burgum,Hutchinson,Suarez,Hurd,Elder,Trump
0.773286,Christie,Scott,Haley,Elder,Ramaswamy,Hurd,Pence,Youngkin,Hutchinson,Suarez,DeSantis,Trump,Burgum
1.051336,Christie,Haley,Trump,Scott,Hutchinson,Elder,DeSantis,Hurd,Burgum,Suarez,Youngkin,Ramaswamy,Pence
1.420777,Haley,DeSantis,Youngkin,Scott,Elder,Ramaswamy,Trump,Pence,Christie,Burgum,Hutchinson,Hurd,Suarez
1.382498,Hurd,DeSantis,Trump,Suarez,Haley,Hutchinson,Scott,Elder,Pence,Youngkin,Christie,Ramaswamy,Burgum
0.567195,Trump,Ramaswamy,Christie,Hurd,Haley,Pence,Youngkin,DeSantis,Elder,Suarez,Burgum,Scott,Hutchinson
2.045976,Ramaswamy,Trump,DeSantis,Youngkin,Haley,Elder,Scott,Hurd,Hutchinson,Suarez,Burgum,Pence,Christie
0.735939,Trump,DeSantis,Haley,Scott,Ramaswamy,Christie,Pence,Hutchinson,Youngkin,Suarez,Hurd,Elder,Burgum
0.660172,DeSantis,Ramaswamy,Suarez,Burgum,Elder,Haley,Pence,Christie,Hutchinson,Hurd,Scott,Youngkin,Trump
0.886527,Trump,Pence,Christie,Haley,DeSantis,Scott,Youngkin,Hurd,Elder,Burgum,Hutchinson,Ramaswamy,Suarez
0.56361,Christie,Hutchinson,Burgum,Elder,Haley,Hurd,Suarez,Scott,Pence,Youngkin,Ramaswamy,DeSantis,Trump
0.791835,Scott,Youngkin,Hurd,Christie,Pence,DeSantis,Suarez,Ramaswamy,Haley,Hutchinson,Elder,Burgum,Trump
0.93342,Trump,Pence,Hutchinson,Scott,DeSantis,Burgum,Ramaswamy,Elder,Hurd,Youngkin,Christie,Suarez,Haley
0.668479,Trump,DeSantis,Haley,Ramaswamy,Pence,Christie,Burgum,Suarez,Hurd,Elder,Hutchinson,Scott,Youngkin
1.424811,Ramaswamy,DeSantis,Trump,Elder,Youngkin,Scott,Hutchinson,Suarez,Burgum,Hurd,Pence,Haley,Christie
2.045976,Ramaswamy,Trump,DeSantis,Youngkin,Haley,Elder,Scott,Hurd,Hutchinson,Suarez,Burgum,Pence,Christie
0.792237,Ramaswamy,Haley,Elder,Youngkin,Hutchinson,Burgum,Christie,Scott,Hurd,DeSantis,Suarez,Trump,Pence
1.546149,DeSantis,Haley,Ramaswamy,Scott,Trump,Pence,Elder,Burgum,Youngkin,Christie,Hutchinson,Hurd,Suarez
1.084801,Ramaswamy,Haley,Christie,Burgum,Hutchinson,Elder,Scott,Pence,DeSantis,Youngkin,Hurd,Suarez,Trump
2.045976,DeSantis,Haley,Scott,Ramaswamy,Trump,Burgum,Youngkin,Pence,Elder,Hutchinson,Suarez,Hurd,Christie
1.73441,Pence,DeSantis,Christie,Burgum,Youngkin,Scott,Hurd,Suarez,Haley,Elder,Ramaswamy,Trump,Hutchinson
1.458263,DeSantis,Trump,Ramaswamy,Pence,Christie,Suarez,Scott,Elder,Hurd,Hutchinson,Burgum,Youngkin,Haley
0.903189,Haley,Pence,Ramaswamy,Scott,Elder,Suarez,Youngkin,Burgum,DeSantis,Christie,Hurd,Hutchinson,Trump
1.04502,Christie,Haley,Ramaswamy,Elder,Hutchinson,Scott,Hurd,Youngkin,Suarez,Burgum,Pence,DeSantis,Trump
0.761663,DeSantis,Youngkin,Haley,Pence,Scott,Christie,Burgum,Trump,Hutchinson,Hurd,Elder,Suarez,Ramaswamy
0.672156,Ramaswamy,Trump,Christie,Burgum,Youngkin,Pence,Scott,Hurd,Elder,Haley,DeSantis,Suarez,Hutchinson
0.659886,Trump,Ramaswamy,DeSantis,Elder,Scott,Hutchinson,Burgum,Pence,Hurd,Youngkin,Christie,Haley,Suarez
1.134561,Haley,DeSantis,Ramaswamy,Pence,Scott,Elder,Youngkin,Trump,Christie,Hutchinson,Burgum,Hurd,Suarez
0.890183,Ramaswamy,DeSantis,Scott,Elder,Haley,Youngkin,Burgum,Hurd,Hutchinson,Pence,Suarez,Trump,Christie
0.516129,Trump,Pence,Ramaswamy,DeSantis,Haley,Christie,Youngkin,Scott,Hutchinson,Suarez,Elder,Burgum,Hurd
0.823528,Ramaswamy,Scott,Haley,Suarez,Elder,Burgum,Youngkin,Hutchinson,Hurd,Christie,Pence,DeSantis,Trump
1.360419,DeSantis,Ramaswamy,Scott,Youngkin,Trump,Burgum,Haley,Pence,Suarez,Hurd,Hutchinson,Christie,Elder
1.033456,Haley,Scott,Pence,Christie,Burgum,Trump,Hutchinson,Hurd,Youngkin,Suarez,Elder,Ramaswamy,DeSantis
0.823768,Trump,DeSantis,Scott,Pence,Christie,Burgum,Youngkin,Haley,Hutchinson,Suarez,Hurd,Ramaswamy,Elder
0.960405,Christie,Haley,Ramaswamy,Burgum,Pence,Scott,Elder,Suarez,Hurd,Youngkin,Hutchinson,DeSantis,Trump
0.786484,Ramaswamy,Trump,DeSantis,Haley,Pence,Hurd,Burgum,Hutchinson,Elder,Scott,Suarez,Christie,Youngkin
1.056898,Trump,Pence,DeSantis,Christie,Scott,Youngkin,Ramaswamy,Burgum,Suarez,Hutchinson,Hurd,Haley,Elder
0.890183,Trump,Ramaswamy,Haley,Elder,Pence,Scott,Youngkin,Christie,Hurd,Burgum,Suarez,DeSantis,Hutchinson
1.237638,Trump,DeSantis,Ramaswamy,Haley,Scott,Hutchinson,Elder,Hurd,Burgum,Suarez,Christie,Youngkin,Pence
1.04502,Suarez,Haley,Christie,Hutchinson,Elder,Pence,Burgum,Hurd,Scott,Youngkin,DeSantis,Ramaswamy,Trump
0.729306,Trump,Haley,Ramaswamy,Pence,Scott,DeSantis,Burgum,Elder,Suarez,Youngkin,Hutchinson,Hurd,Christie
1.023323,Pence,DeSantis,Scott,Ramaswamy,Trump,Burgum,Haley,Christie,Hutchinson,Youngkin,Hurd,Elder,Suarez
1.164009,Haley,Pence,Scott,Christie,Youngkin,DeSantis,Hutchinson,Burgum,Suarez,Elder,Hurd,Ramaswamy,Trump
0.814982,DeSantis,Trump,Haley,Pence,Scott,Suarez,Elder,Burgum,Hurd,Ramaswamy,Youngkin,Christie,Hutchinson
1.215652,Pence,Scott,Haley,DeSantis,Christie,Hutchinson,Ramaswamy,Youngkin,Hurd,Suarez,Elder,Burgum,Trump
0.474338,Ramaswamy,Hutchinson,Youngkin,Haley,Hurd,Burgum,Pence,Elder,Scott,Christie,Suarez,DeSantis,Trump
0.779605,Trump,Ramaswamy,DeSantis,Hurd,Pence,Christie,Haley,Scott,Youngkin,Suarez,Burgum,Hutchinson,Elder
0.823528,Haley,Hutchinson,DeSantis,Pence,Christie,Scott,Ramaswamy,Suarez,Hurd,Burgum,Elder,Youngkin,Trump
1.753818,Trump,Ramaswamy,DeSantis,Elder,Scott,Youngkin,Haley,Hurd,Burgum,Suarez,Hutchinson,Christie,Pence
0.693567,Trump,DeSantis,Pence,Scott,Hurd,Haley,Youngkin,Hutchinson,Elder,Suarez,Christie,Burgum,Ramaswamy
0.708142,Elder,Scott,Haley,Pence,Suarez,Ramaswamy,Hurd,Burgum,DeSantis,Youngkin,Hutchinson,Trump,Christie
1.166972,Ramaswamy,DeSantis,Haley,Pence,Hutchinson,Elder,Suarez,Hurd,Burgum,Scott,Youngkin,Christie,Trump
0.693567,Trump,DeSantis,Pence,Scott,Hurd,Haley,Youngkin,Hutchinson,Elder,Suarez,Christie,Burgum,Ramaswamy
0.901839,Trump,Ramaswamy,Pence,Scott,Christie,Haley,Elder,Hurd,Suarez,Hutchinson,Burgum,Youngkin,DeSantis
1.014141,Trump,Ramaswamy,Scott,DeSantis,Elder,Youngkin,Pence,Burgum,Hurd,Hutchinson,Suarez,Christie,Haley
0.660157,DeSantis,Haley,Pence,Scott,Trump,Youngkin,Hutchinson,Elder,Ramaswamy,Burgum,Suarez,Christie,Hurd
1.270672,DeSantis,Trump,Haley,Ramaswamy,Scott,Youngkin,Pence,Hurd,Burgum,Hutchinson,Elder,Christie,Suarez
2.040183,Trump,DeSantis,Christie,Haley,Elder,Ramaswamy,Scott,Burgum,Suarez,Hurd,Youngkin,Hutchinson,Pence
0.960405,Christie,Haley,Ramaswamy,Burgum,Pence,Scott,Elder,Suarez,Hurd,Youngkin,Hutchinson,DeSantis,Trump
1.245109,Pence,Christie,Suarez,Youngkin,Haley,Elder,Burgum,DeSantis,Hurd,Hutchinson,Ramaswamy,Scott,Trump
1.164009,Trump,DeSantis,Pence,Haley,Scott,Burgum,Ramaswamy,Christie,Youngkin,Hutchinson,Suarez,Hurd,Elder
1.103994,Christie,Ramaswamy,Haley,Suarez,Elder,Hurd,Burgum,Youngkin,Scott,Hutchinson,Pence,DeSantis,Trump
0.901839,Trump,Pence,Ramaswamy,DeSantis,Hurd,Christie,Burgum,Youngkin,Scott,Suarez,Elder,Haley,Hutchinson
0.660172,DeSantis,Ramaswamy,Suarez,Burgum,Elder,Haley,Pence,Christie,Hutchinson,Hurd,Scott,Youngkin,Trump
0.743226,DeSantis,Ramaswamy,Trump,Pence,Christie,Burgum,Elder,Haley,Hutchinson,Scott,Suarez,Youngkin,Hurd
1.112621,Trump,DeSantis,Ramaswamy,Haley,Scott,Pence,Hurd,Youngkin,Elder,Christie,Burgum,Hutchinson,Suarez
1.158692,Trump,Ramaswamy,Suarez,Haley,Christie,Pence,Scott,Elder,Burgum,DeSantis,Hurd,Hutchinson,Youngkin
0.741903,DeSantis,Pence,Haley,Ramaswamy,Trump,Christie,Elder,Scott,Hutchinson,Hurd,Youngkin,Suarez,Burgum
1.068725,Ramaswamy,Haley,Youngkin,Suarez,Elder,Hutchinson,Christie,Pence,Burgum,Scott,DeSantis,Hurd,Trump
1.049608,Christie,Elder,Hutchinson,Suarez,Hurd,Burgum,Youngkin,Haley,Ramaswamy,Scott,Pence,DeSantis,Trump
1.980981,Christie,Pence,Burgum,Haley,Ramaswamy,Hurd,Elder,Scott,Youngkin,Hutchinson,Suarez,Trump,DeSantis
1.167786,Trump,Pence,DeSantis,Scott,Ramaswamy,Haley,Burgum,Christie,Hutchinson,Elder,Suarez,Youngkin,Hurd
1.023323,DeSantis,Trump,Scott,Christie,Youngkin,Hutchinson,Burgum,Suarez,Haley,Elder,Pence,Hurd,Ramaswamy
0.668479,Trump,DeSantis,Haley,Ramaswamy,Pence,Christie,Burgum,Suarez,Hurd,Elder,Hutchinson,Scott,Youngkin
0.867089,DeSantis,Ramaswamy,Trump,Scott,Pence,Elder,Burgum,Youngkin,Hurd,Suarez,Haley,Hutchinson,Christie
1.299495,Haley,DeSantis,Youngkin,Trump,Scott,Burgum,Ramaswamy,Hutchinson,Christie,Pence,Elder,Hurd,Suarez
1.292548,Christie,Scott,Pence,Hutchinson,Haley,Burgum,Hurd,Suarez,Elder,Youngkin,Ramaswamy,DeSantis,Trump
0.640195,Trump,DeSantis,Pence,Scott,Haley,Ramaswamy,Christie,Hurd,Elder,Hutchinson,Burgum,Suarez,Youngkin
1.068725,Trump,DeSantis,Ramaswamy,Elder,Scott,Pence,Hurd,Youngkin,Haley,Hutchinson,Burgum,Christie,Suarez
1.180031,Trump,DeSantis,Ramaswamy,Pence,Christie,Scott,Elder,Hutchinson,Hurd,Haley,Burgum,Suarez,Youngkin
0.798657,Trump,DeSantis,Haley,Pence,Scott,Christie,Hurd,Burgum,Hutchinson,Elder,Youngkin,Suarez,Ramaswamy
0.56361,Trump,Scott,DeSantis,Elder,Hurd,Burgum,Youngkin,Pence,Ramaswamy,Suarez,Hutchinson,Haley,Christie
0.729306,Ramaswamy,Burgum,Haley,Christie,Scott,DeSantis,Elder,Hurd,Suarez,Hutchinson,Youngkin,Pence,Trump
1.50968,Trump,DeSantis,Pence,Ramaswamy,Burgum,Haley,Hutchinson,Elder,Youngkin,Scott,Hurd,Suarez,Christie
1.478149,Haley,Christie,DeSantis,Pence,Youngkin,Scott,Elder,Burgum,Hutchinson,Trump,Suarez,Hurd,Ramaswamy
0.658711,Trump,Ramaswamy,DeSantis,Elder,Scott,Hurd,Youngkin,Burgum,Christie,Hutchinson,Haley,Suarez,Pence
0.636425,Trump,DeSantis,Pence,Haley,Christie,Youngkin,Ramaswamy,Hurd,Burgum,Scott,Suarez,Elder,Hutchinson
0.94326,Ramaswamy,DeSantis,Haley,Trump,Elder,Hutchinson,Scott,Youngkin,Christie,Hurd,Suarez,Burgum,Pence
0.932463,Trump,DeSantis,Haley,Ramaswamy,Youngkin,Scott,Hurd,Suarez,Burgum,Elder,Pence,Christie,Hutchinson
1.103994,Trump,Scott,DeSantis,Burgum,Elder,Youngkin,Ramaswamy,Hurd,Haley,Suarez,Hutchinson,Pence,Christie
1.200697,Ramaswamy,Scott,Trump,Burgum,Haley,DeSantis,Youngkin,Elder,Pence,Suarez,Hutchinson,Hurd,Christie
0.968735,Trump,DeSantis,Ramaswamy,Hutchinson,Burgum,Hurd,Scott,Elder,Youngkin,Haley,Suarez,Christie,Pence
1.068725,Trump,Ramaswamy,DeSantis,Pence,Haley,Christie,Burgum,Elder,Hurd,Suarez,Youngkin,Scott,Hutchinson
0.564615,Trump,DeSantis,Ramaswamy,Pence,Scott,Burgum,Youngkin,Haley,Hurd,Suarez,Elder,Hutchinson,Christie
1.478149,Trump,DeSantis,Haley,Ramaswamy,Youngkin,Scott,Hutchinson,Burgum,Pence,Hurd,Elder,Christie,Suarez
1.086363,Ramaswamy,Haley,DeSantis,Christie,Pence,Hutchinson,Scott,Suarez,Hurd,Youngkin,Burgum,Elder,Trump
1.134561,Trump,Ramaswamy,DeSantis,Scott,Haley,Elder,Pence,Christie,Youngkin,Hutchinson,Hurd,Burgum,Suarez
1.002393,Hurd,Hutchinson,Burgum,Scott,Youngkin,Suarez,Haley,Ramaswamy,Elder,DeSantis,Christie,Pence,Trump
0.886784,DeSantis,Pence,Christie,Scott,Burgum,Hurd,Elder,Youngkin,Suarez,Ramaswamy,Hutchinson,Haley,Trump
0.79963,Haley,DeSantis,Pence,Burgum,Christie,Scott,Ramaswamy,Hurd,Hutchinson,Youngkin,Elder,Suarez,Trump
0.851323,Ramaswamy,Haley,DeSantis,Christie,Scott,Burgum,Hurd,Pence,Suarez,Hutchinson,Elder,Youngkin,Trump
0.693567,Trump,DeSantis,Pence,Scott,Hurd,Haley,Youngkin,Hutchinson,Elder,Suarez,Christie,Burgum,Ramaswamy
0.729306,Ramaswamy,Burgum,Haley,Christie,Scott,DeSantis,Elder,Hurd,Suarez,Hutchinson,Youngkin,Pence,Trump
0.68511,Trump,Pence,Scott,Hutchinson,Hurd,Elder,Suarez,Burgum,Youngkin,Haley,Ramaswamy,DeSantis,Christie
1.249847,Trump,Pence,Ramaswamy,Youngkin,DeSantis,Elder,Hutchinson,Suarez,Hurd,Haley,Christie,Burgum,Scott
0.786484,Trump,Ramaswamy,Scott,Hurd,Burgum,DeSantis,Elder,Suarez,Hutchinson,Youngkin,Haley,Christie,Pence
0.806909,Ramaswamy,Trump,DeSantis,Elder,Haley,Scott,Pence,Hutchinson,Youngkin,Burgum,Hurd,Suarez,Christie
0.968735,Trump,DeSantis,Ramaswamy,Hutchinson,Burgum,Hurd,Scott,Elder,Youngkin,Haley,Suarez,Christie,Pence
0.901839,Trump,Ramaswamy,Pence,Scott,Christie,Haley,Elder,Hurd,Suarez,Hutchinson,Burgum,Youngkin,DeSantis
0.660172,Christie,Haley,Pence,Scott,Elder,Hutchinson,Suarez,Youngkin,Hurd,Burgum,Ramaswamy,DeSantis,Trump
1.669118,Trump,DeSantis,Youngkin,Pence,Hurd,Elder,Hutchinson,Suarez,Ramaswamy,Haley,Christie,Scott,Burgum
0.996977,Trump,Christie,Haley,Scott,DeSantis,Elder,Suarez,Hurd,Hutchinson,Youngkin,Burgum,Ramaswamy,Pence
0.828187,Haley,Elder,Scott,Youngkin,Hurd,Hutchinson,Burgum,Suarez,Ramaswamy,Christie,Pence,DeSantis,Trump
1.084045,Ramaswamy,Trump,DeSantis,Scott,Youngkin,Burgum,Hutchinson,Hurd,Suarez,Elder,Haley,Pence,Christie
0.735939,Trump,DeSantis,Haley,Scott,Ramaswamy,Christie,Pence,Hutchinson,Youngkin,Suarez,Hurd,Elder,Burgum
0.594702,Trump,DeSantis,Youngkin,Ramaswamy,Burgum,Scott,Hurd,Suarez,Haley,Hutchinson,Elder,Pence,Christie
1.004181,Trump,DeSantis,Youngkin,Haley,Ramaswamy,Scott,Burgum,Pence,Elder,Hutchinson,Suarez,Christie,Hurd
0.660172,DeSantis,Ramaswamy,Haley,Scott,Elder,Hurd,Pence,Hutchinson,Youngkin,Burgum,Christie,Suarez,Trump
0.932463,Trump,DeSantis,Haley,Ramaswamy,Youngkin,Scott,Hurd,Suarez,Burgum,Elder,Pence,Christie,Hutchinson
1.079307,Trump,Ramaswamy,DeSantis,Haley,Youngkin,Christie,Scott,Pence,Burgum,Elder,Suarez,Hurd,Hutchinson
1.004181,Trump,DeSantis,Youngkin,Haley,Ramaswamy,Scott,Burgum,Pence,Elder,Hutchinson,Suarez,Christie,Hurd
0.636425,Trump,DeSantis,Ramaswamy,Pence,Haley,Christie,Elder,Burgum,Hutchinson,Suarez,Hurd,Scott,Youngkin
2.728993,Haley,Christie,Youngkin,Scott,Burgum,Ramaswamy,DeSantis,Pence,Hutchinson,Suarez,Hurd,Elder,Trump
0.798657,Trump,DeSantis,Haley,Pence,Scott,Christie,Hurd,Burgum,Hutchinson,Elder,Youngkin,Suarez,Ramaswamy
0.839247,DeSantis,Trump,Ramaswamy,Pence,Christie,Haley,Burgum,Hurd,Elder,Hutchinson,Youngkin,Scott,Suarez
1.023323,Pence,DeSantis,Scott,Ramaswamy,Trump,Burgum,Haley,Christie,Hutchinson,Youngkin,Hurd,Elder,Suarez
1.314392,Haley,Trump,DeSantis,Burgum,Pence,Christie,Scott,Youngkin,Hutchinson,Hurd,Ramaswamy,Suarez,Elder
1.546149,DeSantis,Haley,Ramaswamy,Scott,Trump,Pence,Elder,Burgum,Youngkin,Christie,Hutchinson,Hurd,Suarez
2.040183,Christie,Scott,Pence,Hutchinson,Elder,Burgum,Haley,Youngkin,Hurd,DeSantis,Suarez,Ramaswamy,Trump
1.134561,Trump,Ramaswamy,Haley,Elder,Scott,Youngkin,Pence,Hutchinson,Suarez,DeSantis,Christie,Burgum,Hurd
1.217557,Haley,Christie,Pence,Scott,Burgum,Youngkin,Suarez,Hurd,Elder,Hutchinson,DeSantis,Ramaswamy,Trump
1.218747,Trump,DeSantis,Burgum,Scott,Haley,Ramaswamy,Youngkin,Elder,Suarez,Hutchinson,Hurd,Pence,Christie
0.636425,Trump,DeSantis,Ramaswamy,Pence,Haley,Christie,Elder,Burgum,Hutchinson,Suarez,Hurd,Scott,Youngkin
0.963428,Haley,Suarez,Pence,Hutchinson,Ramaswamy,Hurd,Burgum,Elder,Youngkin,Scott,Christie,DeSantis,Trump
1.167786,Trump,Pence,DeSantis,Scott,Ramaswamy,Haley,Burgum,Christie,Hutchinson,Elder,Suarez,Youngkin,Hurd
0.671534,Ramaswamy,Trump,DeSantis,Haley,Pence,Scott,Christie,Burgum,Hutchinson,Elder,Youngkin,Suarez,Hurd
1.312363,Trump,Pence,DeSantis,Christie,Ramaswamy,Elder,Hurd,Burgum,Scott,Youngkin,Hutchinson,Suarez,Haley
0.991915,Pence,Youngkin,Hutchinson,Hurd,Elder,Haley,Burgum,Ramaswamy,Christie,DeSantis,Suarez,Scott,Trump
0.991915,Ramaswamy,Christie,Scott,Burgum,Hutchinson,Hurd,Youngkin,Haley,Suarez,Elder,Pence,DeSantis,Trump
0.709101,Christie,Trump,DeSantis,Scott,Ramaswamy,Elder,Hurd,Suarez,Haley,Burgum,Youngkin,Pence,Hutchinson
0.567195,Youngkin,Trump,Scott,Haley,Hurd,Christie,Hutchinson,Suarez,Elder,Ramaswamy,Burgum,Pence,DeSantis
1.317598,Trump,DeSantis,Ramaswamy,Youngkin,Haley,Elder,Suarez,Hurd,Hutchinson,Burgum,Christie,Scott,Pence
1.459965,Trump,DeSantis,Burgum,Scott,Haley,Pence,Ramaswamy,Youngkin,Hutchinson,Suarez,Hurd,Elder,Christie
1.131761,DeSantis,Trump,Pence,Elder,Christie,Suarez,Burgum,Youngkin,Haley,Scott,Ramaswamy,Hutchinson,Hurd
1.420777,Trump,Pence,DeSantis,Scott,Ramaswamy,Haley,Hurd,Elder,Christie,Suarez,Burgum,Hutchinson,Youngkin
1.478149,Trump,DeSantis,Haley,Ramaswamy,Youngkin,Scott,Hutchinson,Burgum,Pence,Hurd,Elder,Christie,Suarez
1.218747,DeSantis,Trump,Pence,Ramaswamy,Burgum,Christie,Haley,Scott,Elder,Youngkin,Hurd,Hutchinson,Suarez
0.747966,Pence,Trump,Ramaswamy,Scott,Haley,Suarez,Hutchinson,DeSantis,Christie,Elder,Youngkin,Burgum,Hurd
0.767178,Pence,Haley,Elder,Scott,Burgum,Hurd,Christie,Youngkin,DeSantis,Suarez,Ramaswamy,Hutchinson,Trump
0.773286,Trump,Haley,Youngkin,Hurd,Burgum,Ramaswamy,Hutchinson,Elder,Suarez,Scott,Pence,DeSantis,Christie
0.960016,Trump,DeSantis,Ramaswamy,Scott,Youngkin,Elder,Haley,Burgum,Christie,Hurd,Hutchinson,Pence,Suarez
0.603219,Trump,Ramaswamy,DeSantis,Haley,Scott,Elder,Hurd,Suarez,Burgum,Hutchinson,Youngkin,Pence,Christie
1.308647,Haley,Pence,DeSantis,Elder,Hurd,Burgum,Youngkin,Hutchinson,Scott,Christie,Suarez,Trump,Ramaswamy
1.051336,DeSantis,Pence,Christie,Hurd,Haley,Burgum,Elder,Scott,Youngkin,Ramaswamy,Hutchinson,Suarez,Trump
1.618619,Ramaswamy,Haley,DeSantis,Pence,Trump,Scott,Christie,Suarez,Hutchinson,Burgum,Youngkin,Elder,Hurd
0.875875,Trump,Haley,DeSantis,Christie,Ramaswamy,Hutchinson,Pence,Youngkin,Elder,Scott,Burgum,Hurd,Suarez
0.659886,Trump,Ramaswamy,DeSantis,Elder,Scott,Hutchinson,Burgum,Pence,Hurd,Youngkin,Christie,Haley,Suarez
0.466606,Youngkin,Haley,Scott,DeSantis,Pence,Trump,Suarez,Burgum,Hurd,Hutchinson,Ramaswamy,Christie,Elder
1.149689,Trump,DeSantis,Youngkin,Elder,Burgum,Scott,Haley,Suarez,Hutchinson,Hurd,Ramaswamy,Christie,Pence
1.017577,Trump,Haley,Scott,Ramaswamy,DeSantis,Burgum,Pence,Hurd,Youngkin,Elder,Suarez,Hutchinson,Christie
0.867089,Trump,Haley,Scott,Elder,Hutchinson,Suarez,Youngkin,DeSantis,Pence,Christie,Burgum,Hurd,Ramaswamy
0.741903,DeSantis,Pence,Haley,Ramaswamy,Trump,Christie,Elder,Scott,Hutchinson,Hurd,Youngkin,Suarez,Burgum
0.868636,Trump,Pence,Christie,Scott,Youngkin,DeSantis,Hurd,Elder,Haley,Burgum,Hutchinson,Suarez,Ramaswamy
1.134561,Trump,Ramaswamy,DeSantis,Christie,Burgum,Haley,Pence,Elder,Hutchinson,Scott,Suarez,Youngkin,Hurd
1.068725,Trump,Ramaswamy,DeSantis,Pence,Haley,Christie,Burgum,Elder,Hurd,Suarez,Youngkin,Scott,Hutchinson
0.798657,Trump,Ramaswamy,DeSantis,Scott,Burgum,Christie,Elder,Hurd,Youngkin,Haley,Suarez,Hutchinson,Pence
0.660157,DeSantis,Haley,Pence,Scott,Trump,Youngkin,Hutchinson,Elder,Ramaswamy,Burgum,Suarez,Christie,Hurd
0.963428,Haley,Suarez,Pence,Hutchinson,Ramaswamy,Hurd,Burgum,Elder,Youngkin,Scott,Christie,DeSantis,Trump
0.827631,Trump,Ramaswamy,Hutchinson,Christie,Burgum,Elder,Hurd,Scott,Haley,DeSantis,Suarez,Youngkin,Pence
1.215652,Pence,Scott,Haley,DeSantis,Christie,Hutchinson,Ramaswamy,Youngkin,Hurd,Suarez,Elder,Burgum,Trump
0.87319,Christie,Scott,Elder,Burgum,Hutchinson,Hurd,Youngkin,DeSantis,Ramaswamy,Suarez,Haley,Pence,Trump
0.854256,Scott,Trump,DeSantis,Burgum,Youngkin,Christie,Ramaswamy,Pence,Haley,Hutchinson,Elder,Hurd,Suarez
1.109667,DeSantis,Trump,Ramaswamy,Burgum,Haley,Youngkin,Christie,Elder,Hurd,Scott,Hutchinson,Suarez,Pence
0.987831,Trump,Ramaswamy,Haley,Pence,Hutchinson,Elder,Suarez,Christie,Scott,Hurd,Youngkin,DeSantis,Burgum
0.577422,Haley,Elder,Trump,Suarez,DeSantis,Pence,Youngkin,Burgum,Scott,Hutchinson,Ramaswamy,Hurd,Christie
0.886527,Trump,DeSantis,Ramaswamy,Suarez,Hutchinson,Youngkin,Scott,Hurd,Burgum,Elder,Haley,Christie,Pence
1.314392,Trump,DeSantis,Scott,Pence,Youngkin,Burgum,Haley,Ramaswamy,Christie,Elder,Hutchinson,Suarez,Hurd
1.086363,Pence,Christie,Hutchinson,Haley,Elder,Scott,Burgum,Youngkin,Ramaswamy,Suarez,Trump,Hurd,DeSantis
1.459965,Trump,Ramaswamy,DeSantis,Christie,Burgum,Hurd,Elder,Suarez,Haley,Youngkin,Pence,Hutchinson,Scott
1.591224,DeSantis,Haley,Pence,Ramaswamy,Scott,Hurd,Suarez,Burgum,Youngkin,Christie,Elder,Hutchinson,Trump
0.762857,Trump,DeSantis,Ramaswamy,Pence,Christie,Haley,Burgum,Scott,Hutchinson,Hurd,Elder,Youngkin,Suarez
0.917571,Trump,Ramaswamy,DeSantis,Elder,Youngkin,Hutchinson,Haley,Suarez,Hurd,Pence,Burgum,Scott,Christie
0.987831,Trump,Ramaswamy,Haley,Pence,Hutchinson,Elder,Suarez,Christie,Scott,Hurd,Youngkin,DeSantis,Burgum
1.18741,DeSantis,Ramaswamy,Christie,Haley,Trump,Scott,Pence,Hutchinson,Suarez,Elder,Hurd,Youngkin,Burgum
1.206101,Christie,Haley,Scott,Burgum,Hutchinson,Youngkin,Suarez,Hurd,Elder,Pence,Ramaswamy,DeSantis,Trump
0.81114,Ramaswamy,Trump,Elder,DeSantis,Haley,Youngkin,Burgum,Scott,Hurd,Suarez,Hutchinson,Pence,Christie
0.708142,Elder,Scott,Haley,Pence,Suarez,Ramaswamy,Hurd,Burgum,DeSantis,Youngkin,Hutchinson,Trump,Christie
1.253053,Trump,DeSantis,Pence,Haley,Scott,Ramaswamy,Youngkin,Burgum,Elder,Hurd,Suarez,Hutchinson,Christie
1.312363,Christie,Haley,Scott,Pence,Youngkin,Hutchinson,Ramaswamy,Elder,Hurd,Suarez,DeSantis,Burgum,Trump
0.624392,Trump,Ramaswamy,Christie,DeSantis,Scott,Suarez,Pence,Haley,Hutchinson,Elder,Hurd,Burgum,Youngkin
0.792237,Trump,Ramaswamy,DeSantis,Haley,Pence,Youngkin,Hutchinson,Scott,Elder,Hurd,Christie,Burgum,Suarez
1.049608,Trump,Pence,Ramaswamy,Haley,Scott,DeSantis,Suarez,Hurd,Hutchinson,Youngkin,Elder,Burgum,Christie
0.668479,Haley,Christie,Pence,Hurd,Suarez,Hutchinson,Youngkin,Burgum,Ramaswamy,DeSantis,Scott,Elder,Trump
0.773286,DeSantis,Christie,Youngkin,Burgum,Elder,Suarez,Scott,Hurd,Haley,Hutchinson,Pence,Ramaswamy,Trump
1.112621,Trump,DeSantis,Ramaswamy,Haley,Scott,Pence,Hurd,Youngkin,Elder,Christie,Burgum,Hutchinson,Suarez
0.624392,Trump,Ramaswamy,Christie,DeSantis,Scott,Suarez,Pence,Haley,Hutchinson,Elder,Hurd,Burgum,Youngkin
0.539873,DeSantis,Trump,Burgum,Elder,Youngkin,Hurd,Christie,Scott,Ramaswamy,Pence,Suarez,Haley,Hutchinson
0.819929,DeSantis,Trump,Pence,Ramaswamy,Elder,Burgum,Youngkin,Hutchinson,Scott,Hurd,Haley,Suarez,Christie
0.792237,Trump,Ramaswamy,DeSantis,Pence,Haley,Hutchinson,Scott,Elder,Youngkin,Suarez,Hurd,Burgum,Christie
1.084801,Trump,DeSantis,Haley,Burgum,Scott,Ramaswamy,Youngkin,Pence,Christie,Suarez,Elder,Hurd,Hutchinson
1.023323,DeSantis,Ramaswamy,Trump,Haley,Youngkin,Scott,Burgum,Elder,Suarez,Hurd,Hutchinson,Pence,Christie
0.813634,Scott,Pence,Hurd,Suarez,Youngkin,DeSantis,Ramaswamy,Christie,Hutchinson,Haley,Elder,Burgum,Trump
1.271577,DeSantis,Ramaswamy,Trump,Haley,Scott,Pence,Hutchinson,Burgum,Youngkin,Elder,Suarez,Christie,Hurd
0.87319,Christie,Scott,Elder,Burgum,Hutchinson,Hurd,Youngkin,DeSantis,Ramaswamy,Suarez,Haley,Pence,Trump
1.669118,Trump,DeSantis,Haley,Scott,Ramaswamy,Pence,Youngkin,Burgum,Christie,Elder,Suarez,Hurd,Hutchinson
1.221353,Trump,Scott,Haley,Elder,Burgum,Ramaswamy,Pence,DeSantis,Youngkin,Hutchinson,Hurd,Suarez,Christie
1.103994,Ramaswamy,DeSantis,Trump,Haley,Christie,Scott,Burgum,Pence,Youngkin,Hurd,Hutchinson,Elder,Suarez
1.015766,Pence,Haley,DeSantis,Scott,Burgum,Christie,Elder,Suarez,Youngkin,Hutchinson,Trump,Ramaswamy,Hurd
1.033456,Haley,DeSantis,Scott,Ramaswamy,Pence,Christie,Trump,Elder,Hutchinson,Burgum,Hurd,Youngkin,Suarez
0.708142,Trump,Ramaswamy,Haley,Pence,Suarez,Christie,Youngkin,DeSantis,Hurd,Scott,Burgum,Hutchinson,Elder
0.65782,Ramaswamy,Youngkin,Scott,Burgum,Suarez,Hutchinson,Hurd,Haley,Elder,Pence,Christie,DeSantis,Trump
0.880236,Trump,Christie,Elder,Suarez,Haley,Burgum,Scott,Hurd,Youngkin,Hutchinson,DeSantis,Ramaswamy,Pence
1.215652,Trump,DeSantis,Youngkin,Pence,Haley,Ramaswamy,Scott,Burgum,Elder,Hurd,Suarez,Hutchinson,Christie
0.899549,Ramaswamy,Pence,Haley,Christie,Scott,Youngkin,Trump,DeSantis,Elder,Burgum,Hutchinson,Hurd,Suarez
1.04502,Trump,Pence,Haley,DeSantis,Scott,Ramaswamy,Christie,Youngkin,Hutchinson,Suarez,Burgum,Hurd,Elder
0.963428,Haley,Suarez,Pence,Hutchinson,Ramaswamy,Hurd,Burgum,Elder,Youngkin,Scott,Christie,DeSantis,Trump
1.002393,Hurd,Hutchinson,Burgum,Scott,Youngkin,Suarez,Haley,Ramaswamy,Elder,DeSantis,Christie,Pence,Trump
0.68511,Trump,Pence,Scott,Hutchinson,Hurd,Elder,Suarez,Burgum,Youngkin,Haley,Ramaswamy,DeSantis,Christie
0.988169,Ramaswamy,Christie,Hurd,Suarez,Hutchinson,DeSantis,Haley,Elder,Trump,Pence,Youngkin,Scott,Burgum
0.658711,Trump,Ramaswamy,DeSantis,Elder,Scott,Hurd,Youngkin,Burgum,Christie,Hutchinson,Haley,Suarez,Pence
1.342131,Trump,DeSantis,Haley,Scott,Pence,Ramaswamy,Burgum,Hutchinson,Youngkin,Elder,Suarez,Christie,Hurd
1.968129,Trump,Haley,DeSantis,Scott,Burgum,Christie,Elder,Ramaswamy,Hurd,Youngkin,Hutchinson,Suarez,Pence
1.207837,Ramaswamy,DeSantis,Trump,Scott,Pence,Youngkin,Hutchinson,Haley,Elder,Christie,Hurd,Suarez,Burgum
0.996977,Haley,Scott,Christie,Pence,DeSantis,Hutchinson,Burgum,Hurd,Elder,Youngkin,Suarez,Ramaswamy,Trump
0.488072,Trump,Pence,Ramaswamy,DeSantis,Elder,Hurd,Youngkin,Suarez,Burgum,Hutchinson,Scott,Haley,Christie
0.779605,DeSantis,Haley,Trump,Scott,Pence,Ramaswamy,Youngkin,Suarez,Elder,Christie,Hutchinson,Hurd,Burgum
1.339645,Ramaswamy,Burgum,Haley,Hutchinson,Scott,DeSantis,Trump,Pence,Christie,Youngkin,Hurd,Suarez,Elder
0.901839,Pence,Christie,Scott,Suarez,Hutchinson,Burgum,Hurd,Youngkin,Elder,Haley,DeSantis,Ramaswamy,Trump
0.614214,Scott,Burgum,Hutchinson,Haley,Christie,Suarez,Youngkin,Hurd,Ramaswamy,Elder,DeSantis,Pence,Trump
0.68511,Pence,Ramaswamy,Trump,Scott,Haley,DeSantis,Hurd,Christie,Youngkin,Hutchinson,Burgum,Elder,Suarez
0.718335,Trump,Ramaswamy,DeSantis,Scott,Haley,Youngkin,Elder,Hutchinson,Suarez,Hurd,Burgum,Pence,Christie
0.621594,Trump,Hurd,Elder,Christie,Pence,Hutchinson,Haley,Youngkin,Burgum,DeSantis,Scott,Suarez,Ramaswamy
0.743226,DeSantis,Ramaswamy,Trump,Pence,Christie,Burgum,Elder,Haley,Hutchinson,Scott,Suarez,Youngkin,Hurd
2.313415,Trump,DeSantis,Ramaswamy,Burgum,Haley,Hutchinson,Scott,Youngkin,Pence,Hurd,Suarez,Elder,Christie
0.681832,Hutchinson,DeSantis,Scott,Trump,Haley,Hurd,Pence,Christie,Suarez,Burgum,Youngkin,Elder,Ramaswamy
0.741903,Ramaswamy,Christie,Elder,Youngkin,DeSantis,Burgum,Haley,Scott,Hurd,Pence,Suarez,Hutchinson,Trump
1.275187,Trump,DeSantis,Burgum,Ramaswamy,Haley,Christie,Scott,Youngkin,Pence,Hutchinson,Hurd,Suarez,Elder
0.751381,Ramaswamy,DeSantis,Scott,Burgum,Pence,Haley,Trump,Youngkin,Hutchinson,Christie,Suarez,Elder,Hurd
0.825865,Trump,Ramaswamy,Pence,DeSantis,Christie,Suarez,Youngkin,Haley,Hurd,Burgum,Elder,Scott,Hutchinson
0.668479,Trump,DeSantis,Haley,Ramaswamy,Pence,Christie,Burgum,Suarez,Hurd,Elder,Hutchinson,Scott,Youngkin
1.048733,Trump,Ramaswamy,DeSantis,Burgum,Haley,Scott,Pence,Hutchinson,Elder,Suarez,Youngkin,Hurd,Christie
1.134561,Haley,Christie,Ramaswamy,Pence,Trump,Hurd,Hutchinson,Youngkin,Burgum,Suarez,Scott,Elder,DeSantis
1.033456,Trump,Ramaswamy,Haley,DeSantis,Scott,Youngkin,Elder,Burgum,Pence,Hurd,Hutchinson,Suarez,Christie
0.827631,Trump,DeSantis,Scott,Haley,Ramaswamy,Christie,Elder,Pence,Burgum,Youngkin,Hutchinson,Suarez,Hurd
1.512372,Trump,Christie,Burgum,Hurd,DeSantis,Elder,Ramaswamy,Suarez,Haley,Scott,Hutchinson,Youngkin,Pence
0.65782,Trump,Haley,Scott,DeSantis,Youngkin,Burgum,Christie,Hurd,Ramaswamy,Elder,Suarez,Hutchinson,Pence
0.886784,DeSantis,Pence,Christie,Scott,Burgum,Hurd,Elder,Youngkin,Suarez,Ramaswamy,Hutchinson,Haley,Trump
1.247329,DeSantis,Youngkin,Haley,Scott,Elder,Suarez,Hutchinson,Burgum,Ramaswamy,Hurd,Trump,Pence,Christie
0.823768,Ramaswamy,Haley,Scott,Youngkin,Hurd,Burgum,DeSantis,Trump,Hutchinson,Elder,Suarez,Christie,Pence
1.206101,Christie,Haley,Scott,Burgum,Hutchinson,Youngkin,Suarez,Hurd,Elder,Pence,Ramaswamy,DeSantis,Trump
0.991915,Pence,Youngkin,Hutchinson,Hurd,Elder,Haley,Burgum,Ramaswamy,Christie,DeSantis,Suarez,Scott,Trump
0.798657,Trump,Haley,Ramaswamy,DeSantis,Scott,Hutchinson,Pence,Elder,Burgum,Youngkin,Hurd,Suarez,Christie
1.180376,DeSantis,Trump,Ramaswamy,Haley,Scott,Youngkin,Elder,Hutchinson,Suarez,Hurd,Burgum,Christie,Pence
1.036417,Hurd,Christie,Haley,Pence,Suarez,Youngkin,Hutchinson,Burgum,Scott,Ramaswamy,DeSantis,Elder,Trump
0.747966,Trump,DeSantis,Scott,Haley,Hurd,Ramaswamy,Hutchinson,Suarez,Elder,Youngkin,Burgum,Pence,Christie
0.825865,Ramaswamy,Trump,DeSantis,Christie,Haley,Scott,Burgum,Elder,Hurd,Youngkin,Hutchinson,Pence,Suarez
1.048733,Pence,Haley,Ramaswamy,Christie,Scott,Hutchinson,DeSantis,Burgum,Hurd,Elder,Youngkin,Suarez,Trump
0.564615,Scott,Ramaswamy,Pence,DeSantis,Christie,Elder,Trump,Hutchinson,Youngkin,Hurd,Haley,Suarez,Burgum
0.837753,Trump,Ramaswamy,DeSantis,Scott,Christie,Haley,Suarez,Youngkin,Hutchinson,Pence,Burgum,Elder,Hurd
1.215652,Trump,DeSantis,Pence,Christie,Youngkin,Scott,Haley,Hutchinson,Hurd,Elder,Suarez,Ramaswamy,Burgum
1.023323,Trump,Pence,Haley,DeSantis,Ramaswamy,Scott,Youngkin,Hutchinson,Suarez,Hurd,Burgum,Elder,Christie
0.879255,Trump,Ramaswamy,DeSantis,Scott,Hurd,Youngkin,Elder,Burgum,Haley,Hutchinson,Christie,Pence,Suarez
0.968735,Trump,DeSantis,Ramaswamy,Hutchinson,Burgum,Hurd,Scott,Elder,Youngkin,Haley,Suarez,Christie,Pence
0.567195,Trump,Hurd,Elder,Ramaswamy,Christie,Youngkin,Pence,Hutchinson,Haley,Burgum,Suarez,DeSantis,Scott
1.180031,Trump,DeSantis,Ramaswamy,Pence,Christie,Scott,Elder,Hutchinson,Hurd,Haley,Burgum,Suarez,Youngkin
0.577129,DeSantis,Ramaswamy,Trump,Pence,Christie,Hurd,Elder,Hutchinson,Suarez,Scott,Youngkin,Haley,Burgum
0.825865,Trump,Pence,DeSantis,Ramaswamy,Haley,Scott,Youngkin,Elder,Burgum,Hutchinson,Hurd,Suarez,Christie
0.940932,DeSantis,Haley,Scott,Pence,Youngkin,Trump,Elder,Hutchinson,Burgum,Suarez,Christie,Hurd,Ramaswamy
0.564481,Christie,Pence,Haley,Scott,DeSantis,Elder,Hutchinson,Hurd,Youngkin,Suarez,Burgum,Ramaswamy,Trump
0.621594,Trump,DeSantis,Ramaswamy,Scott,Youngkin,Elder,Burgum,Haley,Suarez,Christie,Pence,Hutchinson,Hurd
0.861664,Ramaswamy,Christie,Haley,Scott,Elder,Burgum,Hutchinson,Youngkin,Suarez,Hurd,Pence,DeSantis,Trump
0.904612,DeSantis,Haley,Ramaswamy,Pence,Hutchinson,Christie,Youngkin,Burgum,Scott,Trump,Elder,Hurd,Suarez
1.134561,Haley,Christie,Burgum,Youngkin,Hutchinson,Elder,Scott,Pence,DeSantis,Hurd,Suarez,Ramaswamy,Trump
0.93342,Trump,Ramaswamy,Elder,Scott,DeSantis,Hurd,Burgum,Youngkin,Suarez,Hutchinson,Haley,Christie,Pence
0.741903,Trump,Ramaswamy,Hutchinson,Scott,Hurd,Pence,Christie,Burgum,Elder,Suarez,Youngkin,Haley,DeSantis
0.708142,Trump,Ramaswamy,Haley,Pence,Suarez,Christie,Youngkin,DeSantis,Hurd,Scott,Burgum,Hutchinson,Elder
1.611159,Burgum,Ramaswamy,Scott,Pence,DeSantis,Haley,Hutchinson,Trump,Youngkin,Hurd,Suarez,Christie,Elder
0.879255,Trump,Ramaswamy,Christie,Elder,Haley,Scott,Suarez,Burgum,Hurd,Hutchinson,Youngkin,DeSantis,Pence
0.603219,Trump,Ramaswamy,Haley,Elder,Scott,Suarez,DeSantis,Burgum,Youngkin,Christie,Hutchinson,Hurd,Pence
1.048733,Trump,Ramaswamy,DeSantis,Burgum,Haley,Scott,Pence,Hutchinson,Elder,Suarez,Youngkin,Hurd,Christie
0.746623,Pence,Trump,Ramaswamy,Youngkin,Suarez,Hurd,Hutchinson,Christie,Elder,Burgum,DeSantis,Haley,Scott
1.023323,Trump,Pence,Haley,DeSantis,Ramaswamy,Scott,Youngkin,Hutchinson,Suarez,Hurd,Burgum,Elder,Christie
2.670492,Christie,Haley,Burgum,Hutchinson,Scott,Suarez,Hurd,Youngkin,Elder,DeSantis,Pence,Ramaswamy,Trump
0.970759,Christie,Hutchinson,Burgum,Hurd,Youngkin,Elder,Haley,Scott,Ramaswamy,DeSantis,Pence,Trump,Suarez
0.87319,Christie,Scott,Elder,Burgum,Hutchinson,Hurd,Youngkin,DeSantis,Ramaswamy,Suarez,Haley,Pence,Trump
0.963428,Haley,Suarez,Pence,Hutchinson,Ramaswamy,Hurd,Burgum,Elder,Youngkin,Scott,Christie,DeSantis,Trump
1.679312,Pence,Haley,Scott,Ramaswamy,DeSantis,Christie,Burgum,Elder,Suarez,Hutchinson,Youngkin,Hurd,Trump
0.708142,Trump,DeSantis,Ramaswamy,Scott,Pence,Hurd,Burgum,Suarez,Hutchinson,Elder,Christie,Youngkin,Haley
1.002609,Trump,DeSantis,Ramaswamy,Elder,Burgum,Scott,Haley,Youngkin,Suarez,Hurd,Pence,Hutchinson,Christie
1.045781,Trump,Scott,DeSantis,Ramaswamy,Elder,Pence,Haley,Suarez,Burgum,Hurd,Youngkin,Hutchinson,Christie
0.708142,Trump,DeSantis,Ramaswamy,Scott,Pence,Hurd,Burgum,Suarez,Hutchinson,Elder,Christie,Youngkin,Haley
0.823768,Trump,Ramaswamy,Haley,Burgum,Christie,Suarez,Pence,Hutchinson,Youngkin,Elder,Scott,Hurd,DeSantis
1.122006,Trump,Haley,DeSantis,Youngkin,Burgum,Hurd,Hutchinson,Scott,Suarez,Elder,Pence,Christie,Ramaswamy
1.120393,Trump,Ramaswamy,Haley,DeSantis,Scott,Burgum,Youngkin,Pence,Christie,Elder,Suarez,Hurd,Hutchinson
0.603219,Trump,Ramaswamy,Haley,Elder,Scott,Suarez,DeSantis,Burgum,Youngkin,Christie,Hutchinson,Hurd,Pence
1.120393,Ramaswamy,DeSantis,Trump,Pence,Haley,Scott,Hutchinson,Suarez,Elder,Youngkin,Hurd,Christie,Burgum
0.466606,Trump,DeSantis,Scott,Ramaswamy,Burgum,Haley,Hurd,Youngkin,Elder,Christie,Pence,Hutchinson,Suarez
0.668479,Ramaswamy,DeSantis,Haley,Pence,Scott,Christie,Burgum,Youngkin,Hurd,Elder,Suarez,Hutchinson,Trump
1.086363,Trump,DeSantis,Elder,Ramaswamy,Scott,Burgum,Haley,Youngkin,Suarez,Hurd,Hutchinson,Pence,Christie
0.668479,Trump,Burgum,Elder,Ramaswamy,Youngkin,Scott,DeSantis,Pence,Hutchinson,Haley,Christie,Suarez,Hurd
0.798657,Trump,Christie,Haley,Elder,Hurd,Suarez,Hutchinson,Youngkin,Scott,Burgum,Ramaswamy,Pence,DeSantis
0.58281,Trump,Haley,Elder,Ramaswamy,DeSantis,Pence,Suarez,Youngkin,Hutchinson,Hurd,Scott,Christie,Burgum
0.819929,Trump,Ramaswamy,Haley,DeSantis,Christie,Elder,Suarez,Hurd,Burgum,Youngkin,Hutchinson,Scott,Pence
1.036417,Trump,Pence,Ramaswamy,DeSantis,Suarez,Haley,Scott,Christie,Hurd,Youngkin,Hutchinson,Elder,Burgum
0.729306,Trump,Haley,Ramaswamy,Pence,Scott,DeSantis,Burgum,Elder,Suarez,Youngkin,Hutchinson,Hurd,Christie
1.379548,DeSantis,Trump,Ramaswamy,Youngkin,Haley,Burgum,Scott,Elder,Christie,Pence,Hutchinson,Hurd,Suarez
0.779605,Trump,Ramaswamy,DeSantis,Hurd,Pence,Christie,Haley,Scott,Youngkin,Suarez,Burgum,Hutchinson,Elder
0.654717,Trump,Ramaswamy,Christie,Scott,Hutchinson,Suarez,Elder,Burgum,Pence,DeSantis,Hurd,Youngkin,Haley
0.823528,Haley,Hutchinson,DeSantis,Pence,Christie,Scott,Ramaswamy,Suarez,Hurd,Burgum,Elder,Youngkin,Trump
0.639186,Ramaswamy,Elder,Suarez,Hurd,Christie,Youngkin,Pence,Burgum,Hutchinson,Scott,Haley,Trump,DeSantis
0.690412,Haley,Suarez,Burgum,Pence,Christie,Trump,Ramaswamy,Hutchinson,Hurd,Scott,DeSantis,Youngkin,Elder
0.929519,Trump,DeSantis,Scott,Hutchinson,Ramaswamy,Elder,Hurd,Suarez,Burgum,Youngkin,Haley,Pence,Christie
1.129901,Trump,Ramaswamy,Haley,Youngkin,DeSantis,Scott,Elder,Hutchinson,Hurd,Suarez,Burgum,Pence,Christie
0.812586,Trump,DeSantis,Pence,Hutchinson,Hurd,Haley,Christie,Ramaswamy,Youngkin,Burgum,Scott,Suarez,Elder
1.101605,DeSantis,Trump,Haley,Ramaswamy,Pence,Scott,Christie,Hutchinson,Hurd,Elder,Youngkin,Burgum,Suarez
0.735939,Trump,DeSantis,Haley,Scott,Ramaswamy,Christie,Pence,Hutchinson,Youngkin,Suarez,Hurd,Elder,Burgum
0.81114,Trump,DeSantis,Ramaswamy,Haley,Scott,Pence,Youngkin,Burgum,Hutchinson,Christie,Elder,Hurd,Suarez
0.526889,Trump,DeSantis,Ramaswamy,Scott,Christie,Pence,Haley,Burgum,Elder,Youngkin,Hurd,Hutchinson,Suarez
1.084045,Ramaswamy,Trump,DeSantis,Scott,Youngkin,Burgum,Hutchinson,Hurd,Suarez,Elder,Haley,Pence,Christie
0.886527,Trump,DeSantis,Ramaswamy,Suarez,Hutchinson,Youngkin,Scott,Hurd,Burgum,Elder,Haley,Christie,Pence
0.660172,Trump,Ramaswamy,DeSantis,Scott,Elder,Haley,Burgum,Youngkin,Hurd,Suarez,Hutchinson,Pence,Christie
1.188226,Trump,DeSantis,Haley,Pence,Christie,Hutchinson,Elder,Hurd,Ramaswamy,Youngkin,Burgum,Scott,Suarez
0.886784,DeSantis,Pence,Christie,Scott,Burgum,Hurd,Elder,Youngkin,Suarez,Ramaswamy,Hutchinson,Haley,Trump
0.916252,Trump,DeSantis,Pence,Hurd,Burgum,Elder,Scott,Hutchinson,Haley,Suarez,Youngkin,Christie,Ramaswamy
0.704801,Trump,Scott,Youngkin,Burgum,Ramaswamy,Hutchinson,Hurd,Elder,Suarez,DeSantis,Christie,Pence,Haley
0.812586,Trump,DeSantis,Pence,Hutchinson,Hurd,Haley,Christie,Ramaswamy,Youngkin,Burgum,Scott,Suarez,Elder
0.709101,Scott,DeSantis,Burgum,Christie,Hutchinson,Elder,Ramaswamy,Trump,Hurd,Pence,Youngkin,Haley,Suarez
0.660172,DeSantis,Ramaswamy,Suarez,Burgum,Elder,Haley,Pence,Christie,Hutchinson,Hurd,Scott,Youngkin,Trump
1.275187,Trump,DeSantis,Burgum,Ramaswamy,Haley,Christie,Scott,Youngkin,Pence,Hutchinson,Hurd,Suarez,Elder
0.917634,Trump,DeSantis,Pence,Ramaswamy,Burgum,Haley,Youngkin,Scott,Hurd,Hutchinson,Suarez,Christie,Elder
0.724205,Haley,Ramaswamy,Suarez,Elder,Hurd,Hutchinson,Youngkin,Christie,Burgum,Scott,Pence,DeSantis,Trump
0.879255,Trump,Ramaswamy,Christie,Elder,Haley,Scott,Suarez,Burgum,Hurd,Hutchinson,Youngkin,DeSantis,Pence
1.270672,DeSantis,Trump,Haley,Ramaswamy,Scott,Youngkin,Pence,Hurd,Burgum,Hutchinson,Elder,Christie,Suarez
1.180376,Trump,Ramaswamy,DeSantis,Scott,Haley,Burgum,Youngkin,Pence,Elder,Suarez,Hutchinson,Christie,Hurd
0.621594,Trump,Hurd,Elder,Christie,Pence,Hutchinson,Haley,Youngkin,Burgum,DeSantis,Scott,Suarez,Ramaswamy
1.980981,Christie,Pence,Burgum,Haley,Ramaswamy,Hurd,Elder,Scott,Youngkin,Hutchinson,Suarez,Trump,DeSantis
0.754843,Haley,Scott,DeSantis,Pence,Hutchinson,Trump,Ramaswamy,Christie,Hurd,Burgum,Youngkin,Suarez,Elder
1.424811,Ramaswamy,DeSantis,Trump,Elder,Youngkin,Scott,Hutchinson,Suarez,Burgum,Hurd,Pence,Haley,Christie
0.886527,Trump,Pence,Christie,Haley,DeSantis,Scott,Youngkin,Hurd,Elder,Burgum,Hutchinson,Ramaswamy,Suarez
0.592254,Trump,Haley,Hutchinson,Pence,Ramaswamy,DeSantis,Scott,Elder,Christie,Youngkin,Hurd,Suarez,Burgum
0.779605,Trump,Pence,Elder,DeSantis,Scott,Hutchinson,Haley,Suarez,Ramaswamy,Hurd,Youngkin,Burgum,Christie
0.650804,DeSantis,Trump,Ramaswamy,Pence,Hutchinson,Suarez,Hurd,Haley,Youngkin,Elder,Burgum,Christie,Scott
0.823528,Haley,Hutchinson,DeSantis,Pence,Christie,Scott,Ramaswamy,Suarez,Hurd,Burgum,Elder,Youngkin,Trump
1.079307,Ramaswamy,Trump,Haley,DeSantis,Pence,Burgum,Suarez,Elder,Hurd,Youngkin,Hutchinson,Scott,Christie
0.812586,Trump,DeSantis,Ramaswamy,Haley,Youngkin,Scott,Pence,Burgum,Christie,Elder,Hutchinson,Suarez,Hurd
0.761663,DeSantis,Youngkin,Haley,Pence,Scott,Christie,Burgum,Trump,Hutchinson,Hurd,Elder,Suarez,Ramaswamy
1.188447,Haley,DeSantis,Ramaswamy,Burgum,Hurd,Scott,Hutchinson,Elder,Suarez,Youngkin,Christie,Pence,Trump
1.618619,Ramaswamy,Haley,DeSantis,Pence,Trump,Scott,Christie,Suarez,Hutchinson,Burgum,Youngkin,Elder,Hurd
1.372707,Christie,Pence,DeSantis,Ramaswamy,Elder,Scott,Hurd,Youngkin,Hutchinson,Haley,Suarez,Burgum,Trump
1.215652,Trump,DeSantis,Pence,Christie,Youngkin,Scott,Haley,Hutchinson,Hurd,Elder,Suarez,Ramaswamy,Burgum
0.886527,Christie,Suarez,DeSantis,Hutchinson,Hurd,Elder,Scott,Youngkin,Pence,Haley,Burgum,Ramaswamy,Trump
0.825865,Ramaswamy,Trump,DeSantis,Christie,Haley,Scott,Burgum,Elder,Hurd,Youngkin,Hutchinson,Pence,Suarez
0.825865,Ramaswamy,Trump,Haley,DeSantis,Pence,Scott,Christie,Youngkin,Suarez,Hutchinson,Elder,Burgum,Hurd
0.917634,Trump,DeSantis,Pence,Ramaswamy,Burgum,Haley,Youngkin,Scott,Hurd,Hutchinson,Suarez,Christie,Elder
0.564481,DeSantis,Youngkin,Christie,Haley,Burgum,Scott,Hurd,Elder,Hutchinson,Suarez,Ramaswamy,Pence,Trump
1.084045,Ramaswamy,Trump,DeSantis,Scott,Youngkin,Burgum,Hutchinson,Hurd,Suarez,Elder,Haley,Pence,Christie
0.791835,Scott,Youngkin,Hurd,Christie,Pence,DeSantis,Suarez,Ramaswamy,Haley,Hutchinson,Elder,Burgum,Trump
1.144161,Trump,Pence,Ramaswamy,Haley,DeSantis,Christie,Scott,Burgum,Hutchinson,Elder,Hurd,Suarez,Youngkin
1.459965,Trump,DeSantis,Burgum,Scott,Haley,Pence,Ramaswamy,Youngkin,Hutchinson,Suarez,Hurd,Elder,Christie
1.132141,Trump,Ramaswamy,Haley,Hutchinson,Scott,Hurd,Christie,DeSantis,Burgum,Youngkin,Pence,Suarez,Elder
1.342131,Trump,Scott,DeSantis,Youngkin,Ramaswamy,Hutchinson,Elder,Haley,Burgum,Suarez,Hurd,Pence,Christie
1.014141,Trump,Ramaswamy,Scott,DeSantis,Elder,Youngkin,Pence,Burgum,Hurd,Hutchinson,Suarez,Christie,Haley
0.879255,Trump,Ramaswamy,Christie,Elder,Haley,Scott,Suarez,Burgum,Hurd,Hutchinson,Youngkin,DeSantis,Pence
1.512372,Trump,Christie,Burgum,Hurd,DeSantis,Elder,Ramaswamy,Suarez,Haley,Scott,Hutchinson,Youngkin,Pence
1.478149,Haley,Christie,DeSantis,Pence,Youngkin,Scott,Elder,Burgum,Hutchinson,Trump,Suarez,Hurd,Ramaswamy
1.132141,Ramaswamy,DeSantis,Trump,Scott,Haley,Pence,Burgum,Hutchinson,Elder,Christie,Hurd,Youngkin,Suarez
1.04502,Christie,Hutchinson,Scott,Pence,Hurd,Youngkin,Haley,Burgum,Elder,Suarez,Ramaswamy,DeSantis,Trump
0.903189,Haley,Christie,Scott,Pence,Burgum,Ramaswamy,DeSantis,Hutchinson,Youngkin,Elder,Hurd,Suarez,Trump
0.81114,Christie,DeSantis,Scott,Suarez,Haley,Hurd,Trump,Hutchinson,Burgum,Pence,Elder,Ramaswamy,Youngkin
1.004181,DeSantis,Ramaswamy,Trump,Haley,Scott,Christie,Pence,Burgum,Hurd,Elder,Suarez,Hutchinson,Youngkin
1.217557,Christie,Haley,Hutchinson,Youngkin,Burgum,Hurd,Elder,Scott,Suarez,Pence,DeSantis,Ramaswamy,Trump
0.960016,Youngkin,Haley,Christie,Trump,DeSantis,Scott,Pence,Hutchinson,Elder,Burgum,Suarez,Hurd,Ramaswamy
1.980981,Christie,Pence,Burgum,Haley,Ramaswamy,Hurd,Elder,Scott,Youngkin,Hutchinson,Suarez,Trump,DeSantis
2.040183,Ramaswamy,DeSantis,Trump,Pence,Hurd,Hutchinson,Elder,Burgum,Scott,Suarez,Haley,Youngkin,Christie
1.134561,Trump,Ramaswamy,Haley,Elder,Scott,Youngkin,Pence,Hutchinson,Suarez,DeSantis,Christie,Burgum,Hurd
0.687217,Trump,Ramaswamy,DeSantis,Haley,Scott,Pence,Suarez,Youngkin,Burgum,Hutchinson,Elder,Christie,Hurd
1.424811,Haley,Christie,Burgum,Hutchinson,Hurd,Elder,Suarez,Youngkin,Scott,DeSantis,Ramaswamy,Pence,Trump
1.376605,Haley,Christie,Elder,Hutchinson,Hurd,Youngkin,Burgum,Pence,Scott,Suarez,Ramaswamy,DeSantis,Trump
0.667953,Trump,Ramaswamy,Haley,DeSantis,Christie,Scott,Pence,Hutchinson,Burgum,Elder,Suarez,Hurd,Youngkin
1.048733,Trump,DeSantis,Pence,Scott,Christie,Haley,Burgum,Ramaswamy,Suarez,Elder,Youngkin,Hutchinson,Hurd
0.660172,Ramaswamy,Trump,DeSantis,Elder,Scott,Pence,Burgum,Haley,Hurd,Youngkin,Hutchinson,Suarez,Christie
0.612993,Trump,Ramaswamy,DeSantis,Christie,Hurd,Elder,Suarez,Hutchinson,Youngkin,Haley,Pence,Burgum,Scott
0.720887,Pence,Ramaswamy,Scott,DeSantis,Haley,Trump,Burgum,Elder,Youngkin,Hurd,Hutchinson,Suarez,Christie
1.275187,Pence,Ramaswamy,DeSantis,Scott,Christie,Burgum,Hurd,Elder,Haley,Youngkin,Hutchinson,Suarez,Trump
0.743226,Trump,DeSantis,Haley,Ramaswamy,Scott,Burgum,Suarez,Hurd,Hutchinson,Youngkin,Pence,Elder,Christie
1.036417,Hurd,Christie,Haley,Pence,Suarez,Youngkin,Hutchinson,Burgum,Scott,Ramaswamy,DeSantis,Elder,Trump
1.237638,Trump,DeSantis,Ramaswamy,Haley,Scott,Hutchinson,Elder,Hurd,Burgum,Suarez,Christie,Youngkin,Pence
0.798657,Trump,Scott,Haley,Pence,Burgum,Youngkin,DeSantis,Ramaswamy,Elder,Suarez,Hutchinson,Christie,Hurd
1.308647,Haley,Pence,DeSantis,Elder,Youngkin,Christie,Hutchinson,Hurd,Scott,Burgum,Suarez,Trump,Ramaswamy
1.04502,Christie,Hutchinson,Scott,Pence,Hurd,Youngkin,Haley,Burgum,Elder,Suarez,Ramaswamy,DeSantis,Trump
0.526889,Trump,DeSantis,Ramaswamy,Scott,Christie,Pence,Haley,Burgum,Elder,Youngkin,Hurd,Hutchinson,Suarez
0.747966,Christie,Haley,Hurd,Hutchinson,Ramaswamy,Scott,Youngkin,Burgum,Elder,Suarez,Pence,DeSantis,Trump
0.825865,Trump,Pence,DeSantis,Ramaswamy,Haley,Scott,Youngkin,Elder,Burgum,Hutchinson,Hurd,Suarez,Christie
0.743226,Trump,DeSantis,Ramaswamy,Pence,Scott,Haley,Hutchinson,Youngkin,Christie,Hurd,Elder,Burgum,Suarez
1.164009,Trump,DeSantis,Pence,Haley,Scott,Burgum,Ramaswamy,Christie,Youngkin,Hutchinson,Suarez,Hurd,Elder
0.814982,DeSantis,Trump,Haley,Pence,Scott,Suarez,Elder,Burgum,Hurd,Ramaswamy,Youngkin,Christie,Hutchinson
0.970759,Trump,Ramaswamy,Youngkin,DeSantis,Haley,Elder,Scott,Burgum,Hurd,Suarez,Hutchinson,Pence,Christie
1.669118,Trump,DeSantis,Youngkin,Pence,Hurd,Elder,Hutchinson,Suarez,Ramaswamy,Haley,Christie,Scott,Burgum
1.611159,DeSantis,Trump,Pence,Burgum,Haley,Hutchinson,Youngkin,Scott,Elder,Suarez,Hurd,Christie,Ramaswamy
0.919605,DeSantis,Scott,Trump,Ramaswamy,Pence,Elder,Hutchinson,Youngkin,Hurd,Haley,Burgum,Christie,Suarez
1.036417,Trump,Pence,Ramaswamy,DeSantis,Suarez,Haley,Scott,Christie,Hurd,Youngkin,Hutchinson,Elder,Burgum
1.048733,Trump,DeSantis,Pence,Scott,Christie,Haley,Burgum,Ramaswamy,Suarez,Elder,Youngkin,Hutchinson,Hurd
0.814982,DeSantis,Trump,Haley,Pence,Scott,Suarez,Elder,Burgum,Hurd,Ramaswamy,Youngkin,Christie,Hutchinson
1.002609,Ramaswamy,Scott,Pence,Burgum,Haley,Christie,Hutchinson,Suarez,Elder,Hurd,Youngkin,DeSantis,Trump
0.812586,Trump,DeSantis,Ramaswamy,Haley,Youngkin,Scott,Pence,Burgum,Christie,Elder,Hutchinson,Suarez,Hurd
1.079307,Trump,Ramaswamy,DeSantis,Haley,Youngkin,Christie,Scott,Pence,Burgum,Elder,Suarez,Hurd,Hutchinson
1.312363,DeSantis,Trump,Scott,Youngkin,Haley,Pence,Hutchinson,Christie,Elder,Ramaswamy,Hurd,Suarez,Burgum
0.660157,DeSantis,Haley,Pence,Scott,Trump,Youngkin,Hutchinson,Elder,Ramaswamy,Burgum,Suarez,Christie,Hurd
2.102951,Christie,Haley,Hutchinson,Scott,Hurd,Youngkin,Suarez,Burgum,Elder,DeSantis,Pence,Ramaswamy,Trump
0.879255,Trump,DeSantis,Ramaswamy,Youngkin,Suarez,Christie,Scott,Burgum,Elder,Pence,Hurd,Hutchinson,Haley
0.667953,Trump,Ramaswamy,Haley,DeSantis,Christie,Scott,Pence,Hutchinson,Burgum,Elder,Suarez,Hurd,Youngkin
0.968363,Trump,Ramaswamy,DeSantis,Pence,Christie,Elder,Hurd,Scott,Haley,Hutchinson,Youngkin,Burgum,Suarez
1.002609,Trump,DeSantis,Ramaswamy,Elder,Burgum,Scott,Haley,Youngkin,Suarez,Hurd,Pence,Hutchinson,Christie
0.81823,Hutchinson,Haley,Burgum,Youngkin,Christie,Ramaswamy,Scott,Pence,Suarez,Elder,Hurd,DeSantis,Trump
1.002393,Hurd,Hutchinson,Burgum,Scott,Youngkin,Suarez,Haley,Ramaswamy,Elder,DeSantis,Christie,Pence,Trump
1.180376,Trump,Ramaswamy,DeSantis,Scott,Haley,Burgum,Youngkin,Pence,Elder,Suarez,Hutchinson,Christie,Hurd
1.084045,Trump,Haley,Burgum,DeSantis,Youngkin,Scott,Elder,Suarez,Hutchinson,Ramaswamy,Pence,Hurd,Christie
1.826138,Trump,Ramaswamy,Elder,DeSantis,Youngkin,Burgum,Suarez,Christie,Haley,Hurd,Hutchinson,Scott,Pence
1.036417,Hurd,Christie,Haley,Pence,Suarez,Youngkin,Hutchinson,Burgum,Scott,Ramaswamy,DeSantis,Elder,Trump
0.812586,Trump,DeSantis,Haley,Pence,Ramaswamy,Scott,Hutchinson,Burgum,Suarez,Youngkin,Christie,Hurd,Elder
0.792237,Trump,Ramaswamy,DeSantis,Haley,Pence,Youngkin,Hutchinson,Scott,Elder,Hurd,Christie,Burgum,Suarez
0.735939,Christie,Pence,Hutchinson,Youngkin,Scott,Ramaswamy,Hurd,Burgum,Elder,Haley,Suarez,DeSantis,Trump
0.741903,Pence,Trump,DeSantis,Haley,Christie,Hurd,Ramaswamy,Elder,Scott,Burgum,Youngkin,Suarez,Hutchinson
1.04502,Christie,Hutchinson,Scott,Pence,Hurd,Youngkin,Haley,Burgum,Elder,Suarez,Ramaswamy,DeSantis,Trump
2.102951,Trump,Haley,DeSantis,Pence,Christie,Ramaswamy,Hurd,Scott,Youngkin,Elder,Hutchinson,Burgum,Suarez
0.798657,Trump,DeSantis,Haley,Pence,Scott,Christie,Hurd,Burgum,Hutchinson,Elder,Youngkin,Suarez,Ramaswamy
0.823768,Trump,DeSantis,Scott,Pence,Christie,Burgum,Youngkin,Haley,Hutchinson,Suarez,Hurd,Ramaswamy,Elder
0.798657,DeSantis,Burgum,Haley,Elder,Youngkin,Hurd,Suarez,Ramaswamy,Christie,Pence,Hutchinson,Scott,Trump
0.786484,Trump,Ramaswamy,Scott,Hurd,Burgum,DeSantis,Elder,Suarez,Hutchinson,Youngkin,Haley,Christie,Pence
0.970759,Trump,Haley,Scott,DeSantis,Ramaswamy,Burgum,Suarez,Elder,Youngkin,Hurd,Pence,Christie,Hutchinson
1.049608,Trump,Ramaswamy,Scott,Haley,Elder,DeSantis,Pence,Burgum,Hurd,Youngkin,Hutchinson,Christie,Suarez
0.970759,Trump,Haley,Scott,DeSantis,Ramaswamy,Burgum,Suarez,Elder,Youngkin,Hurd,Pence,Christie,Hutchinson
1.117221,Trump,DeSantis,Ramaswamy,Haley,Youngkin,Christie,Elder,Burgum,Hutchinson,Suarez,Hurd,Scott,Pence
1.033456,Haley,DeSantis,Scott,Ramaswamy,Pence,Christie,Trump,Elder,Hutchinson,Burgum,Hurd,Youngkin,Suarez
1.164009,Ramaswamy,DeSantis,Christie,Haley,Hutchinson,Suarez,Youngkin,Hurd,Burgum,Elder,Scott,Pence,Trump
0.603219,Trump,Ramaswamy,DeSantis,Haley,Scott,Elder,Hurd,Suarez,Burgum,Hutchinson,Youngkin,Pence,Christie
0.679403,Christie,Haley,Youngkin,Pence,Burgum,Scott,Elder,Suarez,Hutchinson,Hurd,Ramaswamy,DeSantis,Trump
0.970759,Trump,Ramaswamy,Youngkin,DeSantis,Haley,Elder,Scott,Burgum,Hurd,Suarez,Hutchinson,Pence,Christie
0.710658,Trump,Ramaswamy,Pence,Elder,Haley,Scott,Burgum,Hutchinson,Hurd,Christie,Youngkin,Suarez,DeSantis
1.04502,Christie,Haley,Ramaswamy,Elder,Hutchinson,Scott,Hurd,Youngkin,Suarez,Burgum,Pence,DeSantis,Trump
0.854256,Trump,Ramaswamy,DeSantis,Haley,Youngkin,Scott,Suarez,Elder,Hurd,Hutchinson,Burgum,Christie,Pence
0.670254,Trump,DeSantis,Pence,Elder,Hurd,Burgum,Hutchinson,Youngkin,Scott,Haley,Suarez,Ramaswamy,Christie
1.04502,Christie,Haley,Ramaswamy,Elder,Hutchinson,Scott,Hurd,Youngkin,Suarez,Burgum,Pence,DeSantis,Trump
0.93342,Trump,Pence,Hutchinson,Scott,DeSantis,Burgum,Ramaswamy,Elder,Hurd,Youngkin,Christie,Suarez,Haley
0.606725,Trump,Pence,Ramaswamy,Scott,Elder,Christie,Youngkin,Burgum,Hurd,Hutchinson,Suarez,Haley,DeSantis
0.812586,Trump,DeSantis,Haley,Pence,Ramaswamy,Scott,Hutchinson,Burgum,Suarez,Youngkin,Christie,Hurd,Elder
0.709101,Scott,DeSantis,Burgum,Christie,Hutchinson,Elder,Ramaswamy,Trump,Hurd,Pence,Youngkin,Haley,Suarez
0.929519,Trump,DeSantis,Scott,Hutchinson,Ramaswamy,Elder,Hurd,Suarez,Burgum,Youngkin,Haley,Pence,Christie
0.56361,Ramaswamy,Trump,DeSantis,Haley,Scott,Youngkin,Elder,Burgum,Hurd,Hutchinson,Christie,Suarez,Pence
0.827631,Pence,DeSantis,Ramaswamy,Haley,Christie,Trump,Hutchinson,Elder,Youngkin,Hurd,Suarez,Scott,Burgum
0.708142,Elder,Scott,Haley,Pence,Suarez,Ramaswamy,Hurd,Burgum,DeSantis,Youngkin,Hutchinson,Trump,Christie
0.690412,DeSantis,Scott,Youngkin,Haley,Trump,Ramaswamy,Hutchinson,Burgum,Elder,Suarez,Hurd,Christie,Pence
0.768818,Ramaswamy,Hutchinson,DeSantis,Scott,Haley,Suarez,Elder,Hurd,Christie,Youngkin,Pence,Burgum,Trump
1.017577,Trump,Ramaswamy,Haley,Burgum,Suarez,Christie,Elder,Hurd,Pence,Scott,DeSantis,Hutchinson,Youngkin
0.720887,Pence,Ramaswamy,Scott,DeSantis,Haley,Trump,Burgum,Elder,Youngkin,Hurd,Hutchinson,Suarez,Christie
0.510624,Christie,Hurd,Youngkin,Pence,Scott,Burgum,Elder,Suarez,Haley,Hutchinson,Ramaswamy,Trump,DeSantis
1.292548,Christie,Scott,Pence,Hutchinson,Haley,Burgum,Hurd,Suarez,Elder,Youngkin,Ramaswamy,DeSantis,Trump
0.63756,Trump,Christie,Ramaswamy,Youngkin,Pence,DeSantis,Hutchinson,Hurd,Elder,Haley,Suarez,Burgum,Scott
0.603219,DeSantis,Ramaswamy,Pence,Suarez,Youngkin,Scott,Trump,Burgum,Christie,Haley,Hutchinson,Hurd,Elder
0.63756,Trump,Christie,Ramaswamy,Youngkin,Pence,DeSantis,Hutchinson,Hurd,Elder,Haley,Suarez,Burgum,Scott
0.798657,Trump,Scott,DeSantis,Haley,Ramaswamy,Christie,Elder,Hurd,Youngkin,Suarez,Burgum,Hutchinson,Pence
1.079307,Trump,Ramaswamy,DeSantis,Haley,Youngkin,Christie,Scott,Pence,Burgum,Elder,Suarez,Hurd,Hutchinson
0.960016,Ramaswamy,Haley,DeSantis,Scott,Christie,Pence,Elder,Burgum,Hutchinson,Suarez,Hurd,Youngkin,Trump
0.919605,DeSantis,Trump,Pence,Ramaswamy,Elder,Burgum,Scott,Youngkin,Hutchinson,Suarez,Hurd,Haley,Christie
1.164009,Haley,Pence,Scott,Christie,Youngkin,DeSantis,Hutchinson,Burgum,Suarez,Elder,Hurd,Ramaswamy,Trump
0.564615,Trump,DeSantis,Pence,Ramaswamy,Suarez,Christie,Scott,Haley,Elder,Hutchinson,Burgum,Youngkin,Hurd
0.886527,Trump,DeSantis,Ramaswamy,Suarez,Hutchinson,Youngkin,Scott,Hurd,Burgum,Elder,Haley,Christie,Pence
1.051336,Christie,Haley,Trump,Scott,Hutchinson,Elder,DeSantis,Hurd,Burgum,Suarez,Youngkin,Ramaswamy,Pence
0.708142,Trump,DeSantis,Ramaswamy,Pence,Suarez,Christie,Haley,Scott,Hurd,Hutchinson,Youngkin,Burgum,Elder
0.516129,Trump,DeSantis,Scott,Haley,Ramaswamy,Youngkin,Pence,Suarez,Hurd,Hutchinson,Burgum,Elder,Christie
0.819929,Ramaswamy,Trump,DeSantis,Haley,Christie,Pence,Scott,Hurd,Suarez,Youngkin,Elder,Hutchinson,Burgum
0.91927,DeSantis,Ramaswamy,Pence,Trump,Youngkin,Christie,Burgum,Scott,Hurd,Hutchinson,Suarez,Elder,Haley
1.114478,Trump,Pence,Ramaswamy,Scott,Christie,DeSantis,Haley,Elder,Burgum,Youngkin,Suarez,Hutchinson,Hurd
1.164009,Christie,Haley,DeSantis,Scott,Ramaswamy,Youngkin,Pence,Burgum,Hutchinson,Hurd,Suarez,Elder,Trump
0.510624,Christie,Hurd,Youngkin,Pence,Scott,Burgum,Elder,Suarez,Haley,Hutchinson,Ramaswamy,Trump,DeSantis
0.695049,Ramaswamy,Pence,Christie,Trump,Scott,Hutchinson,Burgum,Hurd,DeSantis,Youngkin,Haley,Elder,Suarez
0.787886,Trump,DeSantis,Suarez,Hurd,Burgum,Pence,Scott,Haley,Elder,Hutchinson,Youngkin,Christie,Ramaswamy
0.56361,Trump,Haley,DeSantis,Elder,Christie,Hutchinson,Suarez,Hurd,Burgum,Ramaswamy,Scott,Youngkin,Pence
1.04502,Ramaswamy,DeSantis,Christie,Pence,Haley,Hutchinson,Scott,Youngkin,Burgum,Elder,Suarez,Trump,Hurd
0.718335,Christie,Pence,Haley,Suarez,Burgum,DeSantis,Scott,Elder,Hurd,Hutchinson,Youngkin,Ramaswamy,Trump
0.996977,Trump,DeSantis,Haley,Ramaswamy,Scott,Burgum,Youngkin,Elder,Hurd,Hutchinson,Suarez,Christie,Pence
0.901839,Pence,Christie,Scott,Suarez,Hutchinson,Burgum,Hurd,Youngkin,Elder,Haley,DeSantis,Ramaswamy,Trump
0.839247,Trump,Pence,DeSantis,Scott,Youngkin,Hurd,Burgum,Haley,Hutchinson,Elder,Ramaswamy,Christie,Suarez
0.667953,Trump,Ramaswamy,Haley,DeSantis,Christie,Scott,Pence,Hutchinson,Burgum,Elder,Suarez,Hurd,Youngkin
0.709101,Scott,DeSantis,Burgum,Christie,Hutchinson,Elder,Ramaswamy,Trump,Hurd,Pence,Youngkin,Haley,Suarez
0.903189,Haley,Pence,Ramaswamy,Scott,Elder,Suarez,Youngkin,Burgum,DeSantis,Christie,Hurd,Hutchinson,Trump
0.690412,Trump,Ramaswamy,DeSantis,Pence,Scott,Elder,Hurd,Haley,Burgum,Suarez,Hutchinson,Christie,Youngkin
1.134561,Haley,Christie,Scott,Burgum,Hutchinson,Suarez,Youngkin,Hurd,Pence,Elder,DeSantis,Ramaswamy,Trump
1.339645,Ramaswamy,Burgum,Haley,Hutchinson,Scott,DeSantis,Trump,Pence,Christie,Youngkin,Hurd,Suarez,Elder
0.792237,DeSantis,Haley,Youngkin,Pence,Scott,Suarez,Ramaswamy,Elder,Hurd,Hutchinson,Burgum,Trump,Christie
0.901839,Trump,Ramaswamy,Pence,DeSantis,Suarez,Burgum,Hutchinson,Hurd,Youngkin,Christie,Scott,Elder,Haley
0.73399,Trump,DeSantis,Ramaswamy,Pence,Christie,Haley,Scott,Youngkin,Elder,Hutchinson,Burgum,Suarez,Hurd
1.084801,Trump,DeSantis,Haley,Burgum,Scott,Ramaswamy,Youngkin,Pence,Christie,Suarez,Elder,Hurd,Hutchinson
1.114478,Trump,Pence,Ramaswamy,Scott,Christie,DeSantis,Haley,Elder,Burgum,Youngkin,Suarez,Hutchinson,Hurd
0.704801,Trump,Scott,Youngkin,Burgum,Ramaswamy,Hutchinson,Hurd,Elder,Suarez,DeSantis,Christie,Pence,Haley
0.826818,DeSantis,Burgum,Scott,Ramaswamy,Hurd,Trump,Haley,Christie,Hutchinson,Elder,Pence,Suarez,Youngkin
1.308647,Haley,Pence,DeSantis,Elder,Youngkin,Christie,Hutchinson,Hurd,Scott,Burgum,Suarez,Trump,Ramaswamy
0.564615,Scott,Ramaswamy,Pence,DeSantis,Christie,Elder,Trump,Hutchinson,Youngkin,Hurd,Haley,Suarez,Burgum
1.376605,Christie,Hutchinson,Scott,Elder,Youngkin,Suarez,Hurd,Burgum,Haley,Pence,Ramaswamy,DeSantis,Trump
0.627394,Ramaswamy,Pence,Scott,Trump,Haley,DeSantis,Christie,Burgum,Elder,Suarez,Youngkin,Hurd,Hutchinson
0.95828,Trump,DeSantis,Haley,Ramaswamy,Scott,Youngkin,Pence,Elder,Burgum,Suarez,Hurd,Christie,Hutchinson
1.004181,Trump,DeSantis,Youngkin,Haley,Ramaswamy,Scott,Burgum,Pence,Elder,Hutchinson,Suarez,Christie,Hurd
0.886784,DeSantis,Pence,Christie,Scott,Burgum,Hurd,Elder,Youngkin,Suarez,Ramaswamy,Hutchinson,Haley,Trump
1.051336,Christie,Haley,Trump,Scott,Hutchinson,Elder,DeSantis,Hurd,Burgum,Suarez,Youngkin,Ramaswamy,Pence
1.297777,Trump,DeSantis,Ramaswamy,Haley,Hutchinson,Scott,Christie,Youngkin,Elder,Hurd,Burgum,Suarez,Pence
1.559977,Trump,Ramaswamy,DeSantis,Scott,Haley,Elder,Youngkin,Hutchinson,Burgum,Hurd,Suarez,Pence,Christie
1.086363,Trump,Haley,DeSantis,Scott,Pence,Elder,Ramaswamy,Youngkin,Burgum,Hutchinson,Hurd,Christie,Suarez
1.253053,Trump,DeSantis,Pence,Haley,Scott,Ramaswamy,Youngkin,Burgum,Elder,Hurd,Suarez,Hutchinson,Christie
0.960405,Christie,Haley,Ramaswamy,Burgum,Pence,Scott,Elder,Suarez,Hurd,Youngkin,Hutchinson,DeSantis,Trump
1.134561,Haley,Pence,DeSantis,Christie,Trump,Burgum,Scott,Ramaswamy,Hurd,Youngkin,Elder,Suarez,Hutchinson
0.68511,Pence,Ramaswamy,DeSantis,Hurd,Christie,Elder,Suarez,Burgum,Scott,Haley,Youngkin,Hutchinson,Trump
1.219104,Trump,DeSantis,Ramaswamy,Haley,Youngkin,Burgum,Hutchinson,Pence,Scott,Hurd,Elder,Suarez,Christie
1.669118,Trump,DeSantis,Youngkin,Pence,Hurd,Elder,Hutchinson,Suarez,Ramaswamy,Haley,Christie,Scott,Burgum
1.056898,Trump,Haley,DeSantis,Ramaswamy,Scott,Elder,Youngkin,Burgum,Hurd,Suarez,Hutchinson,Pence,Christie
0.819929,Ramaswamy,Trump,Hutchinson,DeSantis,Pence,Scott,Suarez,Elder,Youngkin,Hurd,Burgum,Haley,Christie
1.004181,DeSantis,Ramaswamy,Trump,Haley,Scott,Christie,Pence,Burgum,Hurd,Elder,Suarez,Hutchinson,Youngkin
0.614214,Trump,Scott,Hurd,Pence,Ramaswamy,Suarez,Elder,Haley,Christie,Hutchinson,Youngkin,Burgum,DeSantis
0.996977,Trump,Christie,Haley,Scott,DeSantis,Elder,Suarez,Hurd,Hutchinson,Youngkin,Burgum,Ramaswamy,Pence
0.992095,Trump,Pence,Christie,Ramaswamy,Hutchinson,Haley,Scott,DeSantis,Elder,Hurd,Suarez,Youngkin,Burgum
0.567195,Trump,Ramaswamy,Christie,Hurd,Haley,Pence,Youngkin,DeSantis,Elder,Suarez,Burgum,Scott,Hutchinson
1.134561,Haley,Christie,Scott,Burgum,Hutchinson,Suarez,Youngkin,Hurd,Pence,Elder,DeSantis,Ramaswamy,Trump
1.036417,Haley,Christie,DeSantis,Pence,Hutchinson,Youngkin,Burgum,Hurd,Suarez,Ramaswamy,Scott,Elder,Trump
1.400831,Ramaswamy,Christie,Pence,DeSantis,Haley,Elder,Scott,Youngkin,Suarez,Hutchinson,Hurd,Burgum,Trump
0.621594,Trump,Hurd,Elder,Christie,Pence,Hutchinson,Haley,Youngkin,Burgum,DeSantis,Scott,Suarez,Ramaswamy
0.917634,Trump,DeSantis,Haley,Ramaswamy,Scott,Elder,Youngkin,Hurd,Hutchinson,Suarez,Burgum,Pence,Christie
0.592254,Trump,Haley,Hutchinson,Pence,Ramaswamy,DeSantis,Scott,Elder,Christie,Youngkin,Hurd,Suarez,Burgum
0.929519,Christie,Haley,Burgum,Suarez,Elder,Hurd,Hutchinson,Youngkin,Scott,Ramaswamy,DeSantis,Trump,Pence
0.516129,Trump,Pence,Ramaswamy,DeSantis,Haley,Christie,Youngkin,Scott,Hutchinson,Suarez,Elder,Burgum,Hurd
1.095555,Trump,DeSantis,Ramaswamy,Scott,Haley,Burgum,Hutchinson,Hurd,Elder,Youngkin,Suarez,Pence,Christie
0.970759,Christie,Hutchinson,Burgum,Hurd,Youngkin,Elder,Haley,Scott,Ramaswamy,DeSantis,Pence,Trump,Suarez
0.741903,Ramaswamy,Christie,Elder,Youngkin,DeSantis,Burgum,Haley,Scott,Hurd,Pence,Suarez,Hutchinson,Trump
0.709101,Trump,DeSantis,Pence,Haley,Ramaswamy,Hurd,Suarez,Youngkin,Scott,Elder,Christie,Hutchinson,Burgum
0.704801,Trump,Scott,Youngkin,Burgum,Ramaswamy,Hutchinson,Hurd,Elder,Suarez,DeSantis,Christie,Pence,Haley
1.219104,Trump,DeSantis,Scott,Haley,Elder,Ramaswamy,Youngkin,Burgum,Hutchinson,Hurd,Suarez,Pence,Christie
0.660157,Trump,Ramaswamy,DeSantis,Haley,Scott,Elder,Pence,Hutchinson,Hurd,Christie,Youngkin,Suarez,Burgum
0.903189,Haley,Christie,Scott,Pence,Burgum,Ramaswamy,DeSantis,Hutchinson,Youngkin,Elder,Hurd,Suarez,Trump
0.79963,Trump,Ramaswamy,Scott,DeSantis,Christie,Hutchinson,Haley,Pence,Suarez,Youngkin,Elder,Hurd,Burgum
0.762857,Trump,DeSantis,Ramaswamy,Pence,Hutchinson,Elder,Youngkin,Christie,Burgum,Hurd,Suarez,Scott,Haley
0.839247,Trump,Pence,Scott,Hurd,Burgum,Haley,Ramaswamy,Suarez,Hutchinson,Elder,DeSantis,Youngkin,Christie
1.376055,Trump,Ramaswamy,Pence,Haley,Elder,Youngkin,DeSantis,Scott,Hurd,Hutchinson,Suarez,Burgum,Christie
0.886784,DeSantis,Trump,Haley,Ramaswamy,Scott,Youngkin,Pence,Elder,Christie,Suarez,Hutchinson,Hurd,Burgum
0.624392,Trump,Ramaswamy,DeSantis,Scott,Elder,Hurd,Youngkin,Suarez,Hutchinson,Christie,Haley,Burgum,Pence
0.812586,Trump,DeSantis,Pence,Hutchinson,Hurd,Haley,Christie,Ramaswamy,Youngkin,Burgum,Scott,Suarez,Elder
0.727926,Trump,Ramaswamy,DeSantis,Hutchinson,Haley,Youngkin,Pence,Suarez,Hurd,Scott,Burgum,Elder,Christie
2.102951,Christie,Haley,Hutchinson,Scott,Hurd,Youngkin,Suarez,Burgum,Elder,DeSantis,Pence,Ramaswamy,Trump
0.650804,Trump,Christie,Ramaswamy,Elder,Burgum,Hurd,DeSantis,Scott,Haley,Youngkin,Suarez,Hutchinson,Pence
0.690412,Haley,Suarez,Burgum,Pence,Christie,Trump,Ramaswamy,Hutchinson,Hurd,Scott,DeSantis,Youngkin,Elder
1.131761,DeSantis,Trump,Pence,Elder,Christie,Suarez,Burgum,Youngkin,Haley,Scott,Ramaswamy,Hutchinson,Hurd
1.669118,Ramaswamy,Trump,Scott,Burgum,Youngkin,Haley,Elder,Hurd,Suarez,Pence,DeSantis,Hutchinson,Christie
0.925859,Trump,Pence,Ramaswamy,Hutchinson,DeSantis,Youngkin,Scott,Suarez,Elder,Burgum,Christie,Haley,Hurd
0.837753,Trump,Pence,Haley,DeSantis,Scott,Elder,Ramaswamy,Hutchinson,Burgum,Youngkin,Suarez,Hurd,Christie
1.134561,Hutchinson,Christie,Scott,Haley,Hurd,Youngkin,Burgum,Suarez,DeSantis,Elder,Ramaswamy,Pence,Trump
0.660172,Trump,Ramaswamy,DeSantis,Scott,Elder,Haley,Burgum,Youngkin,Hurd,Suarez,Hutchinson,Pence,Christie
0.851323,Trump,Ramaswamy,Christie,Youngkin,Haley,Pence,Elder,Hurd,Scott,Hutchinson,DeSantis,Burgum,Suarez
0.9069,Trump,DeSantis,Pence,Haley,Christie,Hurd,Youngkin,Elder,Suarez,Burgum,Scott,Hutchinson,Ramaswamy
0.650804,Ramaswamy,Trump,Haley,Hutchinson,Youngkin,Suarez,Burgum,Elder,Hurd,Christie,Pence,Scott,DeSantis
1.180376,Trump,Ramaswamy,DeSantis,Scott,Haley,Burgum,Youngkin,Pence,Elder,Suarez,Hutchinson,Christie,Hurd
0.567195,Youngkin,Trump,Scott,Haley,Hurd,Christie,Hutchinson,Suarez,Elder,Ramaswamy,Burgum,Pence,DeSantis
0.68511,Pence,Ramaswamy,Trump,Scott,Haley,DeSantis,Hurd,Christie,Youngkin,Hutchinson,Burgum,Elder,Suarez
0.658711,Trump,Ramaswamy,Haley,Christie,Suarez,Elder,DeSantis,Pence,Hurd,Youngkin,Scott,Hutchinson,Burgum
0.901839,Pence,Christie,Scott,Suarez,Hutchinson,Burgum,Hurd,Youngkin,Elder,Haley,DeSantis,Ramaswamy,Trump
0.640195,Trump,DeSantis,Pence,Scott,Haley,Ramaswamy,Christie,Hurd,Elder,Hutchinson,Burgum,Suarez,Youngkin
0.690412,Trump,Ramaswamy,DeSantis,Pence,Scott,Elder,Hurd,Haley,Burgum,Suarez,Hutchinson,Christie,Youngkin
0.767178,Trump,DeSantis,Hutchinson,Suarez,Elder,Scott,Ramaswamy,Christie,Pence,Burgum,Youngkin,Hurd,Haley
1.400831,Ramaswamy,Christie,Pence,DeSantis,Haley,Elder,Scott,Youngkin,Suarez,Hutchinson,Hurd,Burgum,Trump
0.968735,Trump,DeSantis,Ramaswamy,Hutchinson,Burgum,Hurd,Scott,Elder,Youngkin,Haley,Suarez,Christie,Pence
1.017577,Trump,Ramaswamy,Haley,Burgum,Suarez,Christie,Elder,Hurd,Pence,Scott,DeSantis,Hutchinson,Youngkin
0.720887,Pence,Ramaswamy,Scott,DeSantis,Haley,Trump,Burgum,Elder,Youngkin,Hurd,Hutchinson,Suarez,Christie
0.724205,Haley,Ramaswamy,Suarez,Elder,Hurd,Hutchinson,Youngkin,Christie,Burgum,Scott,Pence,DeSantis,Trump
1.134561,Haley,Pence,DeSantis,Christie,Trump,Burgum,Scott,Ramaswamy,Hurd,Youngkin,Elder,Suarez,Hutchinson
0.603219,DeSantis,Ramaswamy,Pence,Suarez,Youngkin,Scott,Trump,Burgum,Christie,Haley,Hutchinson,Hurd,Elder
0.819929,DeSantis,Trump,Pence,Ramaswamy,Elder,Burgum,Youngkin,Hutchinson,Scott,Hurd,Haley,Suarez,Christie
1.180376,DeSantis,Trump,Ramaswamy,Haley,Scott,Youngkin,Elder,Hutchinson,Suarez,Hurd,Burgum,Christie,Pence
1.459965,Trump,Ramaswamy,DeSantis,Christie,Burgum,Hurd,Elder,Suarez,Haley,Youngkin,Pence,Hutchinson,Scott
1.049608,Trump,Ramaswamy,Haley,DeSantis,Scott,Pence,Burgum,Christie,Youngkin,Elder,Hurd,Hutchinson,Suarez
1.079307,Trump,Ramaswamy,DeSantis,Haley,Youngkin,Christie,Scott,Pence,Burgum,Elder,Suarez,Hurd,Hutchinson
1.444802,Haley,Scott,Trump,Youngkin,Ramaswamy,DeSantis,Hutchinson,Pence,Burgum,Suarez,Hurd,Christie,Elder
0.917571,Trump,Ramaswamy,DeSantis,Elder,Youngkin,Hutchinson,Haley,Suarez,Hurd,Pence,Burgum,Scott,Christie
0.947572,Trump,DeSantis,Scott,Pence,Haley,Youngkin,Elder,Hurd,Burgum,Hutchinson,Ramaswamy,Christie,Suarez
1.219104,DeSantis,Trump,Ramaswamy,Haley,Scott,Elder,Youngkin,Pence,Suarez,Burgum,Hurd,Christie,Hutchinson
1.084045,Trump,Haley,Burgum,DeSantis,Youngkin,Scott,Elder,Suarez,Hutchinson,Ramaswamy,Pence,Hurd,Christie
0.65782,Ramaswamy,Pence,Haley,DeSantis,Hurd,Scott,Suarez,Trump,Hutchinson,Burgum,Christie,Elder,Youngkin
0.650804,Ramaswamy,Trump,Haley,Hutchinson,Youngkin,Suarez,Burgum,Elder,Hurd,Christie,Pence,Scott,DeSantis
1.015766,Pence,Haley,DeSantis,Scott,Burgum,Christie,Elder,Suarez,Youngkin,Hutchinson,Trump,Ramaswamy,Hurd
1.014141,Trump,Youngkin,Ramaswamy,Scott,Elder,DeSantis,Haley,Burgum,Suarez,Pence,Hutchinson,Hurd,Christie
0.567195,Youngkin,Trump,Scott,Haley,Hurd,Christie,Hutchinson,Suarez,Elder,Ramaswamy,Burgum,Pence,DeSantis
0.65782,Ramaswamy,Haley,Hutchinson,Pence,Youngkin,Burgum,Elder,Suarez,Hurd,Christie,Scott,DeSantis,Trump
0.639186,Pence,Scott,Haley,Ramaswamy,DeSantis,Trump,Burgum,Youngkin,Suarez,Elder,Hurd,Hutchinson,Christie
0.786484,Ramaswamy,Trump,DeSantis,Haley,Pence,Hurd,Burgum,Hutchinson,Elder,Scott,Suarez,Christie,Youngkin
0.690412,Trump,Ramaswamy,DeSantis,Pence,Scott,Elder,Hurd,Haley,Burgum,Suarez,Hutchinson,Christie,Youngkin
0.839247,Trump,Pence,DeSantis,Scott,Youngkin,Hurd,Burgum,Haley,Hutchinson,Elder,Ramaswamy,Christie,Suarez
0.690412,Trump,Ramaswamy,DeSantis,Pence,Scott,Elder,Hurd,Haley,Burgum,Suarez,Hutchinson,Christie,Youngkin
0.819929,Ramaswamy,Trump,Hutchinson,DeSantis,Pence,Scott,Suarez,Elder,Youngkin,Hurd,Burgum,Haley,Christie
0.668479,Trump,Burgum,Elder,Ramaswamy,Youngkin,Scott,DeSantis,Pence,Hutchinson,Haley,Christie,Suarez,Hurd
0.552991,Trump,DeSantis,Scott,Ramaswamy,Hutchinson,Haley,Christie,Youngkin,Hurd,Elder,Burgum,Suarez,Pence
1.023323,DeSantis,Trump,Scott,Christie,Youngkin,Hutchinson,Burgum,Suarez,Haley,Elder,Pence,Hurd,Ramaswamy
0.773286,Christie,Scott,Haley,Elder,Ramaswamy,Hurd,Pence,Youngkin,Hutchinson,Suarez,DeSantis,Trump,Burgum
1.069759,Trump,Ramaswamy,Youngkin,DeSantis,Scott,Haley,Burgum,Pence,Hurd,Suarez,Hutchinson,Christie,Elder
0.93342,Trump,Ramaswamy,Elder,Scott,DeSantis,Hurd,Burgum,Youngkin,Suarez,Hutchinson,Haley,Christie,Pence
1.129901,Trump,Ramaswamy,Haley,Youngkin,DeSantis,Scott,Elder,Hutchinson,Hurd,Suarez,Burgum,Pence,Christie
1.533806,Trump,Ramaswamy,DeSantis,Haley,Scott,Christie,Pence,Suarez,Youngkin,Elder,Hurd,Burgum,Hutchinson
0.851323,DeSantis,Ramaswamy,Haley,Trump,Youngkin,Suarez,Elder,Hurd,Scott,Hutchinson,Pence,Christie,Burgum
1.049608,Trump,Pence,Ramaswamy,Haley,Scott,DeSantis,Suarez,Hurd,Hutchinson,Youngkin,Elder,Burgum,Christie
2.728993,Haley,Christie,Youngkin,Scott,Burgum,Ramaswamy,DeSantis,Pence,Hutchinson,Suarez,Hurd,Elder,Trump
0.564481,DeSantis,Youngkin,Christie,Haley,Burgum,Scott,Hurd,Elder,Hutchinson,Suarez,Ramaswamy,Pence,Trump
0.792237,Trump,DeSantis,Scott,Ramaswamy,Elder,Youngkin,Christie,Burgum,Pence,Suarez,Hurd,Hutchinson,Haley
0.708142,Trump,DeSantis,Ramaswamy,Scott,Pence,Hurd,Burgum,Suarez,Hutchinson,Elder,Christie,Youngkin,Haley
2.132521,Christie,Hutchinson,Haley,Pence,Hurd,Elder,Suarez,Burgum,Youngkin,Scott,Ramaswamy,DeSantis,Trump
0.746623,Pence,Trump,Ramaswamy,Youngkin,Suarez,Hurd,Hutchinson,Christie,Elder,Burgum,DeSantis,Haley,Scott
0.792237,DeSantis,Haley,Youngkin,Pence,Scott,Suarez,Ramaswamy,Elder,Hurd,Hutchinson,Burgum,Trump,Christie
1.121883,Ramaswamy,Haley,DeSantis,Trump,Hurd,Christie,Suarez,Pence,Burgum,Youngkin,Scott,Elder,Hutchinson
0.722173,Trump,Ramaswamy,DeSantis,Hutchinson,Hurd,Suarez,Pence,Elder,Christie,Scott,Youngkin,Haley,Burgum
0.639186,Pence,Scott,Haley,Ramaswamy,DeSantis,Trump,Burgum,Youngkin,Suarez,Elder,Hurd,Hutchinson,Christie
0.658711,DeSantis,Haley,Trump,Ramaswamy,Christie,Pence,Scott,Burgum,Elder,Hurd,Suarez,Youngkin,Hutchinson
2.045976,Ramaswamy,Trump,DeSantis,Youngkin,Haley,Elder,Scott,Hurd,Hutchinson,Suarez,Burgum,Pence,Christie
0.93342,Trump,Ramaswamy,Elder,Scott,DeSantis,Hurd,Burgum,Youngkin,Suarez,Hutchinson,Haley,Christie,Pence
0.960016,Youngkin,Haley,Christie,Trump,DeSantis,Scott,Pence,Hutchinson,Elder,Burgum,Suarez,Hurd,Ramaswamy
0.886784,DeSantis,Trump,Haley,Ramaswamy,Scott,Youngkin,Pence,Elder,Christie,Suarez,Hutchinson,Hurd,Burgum
0.87319,Christie,Scott,Elder,Burgum,Hutchinson,Hurd,Youngkin,DeSantis,Ramaswamy,Suarez,Haley,Pence,Trump
1.253053,Trump,DeSantis,Pence,Haley,Scott,Ramaswamy,Youngkin,Burgum,Elder,Hurd,Suarez,Hutchinson,Christie
0.837116,Scott,Suarez,Haley,Youngkin,DeSantis,Pence,Hutchinson,Ramaswamy,Burgum,Hurd,Christie,Elder,Trump
1.546149,DeSantis,Haley,Ramaswamy,Scott,Trump,Pence,Elder,Burgum,Youngkin,Christie,Hutchinson,Hurd,Suarez
0.718335,DeSantis,Ramaswamy,Haley,Scott,Pence,Elder,Youngkin,Hurd,Suarez,Burgum,Christie,Hutchinson,Trump
1.188447,Haley,DeSantis,Ramaswamy,Burgum,Hurd,Scott,Hutchinson,Elder,Suarez,Youngkin,Christie,Pence,Trump
0.868636,Trump,Ramaswamy,Burgum,Suarez,Haley,Youngkin,Hutchinson,DeSantis,Scott,Hurd,Elder,Pence,Christie
0.929519,Christie,Haley,Burgum,Suarez,Elder,Hurd,Hutchinson,Youngkin,Scott,Ramaswamy,DeSantis,Trump,Pence
0.95828,Trump,Ramaswamy,Pence,DeSantis,Haley,Burgum,Elder,Suarez,Scott,Youngkin,Hutchinson,Christie,Hurd
2.313415,Trump,DeSantis,Ramaswamy,Burgum,Haley,Hutchinson,Scott,Youngkin,Pence,Hurd,Suarez,Elder,Christie
2.220458,Trump,DeSantis,Haley,Ramaswamy,Elder,Scott,Pence,Youngkin,Burgum,Hurd,Suarez,Hutchinson,Christie
0.621594,Trump,Hurd,Elder,Christie,Pence,Hutchinson,Haley,Youngkin,Burgum,DeSantis,Scott,Suarez,Ramaswamy
0.886527,Trump,Ramaswamy,Haley,DeSantis,Pence,Youngkin,Hutchinson,Elder,Suarez,Hurd,Burgum,Scott,Christie
0.838528,Trump,DeSantis,Ramaswamy,Pence,Youngkin,Elder,Haley,Hurd,Hutchinson,Suarez,Burgum,Scott,Christie
0.614214,Trump,Ramaswamy,DeSantis,Christie,Scott,Hutchinson,Youngkin,Haley,Hurd,Elder,Suarez,Burgum,Pence
0.929519,Trump,DeSantis,Ramaswamy,Scott,Haley,Elder,Hutchinson,Burgum,Youngkin,Pence,Hurd,Suarez,Christie
0.930194,Ramaswamy,Youngkin,Pence,Hutchinson,Scott,Trump,Christie,Suarez,Hurd,Haley,DeSantis,Elder,Burgum
0.932463,Trump,DeSantis,Haley,Ramaswamy,Youngkin,Scott,Hurd,Suarez,Burgum,Elder,Pence,Christie,Hutchinson
0.672156,Ramaswamy,Trump,Elder,Suarez,Hutchinson,Scott,Hurd,Burgum,Haley,Youngkin,Christie,DeSantis,Pence
0.63756,Trump,Haley,Hutchinson,Scott,Christie,Youngkin,DeSantis,Pence,Ramaswamy,Elder,Burgum,Hurd,Suarez
0.474338,Ramaswamy,Hutchinson,Youngkin,Haley,Hurd,Burgum,Pence,Elder,Scott,Christie,Suarez,DeSantis,Trump
0.612993,Trump,DeSantis,Pence,Ramaswamy,Christie,Haley,Scott,Burgum,Elder,Hutchinson,Suarez,Hurd,Youngkin
0.992095,Trump,Pence,Christie,Ramaswamy,Hutchinson,Haley,Scott,DeSantis,Elder,Hurd,Suarez,Youngkin,Burgum
0.899549,Ramaswamy,Trump,Hutchinson,Elder,Suarez,Youngkin,Burgum,Christie,Scott,Haley,DeSantis,Pence,Hurd
1.221353,Trump,DeSantis,Ramaswamy,Pence,Burgum,Christie,Youngkin,Haley,Hurd,Hutchinson,Elder,Scott,Suarez
0.798657,Trump,Haley,Ramaswamy,DeSantis,Scott,Hutchinson,Pence,Elder,Burgum,Youngkin,Hurd,Suarez,Christie
0.636425,Trump,DeSantis,Ramaswamy,Pence,Haley,Christie,Elder,Burgum,Hutchinson,Suarez,Hurd,Scott,Youngkin
0.668479,Trump,DeSantis,Haley,Ramaswamy,Pence,Christie,Burgum,Suarez,Hurd,Elder,Hutchinson,Scott,Youngkin
1.079307,Trump,Ramaswamy,DeSantis,Haley,Youngkin,Christie,Scott,Pence,Burgum,Elder,Suarez,Hurd,Hutchinson
1.188447,Haley,DeSantis,Ramaswamy,Burgum,Hurd,Scott,Hutchinson,Elder,Suarez,Youngkin,Christie,Pence,Trump
1.488257,DeSantis,Ramaswamy,Pence,Hutchinson,Haley,Christie,Trump,Scott,Suarez,Elder,Burgum,Hurd,Youngkin
0.819929,Trump,DeSantis,Ramaswamy,Pence,Christie,Scott,Suarez,Youngkin,Hutchinson,Hurd,Burgum,Elder,Haley
0.888483,Trump,Ramaswamy,DeSantis,Haley,Scott,Christie,Burgum,Pence,Elder,Youngkin,Hutchinson,Suarez,Hurd
0.672156,Ramaswamy,Trump,Elder,Suarez,Hutchinson,Scott,Hurd,Burgum,Haley,Youngkin,Christie,DeSantis,Pence
1.121883,Ramaswamy,Haley,DeSantis,Trump,Hurd,Christie,Suarez,Pence,Burgum,Youngkin,Scott,Elder,Hutchinson
2.102951,Christie,Haley,Hutchinson,Scott,Hurd,Youngkin,Suarez,Burgum,Elder,DeSantis,Pence,Ramaswamy,Trump
0.930194,Trump,Elder,DeSantis,Haley,Burgum,Suarez,Hurd,Ramaswamy,Hutchinson,Christie,Youngkin,Scott,Pence
2.132521,Christie,Hutchinson,Haley,Pence,Hurd,Elder,Suarez,Burgum,Youngkin,Scott,Ramaswamy,DeSantis,Trump
0.526889,Trump,DeSantis,Ramaswamy,Scott,Christie,Pence,Haley,Burgum,Elder,Youngkin,Hurd,Hutchinson,Suarez
0.671534,Ramaswamy,Trump,DeSantis,Haley,Pence,Scott,Christie,Burgum,Hutchinson,Elder,Youngkin,Suarez,Hurd
0.638382,Trump,Elder,Hutchinson,Burgum,Scott,Youngkin,Hurd,Ramaswamy,Haley,Pence,Christie,DeSantis,Suarez
0.825865,Ramaswamy,Trump,DeSantis,Christie,Haley,Scott,Burgum,Elder,Hurd,Youngkin,Hutchinson,Pence,Suarez
0.974208,DeSantis,Haley,Scott,Trump,Ramaswamy,Pence,Youngkin,Hurd,Hutchinson,Burgum,Christie,Suarez,Elder
