weight,rank1,rank2,rank3,rank4,rank5,rank6,rank7,rank8,rank9,rank10,rank11,rank12,rank13
1.121883,Ramaswamy,Pence,Christie,Haley,Trump,DeSantis,Suarez,Burgum,Hutchinson,Scott,Hurd,Youngkin,Elder
0.95828,Trump,Ramaswamy,Pence,DeSantis,Haley,Burgum,Elder,Suarez,Scott,Youngkin,Hutchinson,Christie,Hurd
0.466606,Trump,DeSantis,Haley,Ramaswamy,Pence,Hurd,Suarez,Youngkin,Christie,Hutchinson,Burgum,Scott,Elder
0.612993,Trump,DeSantis,Pence,Ramaswamy,Christie,Haley,Scott,Burgum,Elder,Hutchinson,Suarez,Hurd,Youngkin
0.671534,Scott,Pence,Trump,Suarez,Haley,Elder,Christie,Hutchinson,Youngkin,DeSantis,Burgum,Hurd,Ramaswamy
1.567187,Trump,Pence,Hurd,DeSantis,Burgum,Elder,Scott,Youngkin,Hutchinson,Ramaswamy,Christie,Suarez,Haley
1.221353,Trump,DeSantis,Ramaswamy,Pence,Burgum,Christie,Youngkin,Haley,Hurd,Hutchinson,Elder,Scott,Suarez
0.754843,Haley,Scott,DeSantis,Pence,Hutchinson,Trump,Ramaswamy,Christie,Hurd,Burgum,Youngkin,Suarez,Elder
1.084801,Ramaswamy,Haley,Christie,Burgum,Hutchinson,Elder,Scott,Pence,DeSantis,Youngkin,Hurd,Suarez,Trump
0.660172,DeSantis,Ramaswamy,Haley,Scott,Elder,Hurd,Pence,Hutchinson,Youngkin,Burgum,Christie,Suarez,Trump
0.857098,Trump,DeSantis,Pence,Christie,Scott,Hurd,Haley,Hutchinson,Burgum,Ramaswamy,Elder,Youngkin,Suarez
1.018243,Ramaswamy,Pence,Trump,Haley,Burgum,Elder,Youngkin,DeSantis,Hutchinson,Scott,Christie,Hurd,Suarez
0.650804,Ramaswamy,Trump,Haley,Hutchinson,Youngkin,Suarez,Burgum,Elder,Hurd,Christie,Pence,Scott,DeSantis
1.056898,Trump,Pence,DeSantis,Christie,Scott,Youngkin,Ramaswamy,Burgum,Suarez,Hutchinson,Hurd,Haley,Elder
1.424811,Ramaswamy,DeSantis,Trump,Elder,Youngkin,Scott,Hutchinson,Suarez,Burgum,Hurd,Pence,Haley,Christie
1.372707,Christie,Pence,DeSantis,Ramaswamy,Elder,Scott,Hurd,Youngkin,Hutchinson,Haley,Suarez,Burgum,Trump
0.555612,Trump,Scott,Elder,Hurd,Burgum,Suarez,Youngkin,Hutchinson,DeSantis,Christie,Haley,Pence,Ramaswamy
1.004181,DeSantis,Ramaswamy,Trump,Haley,Scott,Christie,Pence,Burgum,Hurd,Elder,Suarez,Hutchinson,Youngkin
1.334956,Ramaswamy,Pence,Hurd,Scott,Elder,Youngkin,Haley,Christie,DeSantis,Burgum,Suarez,Hutchinson,Trump
1.084045,Ramaswamy,Trump,Scott,Elder,DeSantis,Hurd,Haley,Burgum,Hutchinson,Suarez,Youngkin,Pence,Christie
0.825865,Trump,Pence,DeSantis,Ramaswamy,Haley,Scott,Youngkin,Elder,Burgum,Hutchinson,Hurd,Suarez,Christie
0.851323,Pence,Trump,Burgum,Suarez,Hurd,Elder,Ramaswamy,Hutchinson,Haley,Youngkin,DeSantis,Scott,Christie
0.709101,Trump,DeSantis,Pence,Haley,Ramaswamy,Hurd,Suarez,Youngkin,Scott,Elder,Christie,Hutchinson,Burgum
0.840329,Trump,Burgum,Elder,Hurd,Ramaswamy,Scott,Youngkin,Pence,Haley,DeSantis,Christie,Suarez,Hutchinson
0.751381,Ramaswamy,DeSantis,Scott,Burgum,Pence,Haley,Trump,Youngkin,Hutchinson,Christie,Suarez,Elder,Hurd
0.743226,Pence,Ramaswamy,Trump,DeSantis,Christie,Suarez,Hutchinson,Youngkin,Haley,Hurd,Scott,Elder,Burgum
1.001352,Ramaswamy,Trump,DeSantis,Christie,Haley,Suarez,Scott,Hutchinson,Hurd,Burgum,Elder,Youngkin,Pence
0.708142,Trump,DeSantis,Ramaswamy,Pence,Suarez,Christie,Haley,Scott,Hurd,Hutchinson,Youngkin,Burgum,Elder
1.079307,Trump,Ramaswamy,Pence,Haley,Scott,Elder,Suarez,Hutchinson,Burgum,Youngkin,Hurd,DeSantis,Christie
0.968735,Trump,DeSantis,Ramaswamy,Hutchinson,Burgum,Hurd,Scott,Elder,Youngkin,Haley,Suarez,Christie,Pence
1.014141,Trump,Ramaswamy,Scott,DeSantis,Elder,Youngkin,Pence,Burgum,Hurd,Hutchinson,Suarez,Christie,Haley
0.970759,Trump,Ramaswamy,DeSantis,Scott,Elder,Hutchinson,Hurd,Pence,Youngkin,Burgum,Christie,Suarez,Haley
1.217557,Haley,Christie,Pence,Scott,Burgum,Youngkin,Suarez,Hurd,Elder,Hutchinson,DeSantis,Ramaswamy,Trump
0.704801,Trump,Scott,Youngkin,Burgum,Ramaswamy,Hutchinson,Hurd,Elder,Suarez,DeSantis,Christie,Pence,Haley
0.722173,DeSantis,Haley,Christie,Ramaswamy,Elder,Youngkin,Hutchinson,Scott,Burgum,Suarez,Hurd,Pence,Trump
1.339645,Ramaswamy,Burgum,Haley,Hutchinson,Scott,DeSantis,Trump,Pence,Christie,Youngkin,Hurd,Suarez,Elder
0.974208,DeSantis,Haley,Scott,Trump,Ramaswamy,Pence,Youngkin,Hurd,Hutchinson,Burgum,Christie,Suarez,Elder
0.886527,Trump,Pence,Christie,Haley,DeSantis,Scott,Youngkin,Hurd,Elder,Burgum,Hutchinson,Ramaswamy,Suarez
0.93342,Trump,Pence,Hutchinson,Scott,DeSantis,Burgum,Ramaswamy,Elder,Hurd,Youngkin,Christie,Suarez,Haley
1.017577,Trump,Ramaswamy,Haley,Burgum,Suarez,Christie,Elder,Hurd,Pence,Scott,DeSantis,Hutchinson,Youngkin
1.611159,Burgum,Ramaswamy,Scott,Pence,DeSantis,Haley,Hutchinson,Trump,Youngkin,Hurd,Suarez,Christie,Elder
0.709101,Christie,Trump,DeSantis,Scott,Ramaswamy,Elder,Hurd,Suarez,Haley,Burgum,Youngkin,Pence,Hutchinson
0.718335,Trump,Ramaswamy,DeSantis,Scott,Haley,Youngkin,Elder,Hutchinson,Suarez,Hurd,Burgum,Pence,Christie
1.164009,Youngkin,Haley,Scott,Hutchinson,Burgum,Pence,Christie,DeSantis,Elder,Suarez,Hurd,Ramaswamy,Trump
0.654717,Trump,Ramaswamy,Christie,Scott,Hutchinson,Suarez,Elder,Burgum,Pence,DeSantis,Hurd,Youngkin,Haley
0.976275,Trump,Ramaswamy,DeSantis,Pence,Christie,Scott,Hutchinson,Youngkin,Elder,Hurd,Haley,Burgum,Suarez
1.023323,Pence,DeSantis,Scott,Ramaswamy,Trump,Burgum,Haley,Christie,Hutchinson,Youngkin,Hurd,Elder,Suarez
0.960016,Haley,Trump,Scott,Ramaswamy,Pence,Suarez,DeSantis,Christie,Elder,Youngkin,Burgum,Hutchinson,Hurd
0.805183,Ramaswamy,Trump,Pence,Christie,Hurd,DeSantis,Hutchinson,Suarez,Elder,Youngkin,Haley,Burgum,Scott
1.180376,DeSantis,Trump,Ramaswamy,Haley,Scott,Youngkin,Elder,Hutchinson,Suarez,Hurd,Burgum,Christie,Pence
1.207837,Pence,Scott,Burgum,Hurd,Ramaswamy,Youngkin,Hutchinson,Suarez,Elder,Haley,Christie,DeSantis,Trump
1.240092,Haley,Christie,Pence,Elder,Hutchinson,Scott,Suarez,Hurd,Burgum,Youngkin,Ramaswamy,DeSantis,Trump
1.023323,DeSantis,Trump,Scott,Christie,Youngkin,Hutchinson,Burgum,Suarez,Haley,Elder,Pence,Hurd,Ramaswamy
0.968363,Trump,Ramaswamy,DeSantis,Pence,Christie,Elder,Hurd,Scott,Haley,Hutchinson,Youngkin,Burgum,Suarez
1.753818,Trump,Ramaswamy,DeSantis,Elder,Scott,Youngkin,Haley,Hurd,Burgum,Suarez,Hutchinson,Christie,Pence
0.837753,Trump,DeSantis,Ramaswamy,Scott,Elder,Burgum,Youngkin,Hurd,Suarez,Pence,Haley,Hutchinson,Christie
1.372707,Christie,Pence,DeSantis,Ramaswamy,Elder,Scott,Hurd,Youngkin,Hutchinson,Haley,Suarez,Burgum,Trump
0.718335,DeSantis,Ramaswamy,Haley,Scott,Pence,Elder,Youngkin,Hurd,Suarez,Burgum,Christie,Hutchinson,Trump
0.825865,Trump,Ramaswamy,Pence,DeSantis,Christie,Suarez,Youngkin,Haley,Hurd,Burgum,Elder,Scott,Hutchinson
1.444802,Haley,Scott,Trump,Youngkin,Ramaswamy,DeSantis,Hutchinson,Pence,Burgum,Suarez,Hurd,Christie,Elder
1.281476,Ramaswamy,Scott,Haley,Pence,DeSantis,Burgum,Youngkin,Hurd,Trump,Hutchinson,Suarez,Christie,Elder
1.247329,Trump,Ramaswamy,DeSantis,Christie,Haley,Hutchinson,Youngkin,Hurd,Suarez,Scott,Burgum,Elder,Pence
1.122006,Ramaswamy,Christie,Scott,Elder,Pence,Hurd,Youngkin,Hutchinson,Burgum,Haley,Suarez,DeSantis,Trump
1.444802,Haley,Scott,Trump,Youngkin,Ramaswamy,DeSantis,Hutchinson,Pence,Burgum,Suarez,Hurd,Christie,Elder
0.660172,DeSantis,Pence,Ramaswamy,Scott,Suarez,Hutchinson,Hurd,Elder,Christie,Haley,Youngkin,Burgum,Trump
0.867089,Trump,Haley,Scott,Elder,Hutchinson,Suarez,Youngkin,DeSantis,Pence,Christie,Burgum,Hurd,Ramaswamy
0.81114,Trump,DeSantis,Ramaswamy,Haley,Scott,Pence,Youngkin,Burgum,Hutchinson,Christie,Elder,Hurd,Suarez
0.708142,Trump,DeSantis,Ramaswamy,Scott,Pence,Hurd,Burgum,Suarez,Hutchinson,Elder,Christie,Youngkin,Haley
1.529463,Christie,Scott,Hutchinson,Hurd,DeSantis,Elder,Burgum,Pence,Youngkin,Suarez,Haley,Ramaswamy,Trump
1.219104,DeSantis,Trump,Haley,Ramaswamy,Youngkin,Burgum,Hutchinson,Hurd,Scott,Suarez,Elder,Christie,Pence
1.164009,Trump,DeSantis,Pence,Haley,Scott,Burgum,Ramaswamy,Christie,Youngkin,Hutchinson,Suarez,Hurd,Elder
0.721527,DeSantis,Ramaswamy,Haley,Trump,Youngkin,Scott,Pence,Elder,Christie,Hutchinson,Hurd,Suarez,Burgum
0.93342,Trump,Ramaswamy,Elder,Scott,DeSantis,Hurd,Burgum,Youngkin,Suarez,Hutchinson,Haley,Christie,Pence
0.837753,Trump,Pence,Haley,DeSantis,Scott,Elder,Ramaswamy,Hutchinson,Burgum,Youngkin,Suarez,Hurd,Christie
1.109667,DeSantis,Trump,Ramaswamy,Burgum,Haley,Youngkin,Christie,Elder,Hurd,Scott,Hutchinson,Suarez,Pence
1.512372,Trump,Christie,Burgum,Hurd,DeSantis,Elder,Ramaswamy,Suarez,Haley,Scott,Hutchinson,Youngkin,Pence
0.516129,Trump,DeSantis,Scott,Haley,Ramaswamy,Youngkin,Pence,Suarez,Hurd,Hutchinson,Burgum,Elder,Christie
0.747966,Christie,Haley,Hurd,Hutchinson,Ramaswamy,Scott,Youngkin,Burgum,Elder,Suarez,Pence,DeSantis,Trump
0.798657,Trump,Scott,Haley,Pence,Burgum,Youngkin,DeSantis,Ramaswamy,Elder,Suarez,Hutchinson,Christie,Hurd
0.903768,Pence,Haley,DeSantis,Scott,Ramaswamy,Youngkin,Suarez,Burgum,Elder,Hutchinson,Hurd,Christie,Trump
1.205555,Christie,Haley,Hutchinson,Scott,Pence,Burgum,Hurd,Youngkin,Suarez,Elder,DeSantis,Ramaswamy,Trump
0.564615,Trump,Ramaswamy,Haley,DeSantis,Hurd,Pence,Scott,Christie,Burgum,Youngkin,Hutchinson,Suarez,Elder
1.18741,DeSantis,Haley,Scott,Trump,Burgum,Ramaswamy,Christie,Pence,Youngkin,Hutchinson,Hurd,Suarez,Elder
0.741903,Ramaswamy,Christie,Elder,Youngkin,DeSantis,Burgum,Haley,Scott,Hurd,Pence,Suarez,Hutchinson,Trump
1.002609,Trump,DeSantis,Haley,Scott,Ramaswamy,Elder,Pence,Youngkin,Burgum,Suarez,Hurd,Christie,Hutchinson
1.200697,Ramaswamy,Scott,Trump,Burgum,Haley,DeSantis,Youngkin,Elder,Pence,Suarez,Hutchinson,Hurd,Christie
1.049608,Christie,Elder,Hutchinson,Suarez,Hurd,Burgum,Youngkin,Haley,Ramaswamy,Scott,Pence,DeSantis,Trump
1.270672,DeSantis,Trump,Haley,Ramaswamy,Scott,Youngkin,Pence,Hurd,Burgum,Hutchinson,Elder,Christie,Suarez
0.823528,Ramaswamy,Scott,Haley,Suarez,Elder,Burgum,Youngkin,Hutchinson,Hurd,Christie,Pence,DeSantis,Trump
1.033456,Haley,Scott,Pence,Christie,Burgum,Trump,Hutchinson,Hurd,Youngkin,Suarez,Elder,Ramaswamy,DeSantis
0.614214,Scott,Burgum,Hutchinson,Haley,Christie,Suarez,Youngkin,Hurd,Ramaswamy,Elder,DeSantis,Pence,Trump
1.533806,Trump,Ramaswamy,DeSantis,Haley,Scott,Christie,Pence,Suarez,Youngkin,Elder,Hurd,Burgum,Hutchinson
0.823768,Trump,Ramaswamy,Haley,Burgum,Christie,Suarez,Pence,Hutchinson,Youngkin,Elder,Scott,Hurd,DeSantis
1.478149,Trump,DeSantis,Haley,Ramaswamy,Youngkin,Scott,Hutchinson,Burgum,Pence,Hurd,Elder,Christie,Suarez
1.773147,Trump,Ramaswamy,DeSantis,Haley,Pence,Christie,Youngkin,Hurd,Scott,Elder,Hutchinson,Burgum,Suarez
1.247329,DeSantis,Youngkin,Haley,Scott,Elder,Suarez,Hutchinson,Burgum,Ramaswamy,Hurd,Trump,Pence,Christie
2.045976,Ramaswamy,Trump,DeSantis,Youngkin,Haley,Elder,Scott,Hurd,Hutchinson,Suarez,Burgum,Pence,Christie
0.649364,DeSantis,Scott,Youngkin,Hutchinson,Haley,Hurd,Ramaswamy,Christie,Elder,Burgum,Trump,Pence,Suarez
1.132141,Trump,Pence,Ramaswamy,Christie,Burgum,Scott,Hurd,Youngkin,Elder,Hutchinson,Haley,Suarez,DeSantis
0.564615,Trump,DeSantis,Ramaswamy,Pence,Scott,Burgum,Youngkin,Haley,Hurd,Suarez,Elder,Hutchinson,Christie
0.823768,Trump,DeSantis,Scott,Pence,Christie,Burgum,Youngkin,Haley,Hutchinson,Suarez,Hurd,Ramaswamy,Elder
0.747966,Christie,Haley,Hurd,Hutchinson,Ramaswamy,Scott,Youngkin,Burgum,Elder,Suarez,Pence,DeSantis,Trump
0.785097,Trump,Ramaswamy,DeSantis,Haley,Scott,Hutchinson,Christie,Elder,Suarez,Hurd,Burgum,Youngkin,Pence
1.629188,Ramaswamy,Haley,Scott,Pence,Christie,Suarez,Elder,Burgum,Hutchinson,Youngkin,Hurd,DeSantis,Trump
1.567187,Trump,Pence,Hurd,DeSantis,Burgum,Elder,Scott,Youngkin,Hutchinson,Ramaswamy,Christie,Suarez,Haley
0.819929,Ramaswamy,Trump,Hutchinson,DeSantis,Pence,Scott,Suarez,Elder,Youngkin,Hurd,Burgum,Haley,Christie
0.718335,Christie,Haley,Burgum,Youngkin,Elder,Hutchinson,Hurd,Pence,Suarez,Ramaswamy,Scott,DeSantis,Trump
0.73399,Ramaswamy,Haley,Trump,Pence,Scott,Christie,DeSantis,Youngkin,Hurd,Hutchinson,Burgum,Suarez,Elder
1.682641,DeSantis,Pence,Ramaswamy,Christie,Youngkin,Hurd,Burgum,Hutchinson,Trump,Suarez,Elder,Scott,Haley
1.048733,Trump,DeSantis,Scott,Haley,Youngkin,Elder,Hutchinson,Burgum,Ramaswamy,Hurd,Suarez,Pence,Christie
1.112621,Trump,DeSantis,Ramaswamy,Haley,Scott,Pence,Hurd,Youngkin,Elder,Christie,Burgum,Hutchinson,Suarez
0.805183,Trump,DeSantis,Haley,Scott,Ramaswamy,Pence,Burgum,Elder,Youngkin,Christie,Hutchinson,Suarez,Hurd
0.988169,Ramaswamy,Christie,Hurd,Suarez,Hutchinson,DeSantis,Haley,Elder,Trump,Pence,Youngkin,Scott,Burgum
0.882284,Trump,Haley,DeSantis,Ramaswamy,Scott,Pence,Suarez,Hurd,Youngkin,Christie,Elder,Burgum,Hutchinson
0.688082,DeSantis,Ramaswamy,Trump,Hurd,Elder,Christie,Scott,Haley,Suarez,Burgum,Pence,Youngkin,Hutchinson
1.023323,Pence,DeSantis,Scott,Ramaswamy,Trump,Burgum,Haley,Christie,Hutchinson,Youngkin,Hurd,Elder,Suarez
1.376605,Haley,Christie,Elder,Hutchinson,Hurd,Youngkin,Burgum,Pence,Scott,Suarez,Ramaswamy,DeSantis,Trump
0.516129,Trump,Ramaswamy,DeSantis,Pence,Hurd,Haley,Youngkin,Scott,Christie,Suarez,Elder,Hutchinson,Burgum
0.798657,DeSantis,Ramaswamy,Haley,Scott,Trump,Christie,Burgum,Elder,Hurd,Hutchinson,Youngkin,Pence,Suarez
2.480722,Trump,Haley,DeSantis,Pence,Ramaswamy,Elder,Hutchinson,Burgum,Suarez,Hurd,Christie,Scott,Youngkin
0.854256,Trump,Ramaswamy,DeSantis,Haley,Youngkin,Scott,Suarez,Elder,Hurd,Hutchinson,Burgum,Christie,Pence
0.867089,Trump,Haley,Scott,Elder,Hutchinson,Suarez,Youngkin,DeSantis,Pence,Christie,Burgum,Hurd,Ramaswamy
0.93342,Trump,Pence,Hutchinson,Scott,DeSantis,Burgum,Ramaswamy,Elder,Hurd,Youngkin,Christie,Suarez,Haley
1.207837,Ramaswamy,DeSantis,Trump,Scott,Pence,Youngkin,Hutchinson,Haley,Elder,Christie,Hurd,Suarez,Burgum
0.827631,Trump,Ramaswamy,Hutchinson,Christie,Burgum,Elder,Hurd,Scott,Haley,DeSantis,Suarez,Youngkin,Pence
0.54534,Haley,Suarez,Christie,Elder,Scott,Burgum,Youngkin,Hurd,Hutchinson,Pence,Ramaswamy,Trump,DeSantis
1.086363,Ramaswamy,Haley,DeSantis,Christie,Pence,Hutchinson,Scott,Suarez,Hurd,Youngkin,Burgum,Elder,Trump
0.654717,Trump,Ramaswamy,Christie,Scott,Hutchinson,Suarez,Elder,Burgum,Pence,DeSantis,Hurd,Youngkin,Haley
1.379506,Trump,DeSantis,Ramaswamy,Scott,Elder,Haley,Hutchinson,Burgum,Youngkin,Hurd,Suarez,Pence,Christie
1.200697,Trump,Haley,DeSantis,Pence,Scott,Christie,Ramaswamy,Hurd,Elder,Burgum,Youngkin,Suarez,Hutchinson
0.826818,DeSantis,Burgum,Scott,Ramaswamy,Hurd,Trump,Haley,Christie,Hutchinson,Elder,Pence,Suarez,Youngkin
2.202489,Haley,Christie,Hutchinson,Scott,Hurd,Youngkin,Burgum,Suarez,Elder,Pence,Ramaswamy,DeSantis,Trump
0.996977,Trump,DeSantis,Haley,Ramaswamy,Burgum,Hutchinson,Suarez,Elder,Pence,Hurd,Christie,Scott,Youngkin
1.048733,Trump,Ramaswamy,DeSantis,Burgum,Haley,Scott,Pence,Hutchinson,Elder,Suarez,Youngkin,Hurd,Christie
1.048733,Trump,DeSantis,Pence,Scott,Christie,Haley,Burgum,Ramaswamy,Suarez,Elder,Youngkin,Hutchinson,Hurd
0.851141,Ramaswamy,Trump,Haley,DeSantis,Scott,Elder,Burgum,Hurd,Suarez,Youngkin,Hutchinson,Christie,Pence
1.036417,Haley,Christie,DeSantis,Pence,Hutchinson,Youngkin,Burgum,Hurd,Suarez,Ramaswamy,Scott,Elder,Trump
1.001352,Ramaswamy,Trump,DeSantis,Christie,Haley,Suarez,Scott,Hutchinson,Hurd,Burgum,Elder,Youngkin,Pence
1.048733,Trump,DeSantis,Pence,Scott,Christie,Haley,Burgum,Ramaswamy,Suarez,Elder,Youngkin,Hutchinson,Hurd
1.004181,Trump,DeSantis,Youngkin,Haley,Ramaswamy,Scott,Burgum,Pence,Elder,Hutchinson,Suarez,Christie,Hurd
1.459965,Trump,Ramaswamy,DeSantis,Christie,Burgum,Hurd,Elder,Suarez,Haley,Youngkin,Pence,Hutchinson,Scott
0.658711,DeSantis,Haley,Trump,Ramaswamy,Christie,Pence,Scott,Burgum,Elder,Hurd,Suarez,Youngkin,Hutchinson
0.851323,Trump,Ramaswamy,DeSantis,Elder,Scott,Youngkin,Burgum,Hurd,Suarez,Haley,Hutchinson,Christie,Pence
0.699231,Trump,DeSantis,Pence,Hutchinson,Scott,Burgum,Elder,Christie,Haley,Hurd,Youngkin,Suarez,Ramaswamy
0.819929,Trump,DeSantis,Ramaswamy,Pence,Christie,Scott,Suarez,Youngkin,Hutchinson,Hurd,Burgum,Elder,Haley
0.68511,Trump,Pence,Scott,Hutchinson,Hurd,Elder,Suarez,Burgum,Youngkin,Haley,Ramaswamy,DeSantis,Christie
1.002609,Trump,Scott,Haley,DeSantis,Ramaswamy,Pence,Christie,Elder,Youngkin,Hutchinson,Suarez,Hurd,Burgum
1.379506,Trump,DeSantis,Ramaswamy,Scott,Elder,Haley,Hutchinson,Burgum,Youngkin,Hurd,Suarez,Pence,Christie
1.137748,Trump,Ramaswamy,Scott,Haley,Burgum,Hutchinson,Christie,Hurd,Elder,Suarez,Youngkin,DeSantis,Pence
0.710658,Trump,Ramaswamy,Pence,Elder,Haley,Scott,Burgum,Hutchinson,Hurd,Christie,Youngkin,Suarez,DeSantis
0.806909,Ramaswamy,Trump,DeSantis,Elder,Haley,Scott,Pence,Hutchinson,Youngkin,Burgum,Hurd,Suarez,Christie
0.743226,Trump,DeSantis,Haley,Ramaswamy,Scott,Burgum,Suarez,Hurd,Hutchinson,Youngkin,Pence,Elder,Christie
1.205555,Ramaswamy,Pence,DeSantis,Haley,Elder,Burgum,Youngkin,Scott,Suarez,Hutchinson,Hurd,Christie,Trump
0.640195,Trump,DeSantis,Pence,Scott,Haley,Ramaswamy,Christie,Hurd,Elder,Hutchinson,Burgum,Suarez,Youngkin
1.033456,Trump,Ramaswamy,Haley,DeSantis,Scott,Youngkin,Elder,Burgum,Pence,Hurd,Hutchinson,Suarez,Christie
0.79963,Trump,Ramaswamy,Scott,DeSantis,Christie,Hutchinson,Haley,Pence,Suarez,Youngkin,Elder,Hurd,Burgum
0.9069,Trump,DeSantis,Pence,Haley,Christie,Hurd,Youngkin,Elder,Suarez,Burgum,Scott,Hutchinson,Ramaswamy
1.049608,Trump,Ramaswamy,Haley,DeSantis,Scott,Pence,Burgum,Christie,Youngkin,Elder,Hurd,Hutchinson,Suarez
0.972281,Hurd,Burgum,Hutchinson,Youngkin,Haley,Elder,Christie,Pence,DeSantis,Ramaswamy,Scott,Suarez,Trump
0.879255,Trump,DeSantis,Ramaswamy,Youngkin,Suarez,Christie,Scott,Burgum,Elder,Pence,Hurd,Hutchinson,Haley
0.792237,Ramaswamy,Haley,Elder,Youngkin,Hutchinson,Burgum,Christie,Scott,Hurd,DeSantis,Suarez,Trump,Pence
0.73399,Trump,DeSantis,Ramaswamy,Pence,Christie,Haley,Scott,Youngkin,Elder,Hutchinson,Burgum,Suarez,Hurd
1.166972,Trump,Ramaswamy,Suarez,Christie,Hurd,Youngkin,Elder,DeSantis,Scott,Haley,Burgum,Hutchinson,Pence
0.722173,Trump,Ramaswamy,DeSantis,Hutchinson,Hurd,Suarez,Pence,Elder,Christie,Scott,Youngkin,Haley,Burgum
1.084801,Ramaswamy,Haley,Christie,Burgum,Hutchinson,Elder,Scott,Pence,DeSantis,Youngkin,Hurd,Suarez,Trump
0.8662,Trump,DeSantis,Haley,Scott,Ramaswamy,Burgum,Suarez,Youngkin,Hutchinson,Hurd,Elder,Christie,Pence
0.526889,Ramaswamy,DeSantis,Pence,Trump,Christie,Elder,Burgum,Hurd,Scott,Youngkin,Suarez,Hutchinson,Haley
0.960016,Trump,DeSantis,Ramaswamy,Scott,Youngkin,Elder,Haley,Burgum,Christie,Hurd,Hutchinson,Pence,Suarez
0.709101,Christie,Trump,DeSantis,Scott,Ramaswamy,Elder,Hurd,Suarez,Haley,Burgum,Youngkin,Pence,Hutchinson
1.400831,Ramaswamy,Christie,Pence,DeSantis,Haley,Elder,Scott,Youngkin,Suarez,Hutchinson,Hurd,Burgum,Trump
1.103994,Trump,Scott,DeSantis,Burgum,Elder,Youngkin,Ramaswamy,Hurd,Haley,Suarez,Hutchinson,Pence,Christie
1.529463,Christie,Scott,Hutchinson,Hurd,DeSantis,Elder,Burgum,Pence,Youngkin,Suarez,Haley,Ramaswamy,Trump
1.591224,DeSantis,Haley,Pence,Ramaswamy,Scott,Hurd,Suarez,Burgum,Youngkin,Christie,Elder,Hutchinson,Trump
0.660172,DeSantis,Ramaswamy,Haley,Scott,Elder,Hurd,Pence,Hutchinson,Youngkin,Burgum,Christie,Suarez,Trump
1.245109,DeSantis,Trump,Ramaswamy,Haley,Scott,Burgum,Youngkin,Elder,Pence,Suarez,Hurd,Hutchinson,Christie
1.317598,Trump,DeSantis,Haley,Scott,Ramaswamy,Pence,Elder,Youngkin,Hutchinson,Burgum,Hurd,Suarez,Christie
1.22744,Trump,Pence,DeSantis,Elder,Haley,Youngkin,Scott,Suarez,Hurd,Ramaswamy,Burgum,Hutchinson,Christie
0.679403,Christie,Haley,Youngkin,Pence,Burgum,Scott,Elder,Suarez,Hutchinson,Hurd,Ramaswamy,DeSantis,Trump
1.015766,Pence,Haley,DeSantis,Scott,Burgum,Christie,Elder,Suarez,Youngkin,Hutchinson,Trump,Ramaswamy,Hurd
0.846648,Trump,Ramaswamy,Pence,DeSantis,Christie,Burgum,Scott,Haley,Hutchinson,Youngkin,Suarez,Hurd,Elder
0.875875,Trump,Haley,DeSantis,Christie,Ramaswamy,Hutchinson,Pence,Youngkin,Elder,Scott,Burgum,Hurd,Suarez
0.68511,Trump,Pence,Scott,Hutchinson,Hurd,Elder,Suarez,Burgum,Youngkin,Haley,Ramaswamy,DeSantis,Christie
0.722173,DeSantis,Haley,Christie,Ramaswamy,Elder,Youngkin,Hutchinson,Scott,Burgum,Suarez,Hurd,Pence,Trump
1.018243,Ramaswamy,Pence,Trump,Haley,Burgum,Elder,Youngkin,DeSantis,Hutchinson,Scott,Christie,Hurd,Suarez
0.747966,Trump,DeSantis,Scott,Haley,Hurd,Ramaswamy,Hutchinson,Suarez,Elder,Youngkin,Burgum,Pence,Christie
0.932822,Trump,Ramaswamy,DeSantis,Scott,Burgum,Youngkin,Haley,Hurd,Suarez,Elder,Christie,Pence,Hutchinson
0.854785,Pence,DeSantis,Christie,Ramaswamy,Haley,Elder,Scott,Hutchinson,Burgum,Suarez,Hurd,Youngkin,Trump
1.048733,Trump,DeSantis,Scott,Haley,Youngkin,Elder,Hutchinson,Burgum,Ramaswamy,Hurd,Suarez,Pence,Christie
1.180031,Trump,DeSantis,Ramaswamy,Pence,Christie,Scott,Elder,Hutchinson,Hurd,Haley,Burgum,Suarez,Youngkin
0.658711,DeSantis,Haley,Trump,Ramaswamy,Christie,Pence,Scott,Burgum,Elder,Hurd,Suarez,Youngkin,Hutchinson
1.559977,Trump,Ramaswamy,Scott,Burgum,DeSantis,Haley,Christie,Suarez,Pence,Hutchinson,Elder,Hurd,Youngkin
1.134561,Haley,Trump,DeSantis,Christie,Youngkin,Pence,Hutchinson,Hurd,Burgum,Ramaswamy,Suarez,Elder,Scott
1.207837,Pence,Scott,Burgum,Hurd,Ramaswamy,Youngkin,Hutchinson,Suarez,Elder,Haley,Christie,DeSantis,Trump
0.812586,Trump,DeSantis,Ramaswamy,Haley,Youngkin,Scott,Pence,Burgum,Christie,Elder,Hutchinson,Suarez,Hurd
1.627319,Scott,Haley,Pence,Hutchinson,Burgum,Youngkin,Christie,Hurd,Elder,DeSantis,Suarez,Ramaswamy,Trump
1.114478,Trump,Pence,Ramaswamy,Scott,Christie,DeSantis,Haley,Elder,Burgum,Youngkin,Suarez,Hutchinson,Hurd
1.04502,Christie,Haley,Burgum,Youngkin,Hutchinson,Hurd,Pence,Scott,Elder,Ramaswamy,DeSantis,Suarez,Trump
1.084801,Trump,DeSantis,Haley,Burgum,Scott,Ramaswamy,Youngkin,Pence,Christie,Suarez,Elder,Hurd,Hutchinson
0.58281,Trump,Haley,Elder,Ramaswamy,DeSantis,Pence,Suarez,Youngkin,Hutchinson,Hurd,Scott,Christie,Burgum
0.960016,Ramaswamy,Haley,DeSantis,Scott,Christie,Pence,Elder,Burgum,Hutchinson,Suarez,Hurd,Youngkin,Trump
0.510624,Christie,Hurd,Youngkin,Pence,Scott,Burgum,Elder,Suarez,Haley,Hutchinson,Ramaswamy,Trump,DeSantis
1.068725,Trump,Ramaswamy,DeSantis,Pence,Haley,Christie,Burgum,Elder,Hurd,Suarez,Youngkin,Scott,Hutchinson
1.218747,Trump,DeSantis,Pence,Ramaswamy,Christie,Scott,Haley,Burgum,Elder,Suarez,Hurd,Hutchinson,Youngkin
1.314392,Trump,DeSantis,Scott,Pence,Youngkin,Burgum,Haley,Ramaswamy,Christie,Elder,Hutchinson,Suarez,Hurd
1.81136,Trump,DeSantis,Haley,Pence,Youngkin,Suarez,Burgum,Scott,Elder,Hurd,Christie,Hutchinson,Ramaswamy
1.103994,Trump,Scott,DeSantis,Burgum,Elder,Youngkin,Ramaswamy,Hurd,Haley,Suarez,Hutchinson,Pence,Christie
0.947572,Trump,DeSantis,Scott,Pence,Haley,Youngkin,Elder,Hurd,Burgum,Hutchinson,Ramaswamy,Christie,Suarez
1.18741,DeSantis,Ramaswamy,Christie,Haley,Trump,Scott,Pence,Hutchinson,Suarez,Elder,Hurd,Youngkin,Burgum
0.502301,Trump,Ramaswamy,Pence,Elder,Hurd,Haley,Youngkin,DeSantis,Christie,Scott,Burgum,Suarez,Hutchinson
0.92613,Ramaswamy,DeSantis,Pence,Hurd,Haley,Youngkin,Hutchinson,Suarez,Burgum,Trump,Elder,Scott,Christie
0.557598,Christie,Elder,Suarez,Burgum,Hurd,Youngkin,Hutchinson,Scott,Haley,Pence,Ramaswamy,DeSantis,Trump
1.015766,Pence,Haley,DeSantis,Scott,Burgum,Christie,Elder,Suarez,Youngkin,Hutchinson,Trump,Ramaswamy,Hurd
0.660157,Trump,Ramaswamy,DeSantis,Haley,Scott,Elder,Pence,Hutchinson,Hurd,Christie,Youngkin,Suarez,Burgum
0.854256,Trump,DeSantis,Haley,Ramaswamy,Scott,Elder,Hutchinson,Burgum,Hurd,Youngkin,Suarez,Christie,Pence
0.868636,Trump,Pence,Christie,Scott,Youngkin,DeSantis,Hurd,Elder,Haley,Burgum,Hutchinson,Suarez,Ramaswamy
1.103994,Christie,Ramaswamy,Haley,Suarez,Elder,Hurd,Burgum,Youngkin,Scott,Hutchinson,Pence,DeSantis,Trump
0.963428,Haley,Suarez,Pence,Hutchinson,Ramaswamy,Hurd,Burgum,Elder,Youngkin,Scott,Christie,DeSantis,Trump
1.221353,Trump,DeSantis,Ramaswamy,Pence,Burgum,Christie,Youngkin,Haley,Hurd,Hutchinson,Elder,Scott,Suarez
1.000625,Trump,Haley,Scott,DeSantis,Christie,Burgum,Pence,Hutchinson,Elder,Hurd,Youngkin,Ramaswamy,Suarez
0.825865,Ramaswamy,Trump,DeSantis,Christie,Haley,Scott,Burgum,Elder,Hurd,Youngkin,Hutchinson,Pence,Suarez
1.180031,Trump,DeSantis,Haley,Christie,Scott,Hutchinson,Suarez,Burgum,Youngkin,Ramaswamy,Pence,Elder,Hurd
1.221353,Trump,DeSantis,Ramaswamy,Pence,Burgum,Christie,Youngkin,Haley,Hurd,Hutchinson,Elder,Scott,Suarez
1.376055,Trump,Ramaswamy,Pence,Haley,Elder,Youngkin,DeSantis,Scott,Hurd,Hutchinson,Suarez,Burgum,Christie
0.659886,Trump,Ramaswamy,DeSantis,Elder,Scott,Hutchinson,Burgum,Pence,Hurd,Youngkin,Christie,Haley,Suarez
0.767178,Pence,Haley,Elder,Scott,Burgum,Hurd,Christie,Youngkin,DeSantis,Suarez,Ramaswamy,Hutchinson,Trump
0.690412,Trump,Ramaswamy,DeSantis,Pence,Scott,Elder,Hurd,Haley,Burgum,Suarez,Hutchinson,Christie,Youngkin
0.879255,Trump,DeSantis,Ramaswamy,Youngkin,Suarez,Christie,Scott,Burgum,Elder,Pence,Hurd,Hutchinson,Haley
1.968129,Trump,Haley,DeSantis,Scott,Burgum,Christie,Elder,Ramaswamy,Hurd,Youngkin,Hutchinson,Suarez,Pence
0.614214,Scott,Burgum,Hutchinson,Haley,Christie,Suarez,Youngkin,Hurd,Ramaswamy,Elder,DeSantis,Pence,Trump
0.916252,Trump,DeSantis,Pence,Hurd,Burgum,Elder,Scott,Hutchinson,Haley,Suarez,Youngkin,Christie,Ramaswamy
0.932822,Trump,Ramaswamy,DeSantis,Scott,Haley,Elder,Suarez,Pence,Hurd,Burgum,Hutchinson,Youngkin,Christie
1.240092,Haley,Christie,Pence,Elder,Hutchinson,Scott,Suarez,Hurd,Burgum,Youngkin,Ramaswamy,DeSantis,Trump
1.018243,Ramaswamy,Pence,Trump,Haley,Burgum,Elder,Youngkin,DeSantis,Hutchinson,Scott,Christie,Hurd,Suarez
1.079307,Trump,Ramaswamy,DeSantis,Haley,Youngkin,Christie,Scott,Pence,Burgum,Elder,Suarez,Hurd,Hutchinson
0.787886,Trump,DeSantis,Suarez,Hurd,Burgum,Pence,Scott,Haley,Elder,Hutchinson,Youngkin,Christie,Ramaswamy
0.886784,Trump,Ramaswamy,Burgum,Christie,DeSantis,Pence,Scott,Haley,Elder,Suarez,Hutchinson,Youngkin,Hurd
0.594702,Trump,DeSantis,Youngkin,Ramaswamy,Burgum,Scott,Hurd,Suarez,Haley,Hutchinson,Elder,Pence,Christie
1.079307,Trump,Ramaswamy,Pence,Haley,Scott,Elder,Suarez,Hutchinson,Burgum,Youngkin,Hurd,DeSantis,Christie
0.718335,DeSantis,Ramaswamy,Haley,Scott,Pence,Elder,Youngkin,Hurd,Suarez,Burgum,Christie,Hutchinson,Trump
0.743226,DeSantis,Ramaswamy,Trump,Pence,Christie,Burgum,Elder,Haley,Hutchinson,Scott,Suarez,Youngkin,Hurd
1.000625,Hutchinson,Hurd,Scott,Christie,Pence,Burgum,Haley,Youngkin,Elder,Suarez,Ramaswamy,DeSantis,Trump
1.559977,Trump,DeSantis,Haley,Scott,Hutchinson,Hurd,Youngkin,Suarez,Burgum,Elder,Pence,Christie,Ramaswamy
0.488072,Trump,Pence,Ramaswamy,DeSantis,Elder,Hurd,Youngkin,Suarez,Burgum,Hutchinson,Scott,Haley,Christie
1.048733,Trump,Ramaswamy,DeSantis,Youngkin,Pence,Christie,Burgum,Hurd,Scott,Suarez,Elder,Hutchinson,Haley
1.488257,DeSantis,Ramaswamy,Pence,Hutchinson,Haley,Christie,Trump,Scott,Suarez,Elder,Burgum,Hurd,Youngkin
1.679312,Trump,DeSantis,Haley,Ramaswamy,Pence,Hurd,Youngkin,Hutchinson,Burgum,Suarez,Elder,Scott,Christie
0.929519,Christie,Haley,Burgum,Suarez,Elder,Hurd,Hutchinson,Youngkin,Scott,Ramaswamy,DeSantis,Trump,Pence
1.270672,Trump,DeSantis,Ramaswamy,Christie,Pence,Haley,Scott,Hutchinson,Elder,Youngkin,Suarez,Hurd,Burgum
1.033456,DeSantis,Trump,Haley,Scott,Pence,Burgum,Youngkin,Ramaswamy,Elder,Christie,Hutchinson,Hurd,Suarez
0.670254,Trump,DeSantis,Pence,Elder,Hurd,Burgum,Hutchinson,Youngkin,Scott,Haley,Suarez,Ramaswamy,Christie
0.996977,Trump,DeSantis,Haley,Ramaswamy,Scott,Burgum,Youngkin,Elder,Hurd,Hutchinson,Suarez,Christie,Pence
0.996977,Trump,Christie,Haley,Scott,DeSantis,Elder,Suarez,Hurd,Hutchinson,Youngkin,Burgum,Ramaswamy,Pence
0.516129,Trump,Pence,Ramaswamy,DeSantis,Haley,Christie,Youngkin,Scott,Hutchinson,Suarez,Elder,Burgum,Hurd
0.747966,Trump,DeSantis,Scott,Haley,Hurd,Ramaswamy,Hutchinson,Suarez,Elder,Youngkin,Burgum,Pence,Christie
0.658711,Trump,Ramaswamy,Haley,Christie,Suarez,Elder,DeSantis,Pence,Hurd,Youngkin,Scott,Hutchinson,Burgum
1.023323,Pence,DeSantis,Scott,Ramaswamy,Trump,Burgum,Haley,Christie,Hutchinson,Youngkin,Hurd,Elder,Suarez
1.023323,Pence,DeSantis,Scott,Ramaswamy,Trump,Burgum,Haley,Christie,Hutchinson,Youngkin,Hurd,Elder,Suarez
0.988169,Ramaswamy,Christie,Hurd,Suarez,Hutchinson,DeSantis,Haley,Elder,Trump,Pence,Youngkin,Scott,Burgum
0.875626,Ramaswamy,Christie,Haley,Pence,Hurd,Scott,Elder,DeSantis,Youngkin,Trump,Hutchinson,Burgum,Suarez
0.668479,Haley,Christie,Pence,Hurd,Suarez,Hutchinson,Youngkin,Burgum,Ramaswamy,DeSantis,Scott,Elder,Trump
1.000625,Hutchinson,Hurd,Scott,Christie,Pence,Burgum,Haley,Youngkin,Elder,Suarez,Ramaswamy,DeSantis,Trump
1.023323,DeSantis,Trump,Scott,Christie,Youngkin,Hutchinson,Burgum,Suarez,Haley,Elder,Pence,Hurd,Ramaswamy
1.215652,Trump,DeSantis,Pence,Christie,Youngkin,Scott,Haley,Hutchinson,Hurd,Elder,Suarez,Ramaswamy,Burgum
0.781276,Pence,Scott,Burgum,Haley,Elder,Hurd,Youngkin,Suarez,Christie,DeSantis,Hutchinson,Ramaswamy,Trump
0.743226,Trump,DeSantis,Ramaswamy,Pence,Scott,Haley,Hutchinson,Youngkin,Christie,Hurd,Elder,Burgum,Suarez
0.823768,Trump,DeSantis,Scott,Pence,Christie,Burgum,Youngkin,Haley,Hutchinson,Suarez,Hurd,Ramaswamy,Elder
0.901839,Pence,Christie,Scott,Suarez,Hutchinson,Burgum,Hurd,Youngkin,Elder,Haley,DeSantis,Ramaswamy,Trump
0.761663,DeSantis,Youngkin,Haley,Pence,Scott,Christie,Burgum,Trump,Hutchinson,Hurd,Elder,Suarez,Ramaswamy
0.960016,Trump,Ramaswamy,DeSantis,Haley,Youngkin,Hutchinson,Burgum,Suarez,Hurd,Elder,Scott,Pence,Christie
0.827631,Trump,DeSantis,Scott,Haley,Ramaswamy,Christie,Elder,Pence,Burgum,Youngkin,Hutchinson,Suarez,Hurd
1.048733,Trump,Ramaswamy,DeSantis,Youngkin,Pence,Christie,Burgum,Hurd,Scott,Suarez,Elder,Hutchinson,Haley
0.63756,Ramaswamy,Trump,Haley,Elder,DeSantis,Christie,Pence,Suarez,Youngkin,Hurd,Hutchinson,Burgum,Scott
0.827631,Trump,Ramaswamy,Hutchinson,Christie,Burgum,Elder,Hurd,Scott,Haley,DeSantis,Suarez,Youngkin,Pence
1.084045,Ramaswamy,Trump,Scott,Elder,DeSantis,Hurd,Haley,Burgum,Hutchinson,Suarez,Youngkin,Pence,Christie
1.434836,DeSantis,Burgum,Ramaswamy,Youngkin,Haley,Scott,Trump,Elder,Pence,Suarez,Hurd,Christie,Hutchinson
1.036417,Haley,Christie,DeSantis,Pence,Hutchinson,Youngkin,Burgum,Hurd,Suarez,Ramaswamy,Scott,Elder,Trump
1.137748,Trump,Ramaswamy,Scott,Haley,Burgum,Hutchinson,Christie,Hurd,Elder,Suarez,Youngkin,DeSantis,Pence
0.708142,Trump,Ramaswamy,Haley,Pence,Suarez,Christie,Youngkin,DeSantis,Hurd,Scott,Burgum,Hutchinson,Elder
0.743226,Pence,Ramaswamy,Trump,DeSantis,Christie,Suarez,Hutchinson,Youngkin,Haley,Hurd,Scott,Elder,Burgum
0.773286,Ramaswamy,Pence,Christie,Scott,Suarez,Youngkin,Elder,Trump,Burgum,Hurd,Hutchinson,DeSantis,Haley
0.987831,Ramaswamy,DeSantis,Scott,Christie,Haley,Pence,Hutchinson,Burgum,Youngkin,Elder,Suarez,Hurd,Trump
1.056898,Trump,Haley,DeSantis,Ramaswamy,Scott,Elder,Youngkin,Burgum,Hurd,Suarez,Hutchinson,Pence,Christie
1.218747,Trump,DeSantis,Burgum,Scott,Haley,Ramaswamy,Youngkin,Elder,Suarez,Hutchinson,Hurd,Pence,Christie
0.779605,Trump,Ramaswamy,DeSantis,Hurd,Pence,Christie,Haley,Scott,Youngkin,Suarez,Burgum,Hutchinson,Elder
0.567195,Youngkin,Hurd,Suarez,Ramaswamy,Scott,Elder,Christie,Burgum,DeSantis,Haley,Hutchinson,Pence,Trump
1.275187,Pence,Ramaswamy,DeSantis,Scott,Christie,Burgum,Hurd,Elder,Haley,Youngkin,Hutchinson,Suarez,Trump
1.033456,Haley,Scott,Pence,Christie,Burgum,Trump,Hutchinson,Hurd,Youngkin,Suarez,Elder,Ramaswamy,DeSantis
0.767178,Trump,DeSantis,Hutchinson,Suarez,Elder,Scott,Ramaswamy,Christie,Pence,Burgum,Youngkin,Hurd,Haley
0.819929,Ramaswamy,Trump,DeSantis,Haley,Christie,Pence,Scott,Hurd,Suarez,Youngkin,Elder,Hutchinson,Burgum
0.812586,Trump,DeSantis,Ramaswamy,Haley,Youngkin,Scott,Pence,Burgum,Christie,Elder,Hutchinson,Suarez,Hurd
0.668479,Trump,DeSantis,Haley,Ramaswamy,Pence,Christie,Burgum,Suarez,Hurd,Elder,Hutchinson,Scott,Youngkin
0.729306,Trump,Haley,Ramaswamy,Pence,Scott,DeSantis,Burgum,Elder,Suarez,Youngkin,Hutchinson,Hurd,Christie
0.743226,Trump,DeSantis,Ramaswamy,Pence,Scott,Haley,Hutchinson,Youngkin,Christie,Hurd,Elder,Burgum,Suarez
0.798657,Ramaswamy,Haley,Pence,Burgum,Hutchinson,Scott,Elder,DeSantis,Christie,Suarez,Hurd,Youngkin,Trump
0.555612,DeSantis,Trump,Pence,Scott,Christie,Elder,Youngkin,Burgum,Ramaswamy,Hutchinson,Hurd,Suarez,Haley
1.332874,Haley,Scott,DeSantis,Youngkin,Christie,Ramaswamy,Burgum,Elder,Hutchinson,Hurd,Suarez,Pence,Trump
0.747966,Pence,Trump,Ramaswamy,Scott,Haley,Suarez,Hutchinson,DeSantis,Christie,Elder,Youngkin,Burgum,Hurd
0.837753,Trump,Ramaswamy,DeSantis,Pence,Scott,Suarez,Burgum,Youngkin,Haley,Christie,Hurd,Hutchinson,Elder
0.564615,Trump,Ramaswamy,Haley,DeSantis,Hurd,Pence,Scott,Christie,Burgum,Youngkin,Hutchinson,Suarez,Elder
1.342131,Trump,Scott,DeSantis,Youngkin,Ramaswamy,Hutchinson,Elder,Haley,Burgum,Suarez,Hurd,Pence,Christie
0.917571,Trump,Ramaswamy,DeSantis,Elder,Youngkin,Hutchinson,Haley,Suarez,Hurd,Pence,Burgum,Scott,Christie
1.103994,Trump,Scott,DeSantis,Burgum,Elder,Youngkin,Ramaswamy,Hurd,Haley,Suarez,Hutchinson,Pence,Christie
1.217557,Haley,Christie,Pence,Scott,Burgum,Youngkin,Suarez,Hurd,Elder,Hutchinson,DeSantis,Ramaswamy,Trump
1.048733,Trump,DeSantis,Pence,Scott,Christie,Haley,Burgum,Ramaswamy,Suarez,Elder,Youngkin,Hutchinson,Hurd
0.516129,Trump,Pence,Ramaswamy,DeSantis,Haley,Christie,Youngkin,Scott,Hutchinson,Suarez,Elder,Burgum,Hurd
0.886527,Trump,Pence,Christie,Haley,DeSantis,Scott,Youngkin,Hurd,Elder,Burgum,Hutchinson,Ramaswamy,Suarez
1.271577,DeSantis,Ramaswamy,Trump,Haley,Scott,Pence,Hutchinson,Burgum,Youngkin,Elder,Suarez,Christie,Hurd
1.679312,Trump,DeSantis,Haley,Hutchinson,Hurd,Burgum,Ramaswamy,Pence,Suarez,Elder,Youngkin,Scott,Christie
1.049608,Trump,Ramaswamy,Scott,Haley,Elder,DeSantis,Pence,Burgum,Hurd,Youngkin,Hutchinson,Christie,Suarez
1.180031,Trump,DeSantis,Ramaswamy,Pence,Christie,Scott,Elder,Hutchinson,Hurd,Haley,Burgum,Suarez,Youngkin
0.743226,Pence,Ramaswamy,Trump,DeSantis,Christie,Suarez,Hutchinson,Youngkin,Haley,Hurd,Scott,Elder,Burgum
0.816774,Trump,Ramaswamy,DeSantis,Pence,Elder,Scott,Haley,Hurd,Suarez,Burgum,Christie,Youngkin,Hutchinson
0.720887,Trump,DeSantis,Ramaswamy,Christie,Scott,Suarez,Burgum,Youngkin,Elder,Hurd,Hutchinson,Haley,Pence
0.903189,Haley,Christie,Scott,Pence,Burgum,Ramaswamy,DeSantis,Hutchinson,Youngkin,Elder,Hurd,Suarez,Trump
1.068725,Trump,DeSantis,Ramaswamy,Elder,Scott,Pence,Hurd,Youngkin,Haley,Hutchinson,Burgum,Christie,Suarez
0.868636,Trump,Ramaswamy,Pence,Scott,Suarez,Burgum,Hurd,DeSantis,Youngkin,Christie,Elder,Hutchinson,Haley
0.837753,Christie,Hutchinson,Hurd,Pence,Haley,Burgum,Elder,Suarez,Youngkin,Scott,Ramaswamy,DeSantis,Trump
1.281476,Ramaswamy,Scott,Haley,Pence,DeSantis,Burgum,Youngkin,Hurd,Trump,Hutchinson,Suarez,Christie,Elder
1.002609,Trump,Ramaswamy,DeSantis,Hutchinson,Pence,Christie,Haley,Hurd,Elder,Scott,Youngkin,Burgum,Suarez
1.247329,DeSantis,Youngkin,Haley,Scott,Elder,Suarez,Hutchinson,Burgum,Ramaswamy,Hurd,Trump,Pence,Christie
2.102951,Trump,Haley,DeSantis,Pence,Christie,Ramaswamy,Hurd,Scott,Youngkin,Elder,Hutchinson,Burgum,Suarez
0.65782,Ramaswamy,Pence,Haley,DeSantis,Hurd,Scott,Suarez,Trump,Hutchinson,Burgum,Christie,Elder,Youngkin
0.660172,DeSantis,Ramaswamy,Suarez,Burgum,Elder,Haley,Pence,Christie,Hutchinson,Hurd,Scott,Youngkin,Trump
0.781276,Pence,Scott,Burgum,Haley,Elder,Hurd,Youngkin,Suarez,Christie,DeSantis,Hutchinson,Ramaswamy,Trump
0.886527,Christie,Suarez,DeSantis,Hutchinson,Hurd,Elder,Scott,Youngkin,Pence,Haley,Burgum,Ramaswamy,Trump
1.376605,Trump,DeSantis,Ramaswamy,Scott,Christie,Pence,Haley,Hurd,Youngkin,Hutchinson,Suarez,Elder,Burgum
0.741903,Pence,Trump,DeSantis,Haley,Christie,Hurd,Ramaswamy,Elder,Scott,Burgum,Youngkin,Suarez,Hutchinson
0.720887,Trump,Scott,Ramaswamy,Haley,Elder,Youngkin,DeSantis,Hutchinson,Hurd,Pence,Suarez,Christie,Burgum
0.710658,Trump,Ramaswamy,Pence,Elder,Haley,Scott,Burgum,Hutchinson,Hurd,Christie,Youngkin,Suarez,DeSantis
0.854785,Pence,DeSantis,Christie,Ramaswamy,Haley,Elder,Scott,Hutchinson,Burgum,Suarez,Hurd,Youngkin,Trump
1.15048,DeSantis,Ramaswamy,Trump,Christie,Scott,Pence,Burgum,Elder,Hutchinson,Youngkin,Hurd,Haley,Suarez
0.681832,Trump,Ramaswamy,DeSantis,Scott,Elder,Youngkin,Burgum,Hurd,Suarez,Hutchinson,Haley,Pence,Christie
0.760085,Pence,Burgum,Elder,Hurd,Youngkin,Hutchinson,Haley,DeSantis,Christie,Scott,Suarez,Ramaswamy,Trump
0.650804,Burgum,Haley,Scott,Pence,Ramaswamy,DeSantis,Christie,Trump,Elder,Hutchinson,Youngkin,Hurd,Suarez
1.04502,Christie,Hutchinson,Scott,Pence,Hurd,Youngkin,Haley,Burgum,Elder,Suarez,Ramaswamy,DeSantis,Trump
0.970759,Christie,Hutchinson,Burgum,Hurd,Youngkin,Elder,Haley,Scott,Ramaswamy,DeSantis,Pence,Trump,Suarez
1.205555,Ramaswamy,Pence,DeSantis,Haley,Elder,Burgum,Youngkin,Scott,Suarez,Hutchinson,Hurd,Christie,Trump
0.639186,Hutchinson,Pence,Haley,Ramaswamy,Youngkin,Christie,Elder,Trump,Scott,DeSantis,Hurd,Suarez,Burgum
1.312363,Trump,DeSantis,Haley,Pence,Ramaswamy,Scott,Youngkin,Elder,Hutchinson,Burgum,Hurd,Suarez,Christie
1.372707,Christie,Pence,DeSantis,Ramaswamy,Elder,Scott,Hurd,Youngkin,Hutchinson,Haley,Suarez,Burgum,Trump
0.996977,Haley,Scott,Christie,Pence,DeSantis,Hutchinson,Burgum,Hurd,Elder,Youngkin,Suarez,Ramaswamy,Trump
0.854256,Trump,DeSantis,Haley,Ramaswamy,Scott,Elder,Hutchinson,Burgum,Hurd,Youngkin,Suarez,Christie,Pence
1.308647,Haley,Pence,DeSantis,Elder,Youngkin,Christie,Hutchinson,Hurd,Scott,Burgum,Suarez,Trump,Ramaswamy
1.464488,Trump,DeSantis,Pence,Ramaswamy,Elder,Christie,Youngkin,Hurd,Scott,Suarez,Burgum,Hutchinson,Haley
0.56361,Trump,Haley,DeSantis,Elder,Christie,Hutchinson,Suarez,Hurd,Burgum,Ramaswamy,Scott,Youngkin,Pence
0.555612,Trump,Scott,Elder,Hurd,Burgum,Suarez,Youngkin,Hutchinson,DeSantis,Christie,Haley,Pence,Ramaswamy
1.103994,Trump,Scott,DeSantis,Burgum,Elder,Youngkin,Ramaswamy,Hurd,Haley,Suarez,Hutchinson,Pence,Christie
0.612993,Trump,DeSantis,Pence,Ramaswamy,Christie,Haley,Scott,Burgum,Elder,Hutchinson,Suarez,Hurd,Youngkin
1.069759,Trump,Ramaswamy,Youngkin,DeSantis,Scott,Haley,Burgum,Pence,Hurd,Suarez,Hutchinson,Christie,Elder
0.792237,Trump,Ramaswamy,DeSantis,Pence,Haley,Hutchinson,Scott,Elder,Youngkin,Suarez,Hurd,Burgum,Christie
1.002393,Hurd,Hutchinson,Burgum,Scott,Youngkin,Suarez,Haley,Ramaswamy,Elder,DeSantis,Christie,Pence,Trump
1.207837,Pence,Scott,Burgum,Hurd,Ramaswamy,Youngkin,Hutchinson,Suarez,Elder,Haley,Christie,DeSantis,Trump
1.261425,Trump,Pence,DeSantis,Elder,Christie,Haley,Ramaswamy,Hurd,Hutchinson,Scott,Suarez,Burgum,Youngkin
0.466606,Trump,DeSantis,Haley,Ramaswamy,Pence,Hurd,Suarez,Youngkin,Christie,Hutchinson,Burgum,Scott,Elder
1.048733,Trump,Ramaswamy,DeSantis,Burgum,Haley,Scott,Pence,Hutchinson,Elder,Suarez,Youngkin,Hurd,Christie
0.970759,Trump,Ramaswamy,Youngkin,DeSantis,Haley,Elder,Scott,Burgum,Hurd,Suarez,Hutchinson,Pence,Christie
0.851323,Ramaswamy,Haley,DeSantis,Christie,Scott,Burgum,Hurd,Pence,Suarez,Hutchinson,Elder,Youngkin,Trump
0.751381,Trump,Ramaswamy,DeSantis,Scott,Youngkin,Elder,Burgum,Hurd,Haley,Christie,Hutchinson,Suarez,Pence
1.245109,DeSantis,Trump,Ramaswamy,Haley,Scott,Burgum,Youngkin,Elder,Pence,Suarez,Hurd,Hutchinson,Christie
1.134561,Haley,Christie,Scott,Burgum,Hutchinson,Suarez,Youngkin,Hurd,Pence,Elder,DeSantis,Ramaswamy,Trump
0.779605,Hutchinson,Hurd,Burgum,Haley,Ramaswamy,DeSantis,Christie,Pence,Suarez,Youngkin,Scott,Elder,Trump
0.903768,DeSantis,Trump,Scott,Youngkin,Burgum,Pence,Elder,Hurd,Hutchinson,Suarez,Haley,Ramaswamy,Christie
0.552991,Trump,DeSantis,Scott,Ramaswamy,Hutchinson,Haley,Christie,Youngkin,Hurd,Elder,Burgum,Suarez,Pence
0.6612,Ramaswamy,Pence,DeSantis,Burgum,Youngkin,Hutchinson,Hurd,Christie,Suarez,Scott,Haley,Elder,Trump
0.658711,Trump,Ramaswamy,DeSantis,Elder,Scott,Hurd,Youngkin,Burgum,Christie,Hutchinson,Haley,Suarez,Pence
0.81823,Hutchinson,Haley,Burgum,Youngkin,Christie,Ramaswamy,Scott,Pence,Suarez,Elder,Hurd,DeSantis,Trump
1.215652,Pence,Scott,Haley,DeSantis,Christie,Hutchinson,Ramaswamy,Youngkin,Hurd,Suarez,Elder,Burgum,Trump
0.785097,Trump,Ramaswamy,DeSantis,Youngkin,Haley,Hutchinson,Elder,Scott,Hurd,Burgum,Pence,Christie,Suarez
0.699231,Trump,DeSantis,Pence,Hutchinson,Scott,Burgum,Elder,Christie,Haley,Hurd,Youngkin,Suarez,Ramaswamy
1.424811,Ramaswamy,DeSantis,Trump,Elder,Youngkin,Scott,Hutchinson,Suarez,Burgum,Hurd,Pence,Haley,Christie
0.837753,Trump,Ramaswamy,DeSantis,Pence,Scott,Suarez,Burgum,Youngkin,Haley,Christie,Hurd,Hutchinson,Elder
0.510624,Christie,Hurd,Youngkin,Pence,Scott,Burgum,Elder,Suarez,Haley,Hutchinson,Ramaswamy,Trump,DeSantis
1.218747,Trump,DeSantis,Pence,Ramaswamy,Christie,Scott,Haley,Burgum,Elder,Suarez,Hurd,Hutchinson,Youngkin
0.917571,Trump,Ramaswamy,DeSantis,Elder,Youngkin,Hutchinson,Haley,Suarez,Hurd,Pence,Burgum,Scott,Christie
1.121883,Trump,DeSantis,Scott,Haley,Elder,Ramaswamy,Burgum,Suarez,Pence,Hurd,Youngkin,Hutchinson,Christie
1.627319,Scott,Haley,Pence,Hutchinson,Burgum,Youngkin,Christie,Hurd,Elder,DeSantis,Suarez,Ramaswamy,Trump
0.823768,Trump,Ramaswamy,Haley,Burgum,Christie,Suarez,Pence,Hutchinson,Youngkin,Elder,Scott,Hurd,DeSantis
0.58281,Ramaswamy,Elder,Burgum,Scott,Hutchinson,Youngkin,Haley,Christie,Hurd,Suarez,Pence,DeSantis,Trump
0.564481,Christie,Pence,Haley,Scott,DeSantis,Elder,Hutchinson,Hurd,Youngkin,Suarez,Burgum,Ramaswamy,Trump
0.81114,Ramaswamy,Trump,Elder,DeSantis,Haley,Youngkin,Burgum,Scott,Hurd,Suarez,Hutchinson,Pence,Christie
0.970759,Trump,DeSantis,Ramaswamy,Youngkin,Haley,Burgum,Scott,Hutchinson,Elder,Christie,Hurd,Suarez,Pence
0.806909,Ramaswamy,Trump,Haley,Burgum,Pence,Christie,Scott,Hutchinson,Youngkin,DeSantis,Hurd,Suarez,Elder
0.668479,Ramaswamy,DeSantis,Haley,Pence,Scott,Christie,Burgum,Youngkin,Hurd,Elder,Suarez,Hutchinson,Trump
0.812586,Trump,DeSantis,Ramaswamy,Haley,Youngkin,Scott,Pence,Burgum,Christie,Elder,Hutchinson,Suarez,Hurd
0.54534,Haley,Suarez,Christie,Elder,Scott,Burgum,Youngkin,Hurd,Hutchinson,Pence,Ramaswamy,Trump,DeSantis
0.761663,DeSantis,Youngkin,Haley,Pence,Scott,Christie,Burgum,Trump,Hutchinson,Hurd,Elder,Suarez,Ramaswamy
0.729306,Trump,Haley,Ramaswamy,Pence,Scott,DeSantis,Burgum,Elder,Suarez,Youngkin,Hutchinson,Hurd,Christie
0.968363,Trump,Ramaswamy,DeSantis,Pence,Christie,Elder,Hurd,Scott,Haley,Hutchinson,Youngkin,Burgum,Suarez
1.056898,Trump,Pence,DeSantis,Christie,Scott,Youngkin,Ramaswamy,Burgum,Suarez,Hutchinson,Hurd,Haley,Elder
0.837116,Scott,Suarez,Haley,Youngkin,DeSantis,Pence,Hutchinson,Ramaswamy,Burgum,Hurd,Christie,Elder,Trump
0.854256,Trump,DeSantis,Haley,Ramaswamy,Scott,Elder,Hutchinson,Burgum,Hurd,Youngkin,Suarez,Christie,Pence
0.743226,Trump,DeSantis,Haley,Ramaswamy,Scott,Burgum,Suarez,Hurd,Hutchinson,Youngkin,Pence,Elder,Christie
1.134561,Haley,Pence,DeSantis,Christie,Trump,Burgum,Scott,Ramaswamy,Hurd,Youngkin,Elder,Suarez,Hutchinson
1.968129,Trump,Haley,DeSantis,Scott,Burgum,Christie,Elder,Ramaswamy,Hurd,Youngkin,Hutchinson,Suarez,Pence
1.164009,Haley,Pence,Scott,Christie,Youngkin,DeSantis,Hutchinson,Burgum,Suarez,Elder,Hurd,Ramaswamy,Trump
0.577422,Ramaswamy,DeSantis,Scott,Trump,Haley,Youngkin,Burgum,Pence,Elder,Suarez,Christie,Hutchinson,Hurd
1.004181,Trump,DeSantis,Youngkin,Haley,Ramaswamy,Scott,Burgum,Pence,Elder,Hutchinson,Suarez,Christie,Hurd
0.539873,Trump,Ramaswamy,Suarez,DeSantis,Scott,Christie,Hurd,Haley,Elder,Youngkin,Hutchinson,Pence,Burgum
1.18741,DeSantis,Haley,Scott,Trump,Burgum,Ramaswamy,Christie,Pence,Youngkin,Hutchinson,Hurd,Suarez,Elder
0.614214,Trump,Ramaswamy,DeSantis,Christie,Scott,Hutchinson,Youngkin,Haley,Hurd,Elder,Suarez,Burgum,Pence
0.660157,Trump,Ramaswamy,DeSantis,Haley,Scott,Elder,Pence,Hutchinson,Hurd,Christie,Youngkin,Suarez,Burgum
0.767178,Trump,Ramaswamy,Elder,Scott,Burgum,Youngkin,DeSantis,Haley,Suarez,Pence,Hutchinson,Hurd,Christie
0.992095,Trump,Pence,Christie,Ramaswamy,Hutchinson,Haley,Scott,DeSantis,Elder,Hurd,Suarez,Youngkin,Burgum
0.719616,DeSantis,Trump,Ramaswamy,Haley,Christie,Scott,Burgum,Elder,Hurd,Suarez,Youngkin,Hutchinson,Pence
0.660172,Hurd,Hutchinson,Haley,Scott,Burgum,Christie,Suarez,Elder,Pence,Youngkin,Ramaswamy,DeSantis,Trump
0.827631,Trump,DeSantis,Scott,Haley,Ramaswamy,Christie,Elder,Pence,Burgum,Youngkin,Hutchinson,Suarez,Hurd
0.837753,Christie,Hutchinson,Hurd,Pence,Haley,Burgum,Elder,Suarez,Youngkin,Scott,Ramaswamy,DeSantis,Trump
0.779605,Trump,Pence,Elder,DeSantis,Scott,Hutchinson,Haley,Suarez,Ramaswamy,Hurd,Youngkin,Burgum,Christie
0.636425,Trump,DeSantis,Pence,Haley,Christie,Youngkin,Ramaswamy,Hurd,Burgum,Scott,Suarez,Elder,Hutchinson
0.901839,Trump,Ramaswamy,Haley,Hurd,DeSantis,Scott,Christie,Suarez,Hutchinson,Elder,Youngkin,Pence,Burgum
0.63756,Ramaswamy,Trump,Haley,Elder,DeSantis,Christie,Pence,Suarez,Youngkin,Hurd,Hutchinson,Burgum,Scott
0.552991,Trump,DeSantis,Scott,Ramaswamy,Hutchinson,Haley,Christie,Youngkin,Hurd,Elder,Burgum,Suarez,Pence
0.794043,Trump,Christie,DeSantis,Pence,Suarez,Scott,Hurd,Youngkin,Hutchinson,Elder,Burgum,Ramaswamy,Haley
0.991915,Pence,Youngkin,Hutchinson,Hurd,Elder,Haley,Burgum,Ramaswamy,Christie,DeSantis,Suarez,Scott,Trump
1.048733,Trump,DeSantis,Scott,Haley,Youngkin,Elder,Hutchinson,Burgum,Ramaswamy,Hurd,Suarez,Pence,Christie
0.773286,Ramaswamy,Hutchinson,Burgum,Youngkin,Suarez,Scott,Hurd,Elder,Pence,Christie,DeSantis,Haley,Trump
1.376055,Trump,Ramaswamy,Pence,Haley,Elder,Youngkin,DeSantis,Scott,Hurd,Hutchinson,Suarez,Burgum,Christie
0.792237,Trump,Ramaswamy,DeSantis,Haley,Pence,Youngkin,Hutchinson,Scott,Elder,Hurd,Christie,Burgum,Suarez
0.693567,Trump,DeSantis,Pence,Scott,Hurd,Haley,Youngkin,Hutchinson,Elder,Suarez,Christie,Burgum,Ramaswamy
0.64247,Trump,Haley,Suarez,Elder,Pence,Scott,Hutchinson,DeSantis,Hurd,Christie,Youngkin,Burgum,Ramaswamy
0.754843,Haley,Scott,DeSantis,Pence,Hutchinson,Trump,Ramaswamy,Christie,Hurd,Burgum,Youngkin,Suarez,Elder
0.987831,Trump,Ramaswamy,Haley,Pence,Hutchinson,Elder,Suarez,Christie,Scott,Hurd,Youngkin,DeSantis,Burgum
1.219104,DeSantis,Trump,Haley,Scott,Hutchinson,Pence,Elder,Ramaswamy,Suarez,Burgum,Youngkin,Hurd,Christie
1.069759,Trump,Haley,Ramaswamy,DeSantis,Scott,Youngkin,Pence,Suarez,Burgum,Elder,Hurd,Hutchinson,Christie
0.79963,Haley,DeSantis,Pence,Burgum,Christie,Scott,Ramaswamy,Hurd,Hutchinson,Youngkin,Elder,Suarez,Trump
0.991915,Ramaswamy,Christie,Scott,Burgum,Hutchinson,Hurd,Youngkin,Haley,Suarez,Elder,Pence,DeSantis,Trump
1.079307,Trump,Ramaswamy,DeSantis,Haley,Youngkin,Christie,Scott,Pence,Burgum,Elder,Suarez,Hurd,Hutchinson
0.970759,Hutchinson,Christie,Hurd,Burgum,Pence,Suarez,Haley,Youngkin,Scott,Elder,Ramaswamy,DeSantis,Trump
1.980981,Christie,Pence,Burgum,Haley,Ramaswamy,Hurd,Elder,Scott,Youngkin,Hutchinson,Suarez,Trump,DeSantis
0.819929,Ramaswamy,Trump,Hutchinson,DeSantis,Pence,Scott,Suarez,Elder,Youngkin,Hurd,Burgum,Haley,Christie
1.048733,Trump,Haley,Pence,DeSantis,Scott,Christie,Elder,Ramaswamy,Hutchinson,Hurd,Burgum,Suarez,Youngkin
0.851323,Pence,Trump,Burgum,Suarez,Hurd,Elder,Ramaswamy,Hutchinson,Haley,Youngkin,DeSantis,Scott,Christie
1.481912,Trump,DeSantis,Burgum,Haley,Scott,Youngkin,Elder,Hurd,Suarez,Hutchinson,Ramaswamy,Christie,Pence
0.567195,Youngkin,Trump,Scott,Haley,Hurd,Christie,Hutchinson,Suarez,Elder,Ramaswamy,Burgum,Pence,DeSantis
2.045976,DeSantis,Haley,Scott,Ramaswamy,Trump,Burgum,Youngkin,Pence,Elder,Hutchinson,Suarez,Hurd,Christie
1.308647,Trump,Ramaswamy,DeSantis,Pence,Haley,Burgum,Scott,Suarez,Hutchinson,Elder,Hurd,Youngkin,Christie
0.916252,DeSantis,Haley,Scott,Christie,Ramaswamy,Pence,Burgum,Hutchinson,Hurd,Elder,Suarez,Youngkin,Trump
0.58281,Haley,Trump,Suarez,Scott,Youngkin,Burgum,Elder,Christie,Hurd,Hutchinson,Pence,Ramaswamy,DeSantis
0.987831,Trump,Ramaswamy,Haley,Pence,Hutchinson,Elder,Suarez,Christie,Scott,Hurd,Youngkin,DeSantis,Burgum
1.149689,Haley,Christie,Pence,Scott,Burgum,Youngkin,Hutchinson,Elder,Hurd,DeSantis,Ramaswamy,Suarez,Trump
0.56361,Christie,Hutchinson,Burgum,Elder,Haley,Hurd,Suarez,Scott,Pence,Youngkin,Ramaswamy,DeSantis,Trump
1.103994,Christie,Pence,Haley,Hutchinson,Hurd,Suarez,Burgum,Elder,Youngkin,Scott,Ramaswamy,DeSantis,Trump
0.888483,Trump,Ramaswamy,DeSantis,Haley,Scott,Christie,Burgum,Pence,Elder,Youngkin,Hutchinson,Suarez,Hurd
2.313415,Trump,DeSantis,Ramaswamy,Burgum,Haley,Hutchinson,Scott,Youngkin,Pence,Hurd,Suarez,Elder,Christie
0.805183,Trump,DeSantis,Haley,Scott,Ramaswamy,Pence,Burgum,Elder,Youngkin,Christie,Hutchinson,Suarez,Hurd
1.218747,Trump,DeSantis,Burgum,Scott,Haley,Ramaswamy,Youngkin,Elder,Suarez,Hutchinson,Hurd,Pence,Christie
0.857098,Trump,DeSantis,Pence,Christie,Scott,Hurd,Haley,Hutchinson,Burgum,Ramaswamy,Elder,Youngkin,Suarez
0.960016,Trump,DeSantis,Ramaswamy,Scott,Youngkin,Elder,Haley,Burgum,Christie,Hurd,Hutchinson,Pence,Suarez
0.798657,DeSantis,Ramaswamy,Haley,Scott,Trump,Christie,Burgum,Elder,Hurd,Hutchinson,Youngkin,Pence,Suarez
1.221353,Trump,Scott,Haley,Elder,Burgum,Ramaswamy,Pence,DeSantis,Youngkin,Hutchinson,Hurd,Suarez,Christie
0.839544,Ramaswamy,DeSantis,Christie,Haley,Hutchinson,Burgum,Suarez,Hurd,Youngkin,Scott,Elder,Pence,Trump
0.949777,Trump,DeSantis,Burgum,Scott,Elder,Hurd,Youngkin,Haley,Hutchinson,Suarez,Ramaswamy,Pence,Christie
1.049608,Christie,Elder,Hutchinson,Suarez,Hurd,Burgum,Youngkin,Haley,Ramaswamy,Scott,Pence,DeSantis,Trump
0.526889,Ramaswamy,DeSantis,Pence,Trump,Christie,Elder,Burgum,Hurd,Scott,Youngkin,Suarez,Hutchinson,Haley
0.839544,Trump,Scott,Ramaswamy,Elder,Haley,Youngkin,Suarez,Hutchinson,Burgum,Hurd,DeSantis,Pence,Christie
0.929519,Trump,DeSantis,Haley,Scott,Ramaswamy,Youngkin,Pence,Christie,Burgum,Hutchinson,Elder,Suarez,Hurd
1.114478,Trump,Pence,Ramaswamy,Scott,Christie,DeSantis,Haley,Elder,Burgum,Youngkin,Suarez,Hutchinson,Hurd
0.819929,Ramaswamy,Trump,DeSantis,Haley,Christie,Pence,Scott,Hurd,Suarez,Youngkin,Elder,Hutchinson,Burgum
0.724205,Haley,Ramaswamy,Suarez,Elder,Hurd,Hutchinson,Youngkin,Christie,Burgum,Scott,Pence,DeSantis,Trump
1.217557,Haley,Christie,Pence,Scott,Burgum,Youngkin,Suarez,Hurd,Elder,Hutchinson,DeSantis,Ramaswamy,Trump
1.101605,DeSantis,Trump,Haley,Ramaswamy,Pence,Scott,Christie,Hutchinson,Hurd,Elder,Youngkin,Burgum,Suarez
0.488072,Trump,Pence,Ramaswamy,DeSantis,Elder,Hurd,Youngkin,Suarez,Burgum,Hutchinson,Scott,Haley,Christie
1.103994,Christie,Ramaswamy,Haley,Suarez,Elder,Hurd,Burgum,Youngkin,Scott,Hutchinson,Pence,DeSantis,Trump
1.270672,Trump,DeSantis,Ramaswamy,Christie,Pence,Haley,Scott,Hutchinson,Elder,Youngkin,Suarez,Hurd,Burgum
1.400831,Ramaswamy,Christie,Pence,DeSantis,Haley,Elder,Scott,Youngkin,Suarez,Hutchinson,Hurd,Burgum,Trump
2.202489,DeSantis,Trump,Ramaswamy,Scott,Pence,Youngkin,Hutchinson,Elder,Hurd,Suarez,Burgum,Christie,Haley
1.084045,Ramaswamy,Trump,DeSantis,Scott,Youngkin,Burgum,Hutchinson,Hurd,Suarez,Elder,Haley,Pence,Christie
0.792237,Ramaswamy,Haley,Elder,Youngkin,Hutchinson,Burgum,Christie,Scott,Hurd,DeSantis,Suarez,Trump,Pence
1.753818,Trump,Ramaswamy,DeSantis,Elder,Scott,Youngkin,Haley,Hurd,Burgum,Suarez,Hutchinson,Christie,Pence
1.068725,Trump,DeSantis,Ramaswamy,Elder,Scott,Pence,Hurd,Youngkin,Haley,Hutchinson,Burgum,Christie,Suarez
0.901839,Trump,Ramaswamy,Haley,Hurd,DeSantis,Scott,Christie,Suarez,Hutchinson,Elder,Youngkin,Pence,Burgum
1.271577,Trump,DeSantis,Ramaswamy,Scott,Haley,Youngkin,Suarez,Burgum,Pence,Christie,Hurd,Hutchinson,Elder
0.970759,Trump,Ramaswamy,Youngkin,DeSantis,Haley,Elder,Scott,Burgum,Hurd,Suarez,Hutchinson,Pence,Christie
0.805183,Trump,DeSantis,Haley,Scott,Ramaswamy,Pence,Burgum,Elder,Youngkin,Christie,Hutchinson,Suarez,Hurd
0.901839,Trump,Ramaswamy,Pence,DeSantis,Suarez,Burgum,Hutchinson,Hurd,Youngkin,Christie,Scott,Elder,Haley
1.166972,Trump,Ramaswamy,Suarez,Christie,Hurd,Youngkin,Elder,DeSantis,Scott,Haley,Burgum,Hutchinson,Pence
1.312363,Trump,Pence,DeSantis,Christie,Ramaswamy,Elder,Hurd,Burgum,Scott,Youngkin,Hutchinson,Suarez,Haley
1.219104,Trump,DeSantis,Ramaswamy,Haley,Youngkin,Burgum,Hutchinson,Pence,Scott,Hurd,Elder,Suarez,Christie
0.767178,Trump,Ramaswamy,Elder,Scott,Burgum,Youngkin,DeSantis,Haley,Suarez,Pence,Hutchinson,Hurd,Christie
0.650804,Ramaswamy,Trump,Haley,Hutchinson,Youngkin,Suarez,Burgum,Elder,Hurd,Christie,Pence,Scott,DeSantis
0.552991,Trump,DeSantis,Scott,Ramaswamy,Hutchinson,Haley,Christie,Youngkin,Hurd,Elder,Burgum,Suarez,Pence
1.144161,DeSantis,Ramaswamy,Haley,Trump,Scott,Burgum,Christie,Hutchinson,Youngkin,Elder,Hurd,Pence,Suarez
0.970759,Trump,Ramaswamy,DeSantis,Scott,Youngkin,Haley,Burgum,Suarez,Elder,Hurd,Hutchinson,Pence,Christie
0.56361,Christie,Hutchinson,Burgum,Elder,Haley,Hurd,Suarez,Scott,Pence,Youngkin,Ramaswamy,DeSantis,Trump
0.925859,Pence,Christie,Youngkin,Hurd,Elder,Haley,Suarez,Ramaswamy,Hutchinson,DeSantis,Scott,Burgum,Trump
1.317598,Trump,DeSantis,Haley,Scott,Ramaswamy,Pence,Elder,Youngkin,Hutchinson,Burgum,Hurd,Suarez,Christie
1.297777,Christie,Haley,Ramaswamy,Pence,Hutchinson,Youngkin,Scott,Burgum,Suarez,Hurd,DeSantis,Elder,Trump
0.767178,Trump,DeSantis,Hutchinson,Suarez,Elder,Scott,Ramaswamy,Christie,Pence,Burgum,Youngkin,Hurd,Haley
2.040183,Ramaswamy,Haley,Scott,Suarez,Hutchinson,Youngkin,Elder,Hurd,Burgum,Pence,Christie,DeSantis,Trump
0.798657,Trump,Haley,Ramaswamy,DeSantis,Scott,Hutchinson,Pence,Elder,Burgum,Youngkin,Hurd,Suarez,Christie
1.200697,DeSantis,Trump,Haley,Ramaswamy,Scott,Pence,Hurd,Youngkin,Christie,Burgum,Hutchinson,Elder,Suarez
1.567187,Trump,Pence,Hurd,DeSantis,Burgum,Elder,Scott,Youngkin,Hutchinson,Ramaswamy,Christie,Suarez,Haley
0.825865,Ramaswamy,Trump,Haley,DeSantis,Pence,Scott,Christie,Youngkin,Suarez,Hutchinson,Elder,Burgum,Hurd
0.901839,Trump,Ramaswamy,Pence,DeSantis,Suarez,Burgum,Hutchinson,Hurd,Youngkin,Christie,Scott,Elder,Haley
1.679312,Trump,DeSantis,Haley,Ramaswamy,Pence,Hurd,Youngkin,Hutchinson,Burgum,Suarez,Elder,Scott,Christie
0.779609,Trump,Ramaswamy,Pence,DeSantis,Elder,Suarez,Hutchinson,Scott,Youngkin,Burgum,Hurd,Christie,Haley
1.033456,DeSantis,Trump,Haley,Scott,Pence,Burgum,Youngkin,Ramaswamy,Elder,Christie,Hutchinson,Hurd,Suarez
0.960016,Trump,Ramaswamy,DeSantis,Haley,Youngkin,Hutchinson,Burgum,Suarez,Hurd,Elder,Scott,Pence,Christie
1.376605,Christie,Haley,Hutchinson,Scott,DeSantis,Burgum,Elder,Suarez,Hurd,Youngkin,Pence,Ramaswamy,Trump
1.188226,Trump,DeSantis,Haley,Scott,Ramaswamy,Burgum,Hutchinson,Christie,Pence,Elder,Youngkin,Suarez,Hurd
0.747966,Trump,DeSantis,Scott,Haley,Hurd,Ramaswamy,Hutchinson,Suarez,Elder,Youngkin,Burgum,Pence,Christie
0.606725,Trump,DeSantis,Ramaswamy,Elder,Scott,Christie,Hurd,Youngkin,Haley,Suarez,Hutchinson,Burgum,Pence
1.120393,Haley,DeSantis,Elder,Christie,Pence,Scott,Ramaswamy,Burgum,Hutchinson,Suarez,Youngkin,Trump,Hurd
0.87319,Trump,DeSantis,Ramaswamy,Haley,Pence,Christie,Youngkin,Scott,Hutchinson,Burgum,Hurd,Suarez,Elder
0.612993,Trump,Ramaswamy,DeSantis,Christie,Pence,Haley,Hutchinson,Burgum,Elder,Suarez,Scott,Youngkin,Hurd
1.611159,Trump,Ramaswamy,Scott,DeSantis,Haley,Youngkin,Pence,Elder,Suarez,Burgum,Hurd,Hutchinson,Christie
0.886527,Christie,Suarez,DeSantis,Hutchinson,Hurd,Elder,Scott,Youngkin,Pence,Haley,Burgum,Ramaswamy,Trump
1.137748,DeSantis,Pence,Haley,Hutchinson,Scott,Christie,Elder,Suarez,Youngkin,Ramaswamy,Burgum,Hurd,Trump
1.215652,Trump,DeSantis,Youngkin,Pence,Haley,Ramaswamy,Scott,Burgum,Elder,Hurd,Suarez,Hutchinson,Christie
1.120393,Ramaswamy,DeSantis,Trump,Pence,Haley,Scott,Hutchinson,Suarez,Elder,Youngkin,Hurd,Christie,Burgum
0.741903,Haley,Scott,Trump,Pence,DeSantis,Christie,Hutchinson,Youngkin,Elder,Suarez,Hurd,Ramaswamy,Burgum
1.826138,Trump,Ramaswamy,Elder,DeSantis,Youngkin,Burgum,Suarez,Christie,Haley,Hurd,Hutchinson,Scott,Pence
1.245109,DeSantis,Trump,Ramaswamy,Haley,Scott,Burgum,Youngkin,Elder,Pence,Suarez,Hurd,Hutchinson,Christie
1.002609,Trump,Ramaswamy,DeSantis,Hutchinson,Pence,Christie,Haley,Hurd,Elder,Scott,Youngkin,Burgum,Suarez
0.64247,Trump,Haley,Suarez,Elder,Pence,Scott,Hutchinson,DeSantis,Hurd,Christie,Youngkin,Burgum,Ramaswamy
0.722173,Trump,Ramaswamy,DeSantis,Hutchinson,Hurd,Suarez,Pence,Elder,Christie,Scott,Youngkin,Haley,Burgum
1.618619,Ramaswamy,Haley,DeSantis,Pence,Trump,Scott,Christie,Suarez,Hutchinson,Burgum,Youngkin,Elder,Hurd
0.567195,Trump,Ramaswamy,Christie,Hurd,Haley,Pence,Youngkin,DeSantis,Elder,Suarez,Burgum,Scott,Hutchinson
1.033456,DeSantis,Trump,Haley,Scott,Pence,Burgum,Youngkin,Ramaswamy,Elder,Christie,Hutchinson,Hurd,Suarez
1.004181,Trump,Ramaswamy,Scott,Burgum,Hutchinson,Christie,Youngkin,DeSantis,Elder,Haley,Suarez,Hurd,Pence
0.929519,Trump,DeSantis,Scott,Hutchinson,Ramaswamy,Elder,Hurd,Suarez,Burgum,Youngkin,Haley,Pence,Christie
1.372707,Christie,Pence,DeSantis,Ramaswamy,Elder,Scott,Hurd,Youngkin,Hutchinson,Haley,Suarez,Burgum,Trump
0.621594,Trump,DeSantis,Ramaswamy,Scott,Youngkin,Elder,Burgum,Haley,Suarez,Christie,Pence,Hutchinson,Hurd
1.048733,Trump,Ramaswamy,DeSantis,Burgum,Haley,Scott,Pence,Hutchinson,Elder,Suarez,Youngkin,Hurd,Christie
0.672156,Ramaswamy,Trump,Christie,Burgum,Youngkin,Pence,Scott,Hurd,Elder,Haley,DeSantis,Suarez,Hutchinson
1.314392,Hutchinson,Christie,Hurd,Suarez,Burgum,Youngkin,Haley,Scott,Pence,Ramaswamy,Elder,DeSantis,Trump
1.132141,Trump,Pence,Ramaswamy,Christie,Burgum,Scott,Hurd,Youngkin,Elder,Hutchinson,Haley,Suarez,DeSantis
0.904612,DeSantis,Haley,Ramaswamy,Pence,Hutchinson,Christie,Youngkin,Burgum,Scott,Trump,Elder,Hurd,Suarez
0.567195,Youngkin,Hurd,Suarez,Ramaswamy,Scott,Elder,Christie,Burgum,DeSantis,Haley,Hutchinson,Pence,Trump
0.779605,Trump,Ramaswamy,DeSantis,Hurd,Pence,Christie,Haley,Scott,Youngkin,Suarez,Burgum,Hutchinson,Elder
0.743226,Pence,Ramaswamy,Trump,DeSantis,Christie,Suarez,Hutchinson,Youngkin,Haley,Hurd,Scott,Elder,Burgum
0.767178,Trump,Ramaswamy,Elder,Scott,Burgum,Youngkin,DeSantis,Haley,Suarez,Pence,Hutchinson,Hurd,Christie
1.629188,Ramaswamy,Haley,Scott,Pence,Christie,Suarez,Elder,Burgum,Hutchinson,Youngkin,Hurd,DeSantis,Trump
1.424811,Ramaswamy,DeSantis,Trump,Elder,Youngkin,Scott,Hutchinson,Suarez,Burgum,Hurd,Pence,Haley,Christie
0.735939,Ramaswamy,DeSantis,Trump,Pence,Christie,Haley,Elder,Hutchinson,Suarez,Burgum,Scott,Hurd,Youngkin
0.636425,Trump,Haley,Ramaswamy,Youngkin,Hurd,Pence,Hutchinson,Elder,Suarez,Christie,Burgum,Scott,DeSantis
0.614214,Scott,Burgum,Hutchinson,Haley,Christie,Suarez,Youngkin,Hurd,Ramaswamy,Elder,DeSantis,Pence,Trump
1.219104,DeSantis,Trump,Ramaswamy,Haley,Scott,Elder,Youngkin,Pence,Suarez,Burgum,Hurd,Christie,Hutchinson
0.594702,Trump,DeSantis,Youngkin,Ramaswamy,Burgum,Scott,Hurd,Suarez,Haley,Hutchinson,Elder,Pence,Christie
0.56361,Trump,Haley,DeSantis,Elder,Christie,Hutchinson,Suarez,Hurd,Burgum,Ramaswamy,Scott,Youngkin,Pence
0.786484,Trump,Ramaswamy,Scott,Hurd,Burgum,DeSantis,Elder,Suarez,Hutchinson,Youngkin,Haley,Christie,Pence
0.823528,Haley,Hutchinson,DeSantis,Pence,Christie,Scott,Ramaswamy,Suarez,Hurd,Burgum,Elder,Youngkin,Trump
0.987831,Trump,Ramaswamy,Haley,Pence,Hutchinson,Elder,Suarez,Christie,Scott,Hurd,Youngkin,DeSantis,Burgum
1.968129,Trump,Haley,DeSantis,Scott,Burgum,Christie,Elder,Ramaswamy,Hurd,Youngkin,Hutchinson,Suarez,Pence
0.555612,DeSantis,Trump,Pence,Scott,Christie,Elder,Youngkin,Burgum,Ramaswamy,Hutchinson,Hurd,Suarez,Haley
0.73399,Ramaswamy,Haley,Trump,Pence,Scott,Christie,DeSantis,Youngkin,Hurd,Hutchinson,Burgum,Suarez,Elder
1.036417,Trump,Pence,Ramaswamy,DeSantis,Suarez,Haley,Scott,Christie,Hurd,Youngkin,Hutchinson,Elder,Burgum
0.671534,Scott,Pence,Trump,Suarez,Haley,Elder,Christie,Hutchinson,Youngkin,DeSantis,Burgum,Hurd,Ramaswamy
1.968129,Trump,Haley,DeSantis,Scott,Burgum,Christie,Elder,Ramaswamy,Hurd,Youngkin,Hutchinson,Suarez,Pence
1.068725,Trump,Pence,DeSantis,Christie,Burgum,Youngkin,Hurd,Scott,Ramaswamy,Suarez,Hutchinson,Haley,Elder
0.960016,Trump,Ramaswamy,DeSantis,Haley,Youngkin,Hutchinson,Burgum,Suarez,Hurd,Elder,Scott,Pence,Christie
0.56361,Trump,Scott,DeSantis,Elder,Hurd,Burgum,Youngkin,Pence,Ramaswamy,Suarez,Hutchinson,Haley,Christie
0.798657,Trump,DeSantis,Haley,Pence,Scott,Christie,Hurd,Burgum,Hutchinson,Elder,Youngkin,Suarez,Ramaswamy
1.376605,Christie,Haley,Hutchinson,Scott,DeSantis,Burgum,Elder,Suarez,Hurd,Youngkin,Pence,Ramaswamy,Trump
0.794043,Trump,Christie,DeSantis,Pence,Suarez,Scott,Hurd,Youngkin,Hutchinson,Elder,Burgum,Ramaswamy,Haley
0.904612,DeSantis,Haley,Ramaswamy,Pence,Hutchinson,Christie,Youngkin,Burgum,Scott,Trump,Elder,Hurd,Suarez
1.134561,Haley,Trump,DeSantis,Christie,Youngkin,Pence,Hutchinson,Hurd,Burgum,Ramaswamy,Suarez,Elder,Scott
1.122006,Trump,Scott,Haley,Ramaswamy,DeSantis,Pence,Christie,Burgum,Youngkin,Hurd,Suarez,Hutchinson,Elder
1.376055,Trump,Ramaswamy,Pence,Haley,Elder,Youngkin,DeSantis,Scott,Hurd,Hutchinson,Suarez,Burgum,Christie
1.134561,DeSantis,Trump,Ramaswamy,Haley,Elder,Pence,Scott,Christie,Burgum,Hutchinson,Youngkin,Hurd,Suarez
0.668479,Trump,DeSantis,Haley,Ramaswamy,Pence,Christie,Burgum,Suarez,Hurd,Elder,Hutchinson,Scott,Youngkin
1.773147,Trump,Ramaswamy,DeSantis,Haley,Pence,Christie,Youngkin,Hurd,Scott,Elder,Hutchinson,Burgum,Suarez
0.996977,Trump,Pence,Ramaswamy,Scott,Youngkin,Elder,Hurd,Burgum,Hutchinson,Suarez,Christie,Haley,DeSantis
2.045976,Ramaswamy,Trump,DeSantis,Youngkin,Haley,Elder,Scott,Hurd,Hutchinson,Suarez,Burgum,Pence,Christie
0.960016,Trump,DeSantis,Ramaswamy,Scott,Youngkin,Elder,Haley,Burgum,Christie,Hurd,Hutchinson,Pence,Suarez
0.929519,Christie,Haley,Ramaswamy,DeSantis,Scott,Pence,Youngkin,Burgum,Hutchinson,Suarez,Hurd,Elder,Trump
1.312363,Trump,Pence,DeSantis,Christie,Ramaswamy,Elder,Hurd,Burgum,Scott,Youngkin,Hutchinson,Suarez,Haley
1.084045,Ramaswamy,Trump,Scott,Elder,DeSantis,Hurd,Haley,Burgum,Hutchinson,Suarez,Youngkin,Pence,Christie
1.068725,Trump,Pence,DeSantis,Christie,Burgum,Youngkin,Hurd,Scott,Ramaswamy,Suarez,Hutchinson,Haley,Elder
0.704801,Trump,Scott,Youngkin,Burgum,Ramaswamy,Hutchinson,Hurd,Elder,Suarez,DeSantis,Christie,Pence,Haley
1.339645,Scott,Ramaswamy,Haley,Pence,Christie,DeSantis,Hutchinson,Hurd,Suarez,Youngkin,Burgum,Elder,Trump
1.045781,Trump,Ramaswamy,Scott,DeSantis,Haley,Elder,Hurd,Suarez,Hutchinson,Youngkin,Burgum,Pence,Christie
0.987831,Trump,Ramaswamy,Haley,Pence,Hutchinson,Elder,Suarez,Christie,Scott,Hurd,Youngkin,DeSantis,Burgum
0.660172,Trump,DeSantis,Pence,Burgum,Hurd,Suarez,Elder,Scott,Christie,Youngkin,Ramaswamy,Haley,Hutchinson
1.002609,Christie,Haley,Suarez,Hutchinson,Pence,Burgum,Elder,Youngkin,Hurd,Scott,Ramaswamy,DeSantis,Trump
0.901839,Trump,Ramaswamy,Haley,Hurd,DeSantis,Scott,Christie,Suarez,Hutchinson,Elder,Youngkin,Pence,Burgum
0.606725,Trump,Pence,Ramaswamy,Scott,Elder,Christie,Youngkin,Burgum,Hurd,Hutchinson,Suarez,Haley,DeSantis
1.049608,Haley,Scott,DeSantis,Ramaswamy,Pence,Christie,Trump,Burgum,Hutchinson,Suarez,Elder,Hurd,Youngkin
1.137748,Trump,DeSantis,Ramaswamy,Haley,Scott,Pence,Hurd,Youngkin,Burgum,Elder,Hutchinson,Suarez,Christie
1.753818,Ramaswamy,Christie,DeSantis,Pence,Haley,Trump,Scott,Youngkin,Hutchinson,Burgum,Elder,Hurd,Suarez
0.851323,DeSantis,Ramaswamy,Haley,Trump,Youngkin,Suarez,Elder,Hurd,Scott,Hutchinson,Pence,Christie,Burgum
0.828187,Haley,Elder,Scott,Youngkin,Hurd,Hutchinson,Burgum,Suarez,Ramaswamy,Christie,Pence,DeSantis,Trump
0.903189,Haley,Christie,Scott,Pence,Burgum,Ramaswamy,DeSantis,Hutchinson,Youngkin,Elder,Hurd,Suarez,Trump
1.051336,DeSantis,Pence,Christie,Hurd,Haley,Burgum,Elder,Scott,Youngkin,Ramaswamy,Hutchinson,Suarez,Trump
0.798657,Trump,DeSantis,Haley,Pence,Scott,Christie,Hurd,Burgum,Hutchinson,Elder,Youngkin,Suarez,Ramaswamy
0.627394,Ramaswamy,Pence,Scott,Trump,Haley,DeSantis,Christie,Burgum,Elder,Suarez,Youngkin,Hurd,Hutchinson
1.137748,Trump,Ramaswamy,Scott,Haley,Burgum,Hutchinson,Christie,Hurd,Elder,Suarez,Youngkin,DeSantis,Pence
0.854785,Pence,DeSantis,Christie,Ramaswamy,Haley,Elder,Scott,Hutchinson,Burgum,Suarez,Hurd,Youngkin,Trump
0.903189,Haley,Christie,Scott,Pence,Burgum,Ramaswamy,DeSantis,Hutchinson,Youngkin,Elder,Hurd,Suarez,Trump
0.63756,Trump,Christie,Ramaswamy,Youngkin,Pence,DeSantis,Hutchinson,Hurd,Elder,Haley,Suarez,Burgum,Scott
0.720887,Pence,Ramaswamy,Scott,DeSantis,Haley,Trump,Burgum,Elder,Youngkin,Hurd,Hutchinson,Suarez,Christie
0.612993,Trump,DeSantis,Pence,Ramaswamy,Christie,Haley,Scott,Burgum,Elder,Hutchinson,Suarez,Hurd,Youngkin
0.901839,Pence,Christie,Scott,Suarez,Hutchinson,Burgum,Hurd,Youngkin,Elder,Haley,DeSantis,Ramaswamy,Trump
1.158692,Hutchinson,Christie,Hurd,Burgum,Pence,Scott,Haley,Suarez,Youngkin,Elder,DeSantis,Ramaswamy,Trump
0.968735,Trump,DeSantis,Ramaswamy,Hutchinson,Burgum,Hurd,Scott,Elder,Youngkin,Haley,Suarez,Christie,Pence
0.919605,DeSantis,Trump,Pence,Ramaswamy,Elder,Burgum,Scott,Youngkin,Hutchinson,Suarez,Hurd,Haley,Christie
0.819929,Trump,DeSantis,Ramaswamy,Pence,Christie,Scott,Suarez,Youngkin,Hutchinson,Hurd,Burgum,Elder,Haley
0.79963,Trump,Ramaswamy,Scott,DeSantis,Christie,Hutchinson,Haley,Pence,Suarez,Youngkin,Elder,Hurd,Burgum
0.868636,Trump,Pence,Christie,Hurd,DeSantis,Burgum,Scott,Hutchinson,Suarez,Elder,Youngkin,Ramaswamy,Haley
0.792237,Trump,Ramaswamy,DeSantis,Haley,Pence,Youngkin,Hutchinson,Scott,Elder,Hurd,Christie,Burgum,Suarez
1.261425,Hurd,Suarez,Haley,Hutchinson,Christie,Burgum,Scott,Youngkin,Pence,Ramaswamy,Elder,DeSantis,Trump
0.903189,Haley,Pence,Ramaswamy,Scott,Elder,Suarez,Youngkin,Burgum,DeSantis,Christie,Hurd,Hutchinson,Trump
0.526889,Ramaswamy,DeSantis,Pence,Trump,Christie,Elder,Burgum,Hurd,Scott,Youngkin,Suarez,Hutchinson,Haley
1.218747,Christie,DeSantis,Elder,Scott,Ramaswamy,Haley,Hutchinson,Hurd,Youngkin,Suarez,Pence,Trump,Burgum
0.660172,Ramaswamy,Trump,DeSantis,Elder,Scott,Pence,Burgum,Haley,Hurd,Youngkin,Hutchinson,Suarez,Christie
1.137748,Trump,Ramaswamy,Scott,Haley,Burgum,Hutchinson,Christie,Hurd,Elder,Suarez,Youngkin,DeSantis,Pence
0.794043,Trump,Christie,DeSantis,Pence,Suarez,Scott,Hurd,Youngkin,Hutchinson,Elder,Burgum,Ramaswamy,Haley
1.200697,Trump,Haley,DeSantis,Pence,Scott,Christie,Ramaswamy,Hurd,Elder,Burgum,Youngkin,Suarez,Hutchinson
0.919605,DeSantis,Scott,Trump,Ramaswamy,Pence,Elder,Hutchinson,Youngkin,Hurd,Haley,Burgum,Christie,Suarez
2.202489,DeSantis,Trump,Ramaswamy,Scott,Pence,Youngkin,Hutchinson,Elder,Hurd,Suarez,Burgum,Christie,Haley
1.424811,Ramaswamy,DeSantis,Trump,Elder,Youngkin,Scott,Hutchinson,Suarez,Burgum,Hurd,Pence,Haley,Christie
1.488257,DeSantis,Ramaswamy,Pence,Hutchinson,Haley,Christie,Trump,Scott,Suarez,Elder,Burgum,Hurd,Youngkin
1.481912,Trump,DeSantis,Burgum,Haley,Scott,Youngkin,Elder,Hurd,Suarez,Hutchinson,Ramaswamy,Christie,Pence
1.271577,DeSantis,Ramaswamy,Trump,Haley,Scott,Pence,Hutchinson,Burgum,Youngkin,Elder,Suarez,Christie,Hurd
0.778987,Trump,Pence,Elder,Scott,Christie,Burgum,Haley,Youngkin,Suarez,Hurd,DeSantis,Hutchinson,Ramaswamy
0.996977,Trump,Pence,Ramaswamy,Scott,Youngkin,Elder,Hurd,Burgum,Hutchinson,Suarez,Christie,Haley,DeSantis
1.079307,Pence,Ramaswamy,Christie,Suarez,Hutchinson,Scott,Hurd,Youngkin,Burgum,Haley,Elder,DeSantis,Trump
0.68511,Pence,Ramaswamy,Trump,Scott,Haley,DeSantis,Hurd,Christie,Youngkin,Hutchinson,Burgum,Elder,Suarez
0.639186,Pence,Scott,Haley,Ramaswamy,DeSantis,Trump,Burgum,Youngkin,Suarez,Elder,Hurd,Hutchinson,Christie
0.636425,Trump,DeSantis,Pence,Christie,Ramaswamy,Hutchinson,Burgum,Hurd,Youngkin,Haley,Elder,Scott,Suarez
0.970759,Trump,Ramaswamy,DeSantis,Scott,Youngkin,Haley,Burgum,Suarez,Elder,Hurd,Hutchinson,Pence,Christie
0.854256,Trump,DeSantis,Haley,Ramaswamy,Scott,Elder,Hutchinson,Burgum,Hurd,Youngkin,Suarez,Christie,Pence
2.480722,Trump,Haley,DeSantis,Pence,Ramaswamy,Elder,Hutchinson,Burgum,Suarez,Hurd,Christie,Scott,Youngkin
0.760085,Pence,Burgum,Elder,Hurd,Youngkin,Hutchinson,Haley,DeSantis,Christie,Scott,Suarez,Ramaswamy,Trump
0.729306,Ramaswamy,Burgum,Haley,Christie,Scott,DeSantis,Elder,Hurd,Suarez,Hutchinson,Youngkin,Pence,Trump
0.899549,Ramaswamy,Pence,Haley,Christie,Scott,Youngkin,Trump,DeSantis,Elder,Burgum,Hutchinson,Hurd,Suarez
0.720887,Pence,Ramaswamy,Scott,DeSantis,Haley,Trump,Burgum,Elder,Youngkin,Hurd,Hutchinson,Suarez,Christie
0.813634,Scott,Pence,Hurd,Suarez,Youngkin,DeSantis,Ramaswamy,Christie,Hutchinson,Haley,Elder,Burgum,Trump
1.023323,Pence,DeSantis,Scott,Ramaswamy,Trump,Burgum,Haley,Christie,Hutchinson,Youngkin,Hurd,Elder,Suarez
0.798657,Christie,Pence,DeSantis,Haley,Hutchinson,Hurd,Scott,Suarez,Youngkin,Ramaswamy,Burgum,Elder,Trump
0.660172,Hurd,Hutchinson,Haley,Scott,Burgum,Christie,Suarez,Elder,Pence,Youngkin,Ramaswamy,DeSantis,Trump
0.837116,Scott,Suarez,Haley,Youngkin,DeSantis,Pence,Hutchinson,Ramaswamy,Burgum,Hurd,Christie,Elder,Trump
1.420777,Trump,Pence,DeSantis,Scott,Ramaswamy,Haley,Hurd,Elder,Christie,Suarez,Burgum,Hutchinson,Youngkin
0.805183,Ramaswamy,Trump,Pence,Christie,Hurd,DeSantis,Hutchinson,Suarez,Elder,Youngkin,Haley,Burgum,Scott
1.04502,Christie,Haley,Ramaswamy,Elder,Hutchinson,Scott,Hurd,Youngkin,Suarez,Burgum,Pence,DeSantis,Trump
1.297777,Trump,DeSantis,Ramaswamy,Haley,Hutchinson,Scott,Christie,Youngkin,Elder,Hurd,Burgum,Suarez,Pence
1.122006,Trump,Scott,Haley,Ramaswamy,DeSantis,Pence,Christie,Burgum,Youngkin,Hurd,Suarez,Hutchinson,Elder
0.79963,Trump,Ramaswamy,Christie,Pence,Suarez,Scott,Youngkin,Burgum,Elder,Haley,Hutchinson,Hurd,DeSantis
0.658711,DeSantis,Haley,Trump,Ramaswamy,Christie,Pence,Scott,Burgum,Elder,Hurd,Suarez,Youngkin,Hutchinson
0.73399,Scott,Ramaswamy,DeSantis,Haley,Hurd,Suarez,Burgum,Elder,Youngkin,Christie,Pence,Trump,Hutchinson
0.681832,Hutchinson,DeSantis,Scott,Trump,Haley,Hurd,Pence,Christie,Suarez,Burgum,Youngkin,Elder,Ramaswamy
1.559977,Trump,Ramaswamy,DeSantis,Scott,Haley,Elder,Youngkin,Hutchinson,Burgum,Hurd,Suarez,Pence,Christie
0.854256,Trump,Ramaswamy,DeSantis,Haley,Youngkin,Scott,Suarez,Elder,Hurd,Hutchinson,Burgum,Christie,Pence
0.612993,Trump,Ramaswamy,DeSantis,Christie,Hurd,Elder,Suarez,Hutchinson,Youngkin,Haley,Pence,Burgum,Scott
0.672156,Ramaswamy,Trump,Christie,Burgum,Youngkin,Pence,Scott,Hurd,Elder,Haley,DeSantis,Suarez,Hutchinson
0.718335,Trump,Ramaswamy,DeSantis,Scott,Haley,Youngkin,Elder,Hutchinson,Suarez,Hurd,Burgum,Pence,Christie
0.81114,Christie,DeSantis,Scott,Suarez,Haley,Hurd,Trump,Hutchinson,Burgum,Pence,Elder,Ramaswamy,Youngkin
1.120393,Ramaswamy,DeSantis,Trump,Pence,Haley,Scott,Hutchinson,Suarez,Elder,Youngkin,Hurd,Christie,Burgum
0.564481,Christie,Pence,Haley,Scott,DeSantis,Elder,Hutchinson,Hurd,Youngkin,Suarez,Burgum,Ramaswamy,Trump
1.297777,Trump,DeSantis,Ramaswamy,Haley,Hutchinson,Scott,Christie,Youngkin,Elder,Hurd,Burgum,Suarez,Pence
0.65782,Trump,Haley,Scott,DeSantis,Youngkin,Burgum,Christie,Hurd,Ramaswamy,Elder,Suarez,Hutchinson,Pence
1.826138,Trump,Ramaswamy,Elder,DeSantis,Youngkin,Burgum,Suarez,Christie,Haley,Hurd,Hutchinson,Scott,Pence
0.987831,Ramaswamy,DeSantis,Scott,Christie,Haley,Pence,Hutchinson,Burgum,Youngkin,Elder,Suarez,Hurd,Trump
0.650804,Trump,Christie,Ramaswamy,Elder,Burgum,Hurd,DeSantis,Scott,Haley,Youngkin,Suarez,Hutchinson,Pence
0.827631,Trump,Ramaswamy,Hutchinson,Christie,Burgum,Elder,Hurd,Scott,Haley,DeSantis,Suarez,Youngkin,Pence
0.564481,DeSantis,Youngkin,Christie,Haley,Burgum,Scott,Hurd,Elder,Hutchinson,Suarez,Ramaswamy,Pence,Trump
1.188226,Trump,DeSantis,Haley,Pence,Christie,Hutchinson,Elder,Hurd,Ramaswamy,Youngkin,Burgum,Scott,Suarez
0.639186,Ramaswamy,Elder,Suarez,Hurd,Christie,Youngkin,Pence,Burgum,Hutchinson,Scott,Haley,Trump,DeSantis
1.158692,Trump,Ramaswamy,Suarez,Haley,Christie,Pence,Scott,Elder,Burgum,DeSantis,Hurd,Hutchinson,Youngkin
0.786484,Ramaswamy,Trump,DeSantis,Haley,Pence,Hurd,Burgum,Hutchinson,Elder,Scott,Suarez,Christie,Youngkin
1.314392,Hutchinson,Christie,Hurd,Suarez,Burgum,Youngkin,Haley,Scott,Pence,Ramaswamy,Elder,DeSantis,Trump
0.779605,Trump,Ramaswamy,DeSantis,Hurd,Pence,Christie,Haley,Scott,Youngkin,Suarez,Burgum,Hutchinson,Elder
1.086363,Pence,Christie,Hutchinson,Haley,Elder,Scott,Burgum,Youngkin,Ramaswamy,Suarez,Trump,Hurd,DeSantis
0.875875,Haley,Scott,Trump,Ramaswamy,Youngkin,Hutchinson,Elder,Suarez,Burgum,Hurd,Christie,Pence,DeSantis
1.056898,Trump,Ramaswamy,Haley,Scott,DeSantis,Pence,Elder,Youngkin,Hurd,Hutchinson,Burgum,Suarez,Christie
0.903189,Haley,Christie,Scott,Pence,Burgum,Ramaswamy,DeSantis,Hutchinson,Youngkin,Elder,Hurd,Suarez,Trump
1.033456,DeSantis,Trump,Haley,Scott,Pence,Burgum,Youngkin,Ramaswamy,Elder,Christie,Hutchinson,Hurd,Suarez
1.137748,Trump,Ramaswamy,Scott,DeSantis,Haley,Hutchinson,Burgum,Elder,Suarez,Hurd,Youngkin,Pence,Christie
0.930194,Trump,Elder,DeSantis,Haley,Burgum,Suarez,Hurd,Ramaswamy,Hutchinson,Christie,Youngkin,Scott,Pence
0.709101,Scott,DeSantis,Burgum,Christie,Hutchinson,Elder,Ramaswamy,Trump,Hurd,Pence,Youngkin,Haley,Suarez
0.778987,Trump,Pence,Elder,Scott,Christie,Burgum,Haley,Youngkin,Suarez,Hurd,DeSantis,Hutchinson,Ramaswamy
1.121883,Trump,DeSantis,Scott,Haley,Elder,Ramaswamy,Burgum,Suarez,Pence,Hurd,Youngkin,Hutchinson,Christie
0.68511,Trump,Pence,Scott,Hutchinson,Hurd,Elder,Suarez,Burgum,Youngkin,Haley,Ramaswamy,DeSantis,Christie
1.73441,Pence,DeSantis,Christie,Burgum,Youngkin,Scott,Hurd,Suarez,Haley,Elder,Ramaswamy,Trump,Hutchinson
1.261425,Trump,Christie,DeSantis,Haley,Pence,Burgum,Scott,Hutchinson,Elder,Hurd,Youngkin,Suarez,Ramaswamy
0.968363,Ramaswamy,Scott,Haley,DeSantis,Pence,Christie,Hurd,Burgum,Youngkin,Elder,Suarez,Hutchinson,Trump
1.04502,Ramaswamy,DeSantis,Christie,Pence,Haley,Hutchinson,Scott,Youngkin,Burgum,Elder,Suarez,Trump,Hurd
1.314392,Haley,Trump,DeSantis,Burgum,Pence,Christie,Scott,Youngkin,Hutchinson,Hurd,Ramaswamy,Suarez,Elder
0.510624,Christie,Hurd,Youngkin,Pence,Scott,Burgum,Elder,Suarez,Haley,Hutchinson,Ramaswamy,Trump,DeSantis
0.639186,Hutchinson,Pence,Haley,Ramaswamy,Youngkin,Christie,Elder,Trump,Scott,DeSantis,Hurd,Suarez,Burgum
1.292548,Christie,Scott,Pence,Hutchinson,Haley,Burgum,Hurd,Suarez,Elder,Youngkin,Ramaswamy,DeSantis,Trump
0.901839,Pence,Christie,Scott,Suarez,Hutchinson,Burgum,Hurd,Youngkin,Elder,Haley,DeSantis,Ramaswamy,Trump
1.002609,Trump,Scott,Haley,DeSantis,Ramaswamy,Pence,Christie,Elder,Youngkin,Hutchinson,Suarez,Hurd,Burgum
0.73399,Haley,Christie,Suarez,Youngkin,Burgum,Elder,Hutchinson,Ramaswamy,Scott,Hurd,Pence,DeSantis,Trump
0.668479,Ramaswamy,DeSantis,Haley,Pence,Scott,Christie,Burgum,Youngkin,Hurd,Elder,Suarez,Hutchinson,Trump
0.720887,Trump,DeSantis,Ramaswamy,Christie,Scott,Suarez,Burgum,Youngkin,Elder,Hurd,Hutchinson,Haley,Pence
0.760085,Pence,Burgum,Elder,Hurd,Youngkin,Hutchinson,Haley,DeSantis,Christie,Scott,Suarez,Ramaswamy,Trump
1.546149,DeSantis,Haley,Ramaswamy,Scott,Trump,Pence,Elder,Burgum,Youngkin,Christie,Hutchinson,Hurd,Suarez
1.101605,DeSantis,Trump,Haley,Ramaswamy,Pence,Scott,Christie,Hutchinson,Hurd,Elder,Youngkin,Burgum,Suarez
0.620487,Trump,Pence,Christie,DeSantis,Hutchinson,Hurd,Haley,Ramaswamy,Elder,Burgum,Youngkin,Suarez,Scott
1.033456,Haley,Scott,Pence,Christie,Burgum,Trump,Hutchinson,Hurd,Youngkin,Suarez,Elder,Ramaswamy,DeSantis
0.466606,Haley,Christie,Hurd,Scott,Elder,Ramaswamy,Pence,Suarez,Burgum,Youngkin,DeSantis,Hutchinson,Trump
1.257506,Trump,DeSantis,Ramaswamy,Christie,Suarez,Youngkin,Scott,Hurd,Burgum,Elder,Hutchinson,Haley,Pence
1.444802,Haley,Scott,Trump,Youngkin,Ramaswamy,DeSantis,Hutchinson,Pence,Burgum,Suarez,Hurd,Christie,Elder
1.249847,Trump,Pence,Ramaswamy,Youngkin,DeSantis,Elder,Hutchinson,Suarez,Hurd,Haley,Christie,Burgum,Scott
1.398904,Trump,Ramaswamy,Haley,Pence,DeSantis,Elder,Scott,Christie,Youngkin,Burgum,Hutchinson,Suarez,Hurd
1.217557,Haley,Christie,Pence,Scott,Burgum,Youngkin,Suarez,Hurd,Elder,Hutchinson,DeSantis,Ramaswamy,Trump
1.049608,Trump,Pence,Ramaswamy,Haley,Scott,DeSantis,Suarez,Hurd,Hutchinson,Youngkin,Elder,Burgum,Christie
1.158692,Trump,Ramaswamy,Suarez,Haley,Christie,Pence,Scott,Elder,Burgum,DeSantis,Hurd,Hutchinson,Youngkin
1.240092,Haley,Christie,Pence,Elder,Hutchinson,Scott,Suarez,Hurd,Burgum,Youngkin,Ramaswamy,DeSantis,Trump
0.798657,Trump,Christie,Haley,Elder,Hurd,Suarez,Hutchinson,Youngkin,Scott,Burgum,Ramaswamy,Pence,DeSantis
1.317598,Trump,DeSantis,Haley,Scott,Ramaswamy,Pence,Elder,Youngkin,Hutchinson,Burgum,Hurd,Suarez,Christie
1.218747,Trump,DeSantis,Pence,Ramaswamy,Christie,Scott,Haley,Burgum,Elder,Suarez,Hurd,Hutchinson,Youngkin
0.868636,Trump,Pence,Christie,Hurd,DeSantis,Burgum,Scott,Hutchinson,Suarez,Elder,Youngkin,Ramaswamy,Haley
0.940932,DeSantis,Haley,Scott,Pence,Youngkin,Trump,Elder,Hutchinson,Burgum,Suarez,Christie,Hurd,Ramaswamy
0.660172,DeSantis,Ramaswamy,Haley,Scott,Elder,Hurd,Pence,Hutchinson,Youngkin,Burgum,Christie,Suarez,Trump
1.342131,Trump,Scott,DeSantis,Youngkin,Ramaswamy,Hutchinson,Elder,Haley,Burgum,Suarez,Hurd,Pence,Christie
0.972281,Trump,DeSantis,Ramaswamy,Scott,Pence,Elder,Suarez,Burgum,Youngkin,Hutchinson,Hurd,Haley,Christie
1.166972,Ramaswamy,DeSantis,Haley,Pence,Hutchinson,Elder,Suarez,Hurd,Burgum,Scott,Youngkin,Christie,Trump
1.017577,Trump,Ramaswamy,Haley,Burgum,Suarez,Christie,Elder,Hurd,Pence,Scott,DeSantis,Hutchinson,Youngkin
0.63756,Trump,Haley,Hutchinson,Scott,Christie,Youngkin,DeSantis,Pence,Ramaswamy,Elder,Burgum,Hurd,Suarez
0.660172,Trump,DeSantis,Pence,Burgum,Hurd,Suarez,Elder,Scott,Christie,Youngkin,Ramaswamy,Haley,Hutchinson
0.817814,Pence,Scott,Trump,Hurd,Hutchinson,Elder,Burgum,Christie,Suarez,DeSantis,Youngkin,Haley,Ramaswamy
0.903768,DeSantis,Trump,Scott,Youngkin,Burgum,Pence,Elder,Hurd,Hutchinson,Suarez,Haley,Ramaswamy,Christie
1.149689,Trump,DeSantis,Youngkin,Elder,Burgum,Scott,Haley,Suarez,Hutchinson,Hurd,Ramaswamy,Christie,Pence
0.93342,Trump,Pence,Hutchinson,Scott,DeSantis,Burgum,Ramaswamy,Elder,Hurd,Youngkin,Christie,Suarez,Haley
1.478149,DeSantis,Trump,Haley,Christie,Burgum,Scott,Ramaswamy,Youngkin,Pence,Hutchinson,Hurd,Elder,Suarez
1.188226,Trump,Ramaswamy,DeSantis,Pence,Scott,Haley,Hurd,Christie,Youngkin,Elder,Suarez,Burgum,Hutchinson
0.710658,Trump,Ramaswamy,Pence,Elder,Haley,Scott,Burgum,Hutchinson,Hurd,Christie,Youngkin,Suarez,DeSantis
0.960016,Youngkin,Haley,Christie,Trump,DeSantis,Scott,Pence,Hutchinson,Elder,Burgum,Suarez,Hurd,Ramaswamy
1.086363,Trump,DeSantis,Elder,Ramaswamy,Scott,Burgum,Haley,Youngkin,Suarez,Hurd,Hutchinson,Pence,Christie
0.79963,Trump,Ramaswamy,Christie,Pence,Suarez,Scott,Youngkin,Burgum,Elder,Haley,Hutchinson,Hurd,DeSantis
1.069759,Trump,Ramaswamy,Youngkin,DeSantis,Scott,Haley,Burgum,Pence,Hurd,Suarez,Hutchinson,Christie,Elder
0.718335,Christie,Haley,Burgum,Youngkin,Elder,Hutchinson,Hurd,Pence,Suarez,Ramaswamy,Scott,DeSantis,Trump
1.308647,Trump,Ramaswamy,DeSantis,Pence,Haley,Burgum,Scott,Suarez,Hutchinson,Elder,Hurd,Youngkin,Christie
1.002393,Hurd,Hutchinson,Burgum,Scott,Youngkin,Suarez,Haley,Ramaswamy,Elder,DeSantis,Christie,Pence,Trump
0.886527,Trump,DeSantis,Ramaswamy,Suarez,Hutchinson,Youngkin,Scott,Hurd,Burgum,Elder,Haley,Christie,Pence
0.654717,Trump,Ramaswamy,Christie,Scott,Hutchinson,Suarez,Elder,Burgum,Pence,DeSantis,Hurd,Youngkin,Haley
0.741903,Trump,Ramaswamy,Hutchinson,Scott,Hurd,Pence,Christie,Burgum,Elder,Suarez,Youngkin,Haley,DeSantis
0.787886,Trump,DeSantis,Suarez,Hurd,Burgum,Pence,Scott,Haley,Elder,Hutchinson,Youngkin,Christie,Ramaswamy
0.823768,Ramaswamy,Haley,Scott,Youngkin,Hurd,Burgum,DeSantis,Trump,Hutchinson,Elder,Suarez,Christie,Pence
1.04502,Ramaswamy,DeSantis,Christie,Pence,Haley,Hutchinson,Scott,Youngkin,Burgum,Elder,Suarez,Trump,Hurd
0.970759,Trump,Haley,Scott,DeSantis,Ramaswamy,Burgum,Suarez,Elder,Youngkin,Hurd,Pence,Christie,Hutchinson
0.839544,Trump,Scott,Ramaswamy,Elder,Haley,Youngkin,Suarez,Hutchinson,Burgum,Hurd,DeSantis,Pence,Christie
0.719616,DeSantis,Trump,Ramaswamy,Haley,Christie,Scott,Burgum,Elder,Hurd,Suarez,Youngkin,Hutchinson,Pence
0.660172,DeSantis,Pence,Ramaswamy,Scott,Suarez,Hutchinson,Hurd,Elder,Christie,Haley,Youngkin,Burgum,Trump
1.81136,Trump,DeSantis,Haley,Pence,Youngkin,Suarez,Burgum,Scott,Elder,Hurd,Christie,Hutchinson,Ramaswamy
0.627394,Ramaswamy,Pence,Scott,Trump,Haley,DeSantis,Christie,Burgum,Elder,Suarez,Youngkin,Hurd,Hutchinson
1.308647,Haley,Pence,DeSantis,Elder,Hurd,Burgum,Youngkin,Hutchinson,Scott,Christie,Suarez,Trump,Ramaswamy
1.134561,Trump,Ramaswamy,DeSantis,Scott,Haley,Elder,Pence,Christie,Youngkin,Hutchinson,Hurd,Burgum,Suarez
0.667953,Trump,Ramaswamy,Haley,DeSantis,Christie,Scott,Pence,Hutchinson,Burgum,Elder,Suarez,Hurd,Youngkin
1.036417,Hurd,Christie,Haley,Pence,Suarez,Youngkin,Hutchinson,Burgum,Scott,Ramaswamy,DeSantis,Elder,Trump
0.798657,Trump,Christie,Haley,Elder,Hurd,Suarez,Hutchinson,Youngkin,Scott,Burgum,Ramaswamy,Pence,DeSantis
0.683048,Scott,Trump,Ramaswamy,DeSantis,Haley,Elder,Hurd,Christie,Youngkin,Suarez,Hutchinson,Pence,Burgum
0.8662,Trump,DeSantis,Haley,Scott,Ramaswamy,Burgum,Suarez,Youngkin,Hutchinson,Hurd,Elder,Christie,Pence
0.708142,Trump,Ramaswamy,Haley,Pence,Suarez,Christie,Youngkin,DeSantis,Hurd,Scott,Burgum,Hutchinson,Elder
0.587057,Elder,Scott,Youngkin,Suarez,Ramaswamy,Haley,Hurd,Hutchinson,Burgum,Christie,Pence,DeSantis,Trump
1.219104,Trump,DeSantis,Scott,Haley,Elder,Ramaswamy,Youngkin,Burgum,Hutchinson,Hurd,Suarez,Pence,Christie
1.4049,Scott,Haley,Burgum,Hutchinson,Christie,Pence,Suarez,Elder,Hurd,Youngkin,Ramaswamy,DeSantis,Trump
0.806909,Ramaswamy,Trump,Haley,Burgum,Pence,Christie,Scott,Hutchinson,Youngkin,DeSantis,Hurd,Suarez,Elder
0.919605,DeSantis,Trump,Pence,Ramaswamy,Elder,Burgum,Scott,Youngkin,Hutchinson,Suarez,Hurd,Haley,Christie
1.134561,Haley,Christie,Burgum,Youngkin,Hutchinson,Elder,Scott,Pence,DeSantis,Hurd,Suarez,Ramaswamy,Trump
0.466606,Youngkin,Haley,Scott,DeSantis,Pence,Trump,Suarez,Burgum,Hurd,Hutchinson,Ramaswamy,Christie,Elder
1.669118,Trump,DeSantis,Haley,Scott,Ramaswamy,Pence,Youngkin,Burgum,Christie,Elder,Suarez,Hurd,Hutchinson
0.742806,Trump,Haley,DeSantis,Scott,Ramaswamy,Youngkin,Christie,Elder,Burgum,Hurd,Pence,Suarez,Hutchinson
1.559977,Trump,Ramaswamy,Scott,Burgum,DeSantis,Haley,Christie,Suarez,Pence,Hutchinson,Elder,Hurd,Youngkin
1.205555,Christie,Haley,Hutchinson,Scott,Pence,Burgum,Hurd,Youngkin,Suarez,Elder,DeSantis,Ramaswamy,Trump
0.854785,Pence,DeSantis,Christie,Ramaswamy,Haley,Elder,Scott,Hutchinson,Burgum,Suarez,Hurd,Youngkin,Trump
1.529463,Christie,Elder,Scott,Hurd,Haley,Suarez,Burgum,Youngkin,Hutchinson,Ramaswamy,Pence,DeSantis,Trump
1.611159,DeSantis,Trump,Burgum,Ramaswamy,Haley,Pence,Scott,Christie,Youngkin,Hurd,Suarez,Hutchinson,Elder
0.882284,Trump,Haley,DeSantis,Ramaswamy,Scott,Pence,Suarez,Hurd,Youngkin,Christie,Elder,Burgum,Hutchinson
1.308647,Haley,Pence,DeSantis,Elder,Hurd,Burgum,Youngkin,Hutchinson,Scott,Christie,Suarez,Trump,Ramaswamy
0.681832,Hutchinson,DeSantis,Scott,Trump,Haley,Hurd,Pence,Christie,Suarez,Burgum,Youngkin,Elder,Ramaswamy
1.218747,Trump,Pence,DeSantis,Christie,Scott,Burgum,Suarez,Elder,Youngkin,Hurd,Hutchinson,Haley,Ramaswamy
0.724205,Haley,Ramaswamy,Suarez,Elder,Hurd,Hutchinson,Youngkin,Christie,Burgum,Scott,Pence,DeSantis,Trump
1.488257,DeSantis,Ramaswamy,Pence,Hutchinson,Haley,Christie,Trump,Scott,Suarez,Elder,Burgum,Hurd,Youngkin
0.54534,Haley,Suarez,Christie,Elder,Scott,Burgum,Youngkin,Hurd,Hutchinson,Pence,Ramaswamy,Trump,DeSantis
0.65782,Ramaswamy,Pence,Haley,DeSantis,Hurd,Scott,Suarez,Trump,Hutchinson,Burgum,Christie,Elder,Youngkin
0.792237,DeSantis,Haley,Youngkin,Pence,Scott,Suarez,Ramaswamy,Elder,Hurd,Hutchinson,Burgum,Trump,Christie
0.767178,Trump,Ramaswamy,Elder,Scott,Burgum,Youngkin,DeSantis,Haley,Suarez,Pence,Hutchinson,Hurd,Christie
0.743226,Trump,DeSantis,Haley,Ramaswamy,Scott,Burgum,Suarez,Hurd,Hutchinson,Youngkin,Pence,Elder,Christie
0.762857,Trump,DeSantis,Ramaswamy,Pence,Hutchinson,Elder,Youngkin,Christie,Burgum,Hurd,Suarez,Scott,Haley
0.751381,Ramaswamy,DeSantis,Scott,Burgum,Pence,Haley,Trump,Youngkin,Hutchinson,Christie,Suarez,Elder,Hurd
1.079307,Ramaswamy,Trump,Haley,DeSantis,Pence,Burgum,Suarez,Elder,Hurd,Youngkin,Hutchinson,Scott,Christie
1.101605,Trump,Ramaswamy,DeSantis,Haley,Burgum,Youngkin,Hutchinson,Suarez,Pence,Elder,Hurd,Scott,Christie
1.117221,Trump,DeSantis,Ramaswamy,Haley,Youngkin,Christie,Elder,Burgum,Hutchinson,Suarez,Hurd,Scott,Pence
1.219104,DeSantis,Trump,Haley,Scott,Hutchinson,Pence,Elder,Ramaswamy,Suarez,Burgum,Youngkin,Hurd,Christie
0.971058,Pence,Scott,Burgum,Hutchinson,Elder,Christie,Hurd,Haley,Ramaswamy,DeSantis,Youngkin,Suarez,Trump
1.120393,Ramaswamy,DeSantis,Trump,Pence,Haley,Scott,Hutchinson,Suarez,Elder,Youngkin,Hurd,Christie,Burgum
1.245109,Pence,Christie,Suarez,Youngkin,Haley,Elder,Burgum,DeSantis,Hurd,Hutchinson,Ramaswamy,Scott,Trump
0.773286,Ramaswamy,Hutchinson,Burgum,Youngkin,Suarez,Scott,Hurd,Elder,Pence,Christie,DeSantis,Haley,Trump
0.708142,Trump,DeSantis,Ramaswamy,Scott,Pence,Hurd,Burgum,Suarez,Hutchinson,Elder,Christie,Youngkin,Haley
1.134561,DeSantis,Trump,Ramaswamy,Haley,Elder,Pence,Scott,Christie,Burgum,Hutchinson,Youngkin,Hurd,Suarez
0.868636,Trump,Ramaswamy,Burgum,Suarez,Haley,Youngkin,Hutchinson,DeSantis,Scott,Hurd,Elder,Pence,Christie
0.886527,Trump,Pence,Christie,Haley,DeSantis,Scott,Youngkin,Hurd,Elder,Burgum,Hutchinson,Ramaswamy,Suarez
1.206101,Christie,Haley,Scott,Burgum,Hutchinson,Youngkin,Suarez,Hurd,Elder,Pence,Ramaswamy,DeSantis,Trump
0.854785,Pence,DeSantis,Christie,Ramaswamy,Haley,Elder,Scott,Hutchinson,Burgum,Suarez,Hurd,Youngkin,Trump
2.670492,Christie,Haley,Burgum,Hutchinson,Scott,Suarez,Hurd,Youngkin,Elder,DeSantis,Pence,Ramaswamy,Trump
1.002393,Hurd,Hutchinson,Burgum,Scott,Youngkin,Suarez,Haley,Ramaswamy,Elder,DeSantis,Christie,Pence,Trump
0.823768,Trump,Ramaswamy,Haley,Burgum,Christie,Suarez,Pence,Hutchinson,Youngkin,Elder,Scott,Hurd,DeSantis
1.478149,Haley,Christie,DeSantis,Pence,Youngkin,Scott,Elder,Burgum,Hutchinson,Trump,Suarez,Hurd,Ramaswamy
0.735939,Christie,Pence,Hutchinson,Youngkin,Scott,Ramaswamy,Hurd,Burgum,Elder,Haley,Suarez,DeSantis,Trump
1.217557,Christie,Haley,Hutchinson,Youngkin,Burgum,Hurd,Elder,Scott,Suarez,Pence,DeSantis,Ramaswamy,Trump
0.760085,Pence,Burgum,Elder,Hurd,Youngkin,Hutchinson,Haley,DeSantis,Christie,Scott,Suarez,Ramaswamy,Trump
0.816774,Trump,Ramaswamy,DeSantis,Pence,Elder,Scott,Haley,Hurd,Suarez,Burgum,Christie,Youngkin,Hutchinson
1.144161,DeSantis,Ramaswamy,Haley,Trump,Scott,Burgum,Christie,Hutchinson,Youngkin,Elder,Hurd,Pence,Suarez
0.798657,Trump,Scott,DeSantis,Haley,Ramaswamy,Christie,Elder,Hurd,Youngkin,Suarez,Burgum,Hutchinson,Pence
1.292548,Christie,Scott,Pence,Hutchinson,Haley,Burgum,Hurd,Suarez,Elder,Youngkin,Ramaswamy,DeSantis,Trump
1.629188,Trump,Elder,DeSantis,Scott,Ramaswamy,Haley,Suarez,Burgum,Youngkin,Pence,Hutchinson,Hurd,Christie
1.332874,Haley,Scott,DeSantis,Youngkin,Christie,Ramaswamy,Burgum,Elder,Hutchinson,Hurd,Suarez,Pence,Trump
0.95828,Trump,DeSantis,Haley,Ramaswamy,Scott,Youngkin,Pence,Elder,Burgum,Suarez,Hurd,Christie,Hutchinson
