weight,rank1,rank2,rank3,rank4,rank5,rank6,rank7,rank8,rank9,rank10,rank11,rank12,rank13
1.221353,Trump,DeSantis,Ramaswamy,Pence,Burgum,Christie,Youngkin,Haley,Hurd,Hutchinson,Elder,Scott,Suarez
1.188226,Trump,Ramaswamy,DeSantis,Pence,Scott,Haley,Hurd,Christie,Youngkin,Elder,Suarez,Burgum,Hutchinson
0.46163,Trump,Ramaswamy,Scott,Pence,Suarez,Hutchinson,Youngkin,Burgum,Elder,DeSantis,Haley,Hurd,Christie
0.970759,Youngkin,Pence,Christie,Haley,Scott,Hutchinson,DeSantis,Ramaswamy,Suarez,Elder,Hurd,Trump,Burgum
0.516129,Trump,Ramaswamy,DeSantis,Pence,Hurd,Haley,Youngkin,Scott,Christie,Suarez,Elder,Hutchinson,Burgum
0.564615,Trump,Ramaswamy,Haley,DeSantis,Hurd,Pence,Scott,Christie,Burgum,Youngkin,Hutchinson,Suarez,Elder
1.317598,Trump,DeSantis,Ramaswamy,Youngkin,Haley,Elder,Suarez,Hurd,Hutchinson,Burgum,Christie,Scott,Pence
0.806909,Ramaswamy,Trump,Haley,Burgum,Pence,Christie,Scott,Hutchinson,Youngkin,DeSantis,Hurd,Suarez,Elder
1.120393,Haley,DeSantis,Elder,Christie,Pence,Scott,Ramaswamy,Burgum,Hutchinson,Suarez,Youngkin,Trump,Hurd
0.949777,Trump,DeSantis,Burgum,Scott,Elder,Hurd,Youngkin,Haley,Hutchinson,Suarez,Ramaswamy,Pence,Christie
0.875875,Haley,Scott,Trump,Ramaswamy,Youngkin,Hutchinson,Elder,Suarez,Burgum,Hurd,Christie,Pence,DeSantis
0.837753,Trump,DeSantis,Ramaswamy,Scott,Elder,Burgum,Youngkin,Hurd,Suarez,Pence,Haley,Hutchinson,Christie
0.79963,Trump,Ramaswamy,Christie,Pence,Suarez,Scott,Youngkin,Burgum,Elder,Haley,Hutchinson,Hurd,DeSantis
0.73399,Trump,DeSantis,Ramaswamy,Pence,Christie,Haley,Scott,Youngkin,Elder,Hutchinson,Burgum,Suarez,Hurd
1.084045,Haley,Christie,Scott,Pence,Youngkin,Suarez,Elder,Burgum,Hurd,Hutchinson,DeSantis,Ramaswamy,Trump
0.762857,Trump,DeSantis,Ramaswamy,Pence,Hutchinson,Elder,Youngkin,Christie,Burgum,Hurd,Suarez,Scott,Haley
0.718335,DeSantis,Ramaswamy,Haley,Scott,Pence,Elder,Youngkin,Hurd,Suarez,Burgum,Christie,Hutchinson,Trump
0.819929,Trump,Ramaswamy,Haley,DeSantis,Christie,Elder,Suarez,Hurd,Burgum,Youngkin,Hutchinson,Scott,Pence
0.901839,Trump,Ramaswamy,Haley,Hurd,DeSantis,Scott,Christie,Suarez,Hutchinson,Elder,Youngkin,Pence,Burgum
1.056898,Trump,Haley,DeSantis,Ramaswamy,Scott,Elder,Youngkin,Burgum,Hurd,Suarez,Hutchinson,Pence,Christie
1.164009,Trump,DeSantis,Pence,Haley,Scott,Burgum,Ramaswamy,Christie,Youngkin,Hutchinson,Suarez,Hurd,Elder
0.720887,Pence,Ramaswamy,Scott,DeSantis,Haley,Trump,Burgum,Elder,Youngkin,Hurd,Hutchinson,Suarez,Christie
1.459965,Trump,DeSantis,Burgum,Scott,Haley,Pence,Ramaswamy,Youngkin,Hutchinson,Suarez,Hurd,Elder,Christie
0.81114,Trump,DeSantis,Ramaswamy,Haley,Scott,Pence,Youngkin,Burgum,Hutchinson,Christie,Elder,Hurd,Suarez
1.753818,Ramaswamy,Christie,DeSantis,Pence,Haley,Trump,Scott,Youngkin,Hutchinson,Burgum,Elder,Hurd,Suarez
0.567195,Youngkin,Hurd,Suarez,Ramaswamy,Scott,Elder,Christie,Burgum,DeSantis,Haley,Hutchinson,Pence,Trump
1.567187,Trump,Pence,Hurd,DeSantis,Burgum,Elder,Scott,Youngkin,Hutchinson,Ramaswamy,Christie,Suarez,Haley
0.929519,Christie,Haley,Ramaswamy,DeSantis,Scott,Pence,Youngkin,Burgum,Hutchinson,Suarez,Hurd,Elder,Trump
1.611159,DeSantis,Trump,Pence,Burgum,Haley,Hutchinson,Youngkin,Scott,Elder,Suarez,Hurd,Christie,Ramaswamy
1.372707,Trump,Pence,DeSantis,Haley,Christie,Scott,Burgum,Hurd,Elder,Suarez,Youngkin,Hutchinson,Ramaswamy
1.18457,Scott,Haley,Ramaswamy,DeSantis,Youngkin,Pence,Elder,Burgum,Christie,Hurd,Hutchinson,Suarez,Trump
1.086363,Trump,DeSantis,Elder,Ramaswamy,Scott,Burgum,Haley,Youngkin,Suarez,Hurd,Hutchinson,Pence,Christie
0.828187,Haley,Elder,Scott,Youngkin,Hurd,Hutchinson,Burgum,Suarez,Ramaswamy,Christie,Pence,DeSantis,Trump
1.611159,Burgum,Ramaswamy,Scott,Pence,DeSantis,Haley,Hutchinson,Trump,Youngkin,Hurd,Suarez,Christie,Elder
1.618619,Ramaswamy,Haley,DeSantis,Pence,Trump,Scott,Christie,Suarez,Hutchinson,Burgum,Youngkin,Elder,Hurd
0.603219,Trump,Ramaswamy,Haley,Elder,Scott,Suarez,DeSantis,Burgum,Youngkin,Christie,Hutchinson,Hurd,Pence
0.670254,Trump,DeSantis,Pence,Elder,Hurd,Burgum,Hutchinson,Youngkin,Scott,Haley,Suarez,Ramaswamy,Christie
1.122006,Trump,Scott,Haley,Ramaswamy,DeSantis,Pence,Christie,Burgum,Youngkin,Hurd,Suarez,Hutchinson,Elder
1.270672,Ramaswamy,Trump,DeSantis,Scott,Haley,Burgum,Youngkin,Pence,Hutchinson,Elder,Hurd,Suarez,Christie
0.875626,Ramaswamy,Christie,Haley,Pence,Hurd,Scott,Elder,DeSantis,Youngkin,Trump,Hutchinson,Burgum,Suarez
1.270672,Trump,DeSantis,Ramaswamy,Youngkin,Haley,Elder,Suarez,Scott,Burgum,Pence,Hutchinson,Hurd,Christie
0.837116,Scott,Suarez,Haley,Youngkin,DeSantis,Pence,Hutchinson,Ramaswamy,Burgum,Hurd,Christie,Elder,Trump
0.886784,Trump,Ramaswamy,Burgum,Christie,DeSantis,Pence,Scott,Haley,Elder,Suarez,Hutchinson,Youngkin,Hurd
1.317598,Trump,DeSantis,Ramaswamy,Youngkin,Haley,Elder,Suarez,Hurd,Hutchinson,Burgum,Christie,Scott,Pence
1.206101,Christie,Haley,Scott,Burgum,Hutchinson,Youngkin,Suarez,Hurd,Elder,Pence,Ramaswamy,DeSantis,Trump
1.15048,DeSantis,Ramaswamy,Trump,Christie,Scott,Pence,Burgum,Elder,Hutchinson,Youngkin,Hurd,Haley,Suarez
0.65782,Ramaswamy,Haley,Hutchinson,Pence,Youngkin,Burgum,Elder,Suarez,Hurd,Christie,Scott,DeSantis,Trump
1.424811,Ramaswamy,DeSantis,Trump,Elder,Youngkin,Scott,Hutchinson,Suarez,Burgum,Hurd,Pence,Haley,Christie
2.040183,Ramaswamy,DeSantis,Trump,Pence,Hurd,Hutchinson,Elder,Burgum,Scott,Suarez,Haley,Youngkin,Christie
1.023323,DeSantis,Ramaswamy,Trump,Haley,Youngkin,Scott,Burgum,Elder,Suarez,Hurd,Hutchinson,Pence,Christie
0.879255,Trump,Ramaswamy,Christie,Elder,Haley,Scott,Suarez,Burgum,Hurd,Hutchinson,Youngkin,DeSantis,Pence
0.851323,Trump,Ramaswamy,Christie,Youngkin,Haley,Pence,Elder,Hurd,Scott,Hutchinson,DeSantis,Burgum,Suarez
1.376605,Trump,DeSantis,Scott,Ramaswamy,Pence,Hutchinson,Youngkin,Burgum,Hurd,Suarez,Haley,Christie,Elder
0.839247,DeSantis,Trump,Ramaswamy,Pence,Christie,Haley,Burgum,Hurd,Elder,Hutchinson,Youngkin,Scott,Suarez
1.400831,Ramaswamy,Christie,Pence,DeSantis,Haley,Elder,Scott,Youngkin,Suarez,Hutchinson,Hurd,Burgum,Trump
0.681832,Hutchinson,DeSantis,Scott,Trump,Haley,Hurd,Pence,Christie,Suarez,Burgum,Youngkin,Elder,Ramaswamy
0.813634,Scott,Pence,Hurd,Suarez,Youngkin,DeSantis,Ramaswamy,Christie,Hutchinson,Haley,Elder,Burgum,Trump
0.720887,Trump,Scott,Ramaswamy,Haley,Elder,Youngkin,DeSantis,Hutchinson,Hurd,Pence,Suarez,Christie,Burgum
0.731376,Scott,Haley,Trump,Ramaswamy,DeSantis,Pence,Christie,Hutchinson,Youngkin,Suarez,Burgum,Hurd,Elder
1.180376,DeSantis,Trump,Ramaswamy,Haley,Scott,Youngkin,Elder,Hutchinson,Suarez,Hurd,Burgum,Christie,Pence
2.040183,Christie,Scott,Pence,Hutchinson,Elder,Burgum,Haley,Youngkin,Hurd,DeSantis,Suarez,Ramaswamy,Trump
0.785097,Trump,Ramaswamy,DeSantis,Youngkin,Haley,Hutchinson,Elder,Scott,Hurd,Burgum,Pence,Christie,Suarez
0.671534,Scott,Pence,Trump,Suarez,Haley,Elder,Christie,Hutchinson,Youngkin,DeSantis,Burgum,Hurd,Ramaswamy
0.649364,DeSantis,Scott,Youngkin,Hutchinson,Haley,Hurd,Ramaswamy,Christie,Elder,Burgum,Trump,Pence,Suarez
1.103789,Trump,Haley,DeSantis,Christie,Suarez,Hurd,Youngkin,Ramaswamy,Elder,Scott,Burgum,Hutchinson,Pence
1.478149,Trump,DeSantis,Haley,Ramaswamy,Youngkin,Scott,Hutchinson,Burgum,Pence,Hurd,Elder,Christie,Suarez
0.603219,Trump,Ramaswamy,Haley,Elder,Scott,Suarez,DeSantis,Burgum,Youngkin,Christie,Hutchinson,Hurd,Pence
0.991915,Elder,Suarez,Burgum,Hurd,Youngkin,Scott,Hutchinson,Haley,Ramaswamy,Christie,DeSantis,Trump,Pence
0.996977,Trump,DeSantis,Haley,Ramaswamy,Scott,Burgum,Youngkin,Elder,Hurd,Hutchinson,Suarez,Christie,Pence
1.420777,Haley,DeSantis,Youngkin,Scott,Elder,Ramaswamy,Trump,Pence,Christie,Burgum,Hutchinson,Hurd,Suarez
1.533806,Trump,Ramaswamy,DeSantis,Haley,Scott,Christie,Pence,Suarez,Youngkin,Elder,Hurd,Burgum,Hutchinson
0.837116,Scott,Suarez,Haley,Youngkin,DeSantis,Pence,Hutchinson,Ramaswamy,Burgum,Hurd,Christie,Elder,Trump
0.888483,Trump,Ramaswamy,Elder,Youngkin,Hutchinson,Suarez,Scott,Hurd,Burgum,Pence,DeSantis,Haley,Christie
0.768818,Ramaswamy,DeSantis,Haley,Burgum,Scott,Christie,Youngkin,Hutchinson,Hurd,Elder,Suarez,Pence,Trump
0.837753,Trump,DeSantis,Ramaswamy,Scott,Elder,Burgum,Youngkin,Hurd,Suarez,Pence,Haley,Hutchinson,Christie
1.200697,DeSantis,Ramaswamy,Pence,Hutchinson,Hurd,Christie,Youngkin,Haley,Burgum,Elder,Suarez,Scott,Trump
1.086363,Pence,Christie,Hutchinson,Haley,Elder,Scott,Burgum,Youngkin,Ramaswamy,Suarez,Trump,Hurd,DeSantis
0.875875,Trump,Haley,DeSantis,Christie,Ramaswamy,Hutchinson,Pence,Youngkin,Elder,Scott,Burgum,Hurd,Suarez
0.627394,Ramaswamy,Pence,Scott,Trump,Haley,DeSantis,Christie,Burgum,Elder,Suarez,Youngkin,Hurd,Hutchinson
0.868636,Trump,Pence,Christie,Hurd,DeSantis,Burgum,Scott,Hutchinson,Suarez,Elder,Youngkin,Ramaswamy,Haley
0.658711,Trump,Ramaswamy,Haley,Christie,Suarez,Elder,DeSantis,Pence,Hurd,Youngkin,Scott,Hutchinson,Burgum
0.567195,Youngkin,Trump,Scott,Haley,Hurd,Christie,Hutchinson,Suarez,Elder,Ramaswamy,Burgum,Pence,DeSantis
0.724205,Christie,Haley,Pence,Youngkin,Scott,Suarez,Hutchinson,Hurd,Elder,Burgum,Ramaswamy,DeSantis,Trump
1.629188,Trump,Elder,DeSantis,Scott,Ramaswamy,Haley,Suarez,Burgum,Youngkin,Pence,Hutchinson,Hurd,Christie
0.987831,Ramaswamy,DeSantis,Scott,Christie,Haley,Pence,Hutchinson,Burgum,Youngkin,Elder,Suarez,Hurd,Trump
0.800433,Trump,DeSantis,Ramaswamy,Pence,Scott,Elder,Haley,Burgum,Hurd,Youngkin,Christie,Hutchinson,Suarez
1.271577,Trump,DeSantis,Ramaswamy,Scott,Haley,Youngkin,Suarez,Burgum,Pence,Christie,Hurd,Hutchinson,Elder
1.219104,DeSantis,Trump,Ramaswamy,Haley,Scott,Elder,Youngkin,Pence,Suarez,Burgum,Hurd,Christie,Hutchinson
0.697987,Trump,DeSantis,Haley,Scott,Ramaswamy,Youngkin,Elder,Hutchinson,Suarez,Hurd,Burgum,Pence,Christie
0.798657,Christie,Pence,DeSantis,Haley,Hutchinson,Hurd,Scott,Suarez,Youngkin,Ramaswamy,Burgum,Elder,Trump
1.121883,Ramaswamy,Haley,DeSantis,Trump,Hurd,Christie,Suarez,Pence,Burgum,Youngkin,Scott,Elder,Hutchinson
1.218747,Trump,DeSantis,Burgum,Scott,Haley,Ramaswamy,Youngkin,Elder,Suarez,Hutchinson,Hurd,Pence,Christie
0.614214,Trump,Ramaswamy,DeSantis,Christie,Scott,Hutchinson,Youngkin,Haley,Hurd,Elder,Suarez,Burgum,Pence
0.720887,Trump,Scott,Ramaswamy,Haley,Elder,Youngkin,DeSantis,Hutchinson,Hurd,Pence,Suarez,Christie,Burgum
0.681832,DeSantis,Trump,Pence,Elder,Christie,Hurd,Youngkin,Ramaswamy,Hutchinson,Scott,Haley,Burgum,Suarez
1.109667,DeSantis,Trump,Ramaswamy,Burgum,Haley,Youngkin,Christie,Elder,Hurd,Scott,Hutchinson,Suarez,Pence
1.000625,Trump,DeSantis,Haley,Burgum,Scott,Ramaswamy,Pence,Christie,Hutchinson,Youngkin,Hurd,Elder,Suarez
0.917634,Trump,DeSantis,Pence,Ramaswamy,Burgum,Haley,Youngkin,Scott,Hurd,Hutchinson,Suarez,Christie,Elder
0.63756,Trump,Haley,Hutchinson,Scott,Christie,Youngkin,DeSantis,Pence,Ramaswamy,Elder,Burgum,Hurd,Suarez
0.660157,Trump,Ramaswamy,DeSantis,Haley,Scott,Elder,Pence,Hutchinson,Hurd,Christie,Youngkin,Suarez,Burgum
1.117221,Haley,Pence,Elder,Ramaswamy,DeSantis,Burgum,Hutchinson,Hurd,Suarez,Youngkin,Scott,Christie,Trump
0.567195,Trump,Ramaswamy,Christie,Hurd,Haley,Pence,Youngkin,DeSantis,Elder,Suarez,Burgum,Scott,Hutchinson
1.180376,DeSantis,Trump,Ramaswamy,Haley,Scott,Youngkin,Elder,Hutchinson,Suarez,Hurd,Burgum,Christie,Pence
1.488257,DeSantis,Ramaswamy,Pence,Hutchinson,Haley,Christie,Trump,Scott,Suarez,Elder,Burgum,Hurd,Youngkin
1.297777,Christie,Haley,Ramaswamy,Pence,Hutchinson,Youngkin,Scott,Burgum,Suarez,Hurd,DeSantis,Elder,Trump
0.901839,Trump,Pence,Ramaswamy,DeSantis,Hurd,Christie,Burgum,Youngkin,Scott,Suarez,Elder,Haley,Hutchinson
1.221353,Trump,Scott,Haley,Elder,Burgum,Ramaswamy,Pence,DeSantis,Youngkin,Hutchinson,Hurd,Suarez,Christie
1.04502,Christie,Hutchinson,Scott,Pence,Hurd,Youngkin,Haley,Burgum,Elder,Suarez,Ramaswamy,DeSantis,Trump
0.603219,Trump,Ramaswamy,Haley,Elder,Scott,Suarez,DeSantis,Burgum,Youngkin,Christie,Hutchinson,Hurd,Pence
1.22744,Haley,Scott,Pence,Burgum,Ramaswamy,Hutchinson,Youngkin,Hurd,Elder,Suarez,DeSantis,Christie,Trump
0.466606,Youngkin,Haley,Scott,DeSantis,Pence,Trump,Suarez,Burgum,Hurd,Hutchinson,Ramaswamy,Christie,Elder
1.132141,Trump,Ramaswamy,Haley,Hutchinson,Scott,Hurd,Christie,DeSantis,Burgum,Youngkin,Pence,Suarez,Elder
0.875875,Haley,Scott,Trump,Ramaswamy,Youngkin,Hutchinson,Elder,Suarez,Burgum,Hurd,Christie,Pence,DeSantis
0.773286,Ramaswamy,Hutchinson,Burgum,Youngkin,Suarez,Scott,Hurd,Elder,Pence,Christie,DeSantis,Haley,Trump
0.708142,Trump,DeSantis,Ramaswamy,Pence,Suarez,Christie,Haley,Scott,Hurd,Hutchinson,Youngkin,Burgum,Elder
0.968363,Ramaswamy,Scott,Haley,DeSantis,Pence,Christie,Hurd,Burgum,Youngkin,Elder,Suarez,Hutchinson,Trump
1.144161,Trump,Pence,Ramaswamy,Haley,DeSantis,Christie,Scott,Burgum,Hutchinson,Elder,Hurd,Suarez,Youngkin
1.559977,Trump,DeSantis,Haley,Scott,Hutchinson,Hurd,Youngkin,Suarez,Burgum,Elder,Pence,Christie,Ramaswamy
1.245109,Pence,Christie,Suarez,Youngkin,Haley,Elder,Burgum,DeSantis,Hurd,Hutchinson,Ramaswamy,Scott,Trump
0.697987,Trump,DeSantis,Haley,Scott,Ramaswamy,Youngkin,Elder,Hutchinson,Suarez,Hurd,Burgum,Pence,Christie
1.180376,DeSantis,Trump,Ramaswamy,Haley,Scott,Youngkin,Elder,Hutchinson,Suarez,Hurd,Burgum,Christie,Pence
1.240092,Haley,Christie,Pence,Elder,Hutchinson,Scott,Suarez,Hurd,Burgum,Youngkin,Ramaswamy,DeSantis,Trump
1.066087,Ramaswamy,Elder,Scott,DeSantis,Suarez,Pence,Burgum,Hurd,Hutchinson,Christie,Haley,Trump,Youngkin
0.823528,Haley,Hutchinson,DeSantis,Pence,Christie,Scott,Ramaswamy,Suarez,Hurd,Burgum,Elder,Youngkin,Trump
0.825865,Ramaswamy,Trump,DeSantis,Christie,Haley,Scott,Burgum,Elder,Hurd,Youngkin,Hutchinson,Pence,Suarez
0.890183,Ramaswamy,DeSantis,Scott,Elder,Haley,Youngkin,Burgum,Hurd,Hutchinson,Pence,Suarez,Trump,Christie
0.879255,Trump,DeSantis,Ramaswamy,Scott,Haley,Burgum,Hurd,Pence,Elder,Hutchinson,Suarez,Youngkin,Christie
0.851323,Trump,Ramaswamy,Christie,Youngkin,Haley,Pence,Elder,Hurd,Scott,Hutchinson,DeSantis,Burgum,Suarez
0.996977,Trump,Pence,Ramaswamy,Scott,Youngkin,Elder,Hurd,Burgum,Hutchinson,Suarez,Christie,Haley,DeSantis
0.996977,Trump,DeSantis,Haley,Ramaswamy,Scott,Burgum,Youngkin,Elder,Hurd,Hutchinson,Suarez,Christie,Pence
1.18457,Scott,Haley,Ramaswamy,DeSantis,Youngkin,Pence,Elder,Burgum,Christie,Hurd,Hutchinson,Suarez,Trump
1.033456,Haley,Scott,Pence,Christie,Burgum,Trump,Hutchinson,Hurd,Youngkin,Suarez,Elder,Ramaswamy,DeSantis
0.854256,Scott,Trump,DeSantis,Burgum,Youngkin,Christie,Ramaswamy,Pence,Haley,Hutchinson,Elder,Hurd,Suarez
1.056898,Trump,Pence,DeSantis,Christie,Scott,Youngkin,Ramaswamy,Burgum,Suarez,Hutchinson,Hurd,Haley,Elder
1.219104,DeSantis,Trump,Haley,Ramaswamy,Youngkin,Burgum,Hutchinson,Hurd,Scott,Suarez,Elder,Christie,Pence
1.271577,DeSantis,Ramaswamy,Trump,Haley,Scott,Pence,Hutchinson,Burgum,Youngkin,Elder,Suarez,Christie,Hurd
1.221353,Trump,Scott,Haley,Elder,Burgum,Ramaswamy,Pence,DeSantis,Youngkin,Hutchinson,Hurd,Suarez,Christie
0.690412,DeSantis,Scott,Youngkin,Haley,Trump,Ramaswamy,Hutchinson,Burgum,Elder,Suarez,Hurd,Christie,Pence
1.086363,Ramaswamy,Haley,DeSantis,Christie,Pence,Hutchinson,Scott,Suarez,Hurd,Youngkin,Burgum,Elder,Trump
0.660172,DeSantis,Pence,Ramaswamy,Scott,Suarez,Hutchinson,Hurd,Elder,Christie,Haley,Youngkin,Burgum,Trump
0.720887,Pence,Ramaswamy,Scott,DeSantis,Haley,Trump,Burgum,Elder,Youngkin,Hurd,Hutchinson,Suarez,Christie
0.812586,Trump,DeSantis,Ramaswamy,Haley,Youngkin,Scott,Pence,Burgum,Christie,Elder,Hutchinson,Suarez,Hurd
0.567195,Youngkin,Trump,Scott,Haley,Hurd,Christie,Hutchinson,Suarez,Elder,Ramaswamy,Burgum,Pence,DeSantis
0.58281,Ramaswamy,Elder,Burgum,Scott,Hutchinson,Youngkin,Haley,Christie,Hurd,Suarez,Pence,DeSantis,Trump
0.73399,Scott,Ramaswamy,DeSantis,Haley,Hurd,Suarez,Burgum,Elder,Youngkin,Christie,Pence,Trump,Hutchinson
1.278245,Trump,Youngkin,Scott,DeSantis,Haley,Ramaswamy,Pence,Burgum,Hurd,Elder,Christie,Hutchinson,Suarez
0.917948,DeSantis,Trump,Haley,Youngkin,Scott,Burgum,Hutchinson,Elder,Hurd,Pence,Suarez,Ramaswamy,Christie
0.621594,Trump,DeSantis,Ramaswamy,Scott,Youngkin,Elder,Burgum,Haley,Suarez,Christie,Pence,Hutchinson,Hurd
1.117221,Haley,Pence,Elder,Ramaswamy,DeSantis,Burgum,Hutchinson,Hurd,Suarez,Youngkin,Scott,Christie,Trump
1.611159,DeSantis,Trump,Burgum,Ramaswamy,Haley,Pence,Scott,Christie,Youngkin,Hurd,Suarez,Hutchinson,Elder
0.724205,Trump,Ramaswamy,DeSantis,Scott,Burgum,Haley,Youngkin,Elder,Hurd,Suarez,Hutchinson,Pence,Christie
1.084045,Haley,Christie,Scott,Pence,Youngkin,Suarez,Elder,Burgum,Hurd,Hutchinson,DeSantis,Ramaswamy,Trump
1.218747,Trump,DeSantis,Burgum,Scott,Haley,Ramaswamy,Youngkin,Elder,Suarez,Hutchinson,Hurd,Pence,Christie
1.669118,Trump,DeSantis,Youngkin,Pence,Hurd,Elder,Hutchinson,Suarez,Ramaswamy,Haley,Christie,Scott,Burgum
1.481912,Trump,DeSantis,Burgum,Haley,Scott,Youngkin,Elder,Hurd,Suarez,Hutchinson,Ramaswamy,Christie,Pence
0.779605,Trump,Pence,Elder,DeSantis,Scott,Hutchinson,Haley,Suarez,Ramaswamy,Hurd,Youngkin,Burgum,Christie
0.720887,Pence,Ramaswamy,Scott,DeSantis,Haley,Trump,Burgum,Elder,Youngkin,Hurd,Hutchinson,Suarez,Christie
1.033456,Haley,Scott,Pence,Christie,Burgum,Trump,Hutchinson,Hurd,Youngkin,Suarez,Elder,Ramaswamy,DeSantis
0.606725,Trump,DeSantis,Ramaswamy,Elder,Scott,Christie,Hurd,Youngkin,Haley,Suarez,Hutchinson,Burgum,Pence
0.888483,Trump,Ramaswamy,DeSantis,Haley,Scott,Christie,Burgum,Pence,Elder,Youngkin,Hutchinson,Suarez,Hurd
0.466606,Trump,DeSantis,Scott,Ramaswamy,Burgum,Haley,Hurd,Youngkin,Elder,Christie,Pence,Hutchinson,Suarez
0.827631,Pence,DeSantis,Ramaswamy,Haley,Christie,Trump,Hutchinson,Elder,Youngkin,Hurd,Suarez,Scott,Burgum
0.526889,Trump,Ramaswamy,Scott,Hutchinson,Christie,Suarez,Elder,Pence,Youngkin,Haley,Burgum,Hurd,DeSantis
0.798657,Trump,Scott,DeSantis,Haley,Ramaswamy,Christie,Elder,Hurd,Youngkin,Suarez,Burgum,Hutchinson,Pence
1.033456,DeSantis,Trump,Haley,Scott,Pence,Burgum,Youngkin,Ramaswamy,Elder,Christie,Hutchinson,Hurd,Suarez
1.002609,Trump,Scott,Haley,DeSantis,Ramaswamy,Pence,Christie,Elder,Youngkin,Hutchinson,Suarez,Hurd,Burgum
0.925859,Trump,Pence,Ramaswamy,Hutchinson,DeSantis,Youngkin,Scott,Suarez,Elder,Burgum,Christie,Haley,Hurd
0.904612,DeSantis,Haley,Ramaswamy,Pence,Hutchinson,Christie,Youngkin,Burgum,Scott,Trump,Elder,Hurd,Suarez
1.546149,DeSantis,Haley,Ramaswamy,Scott,Trump,Pence,Elder,Burgum,Youngkin,Christie,Hutchinson,Hurd,Suarez
0.903768,Pence,Haley,DeSantis,Scott,Ramaswamy,Youngkin,Suarez,Burgum,Elder,Hutchinson,Hurd,Christie,Trump
0.773286,Ramaswamy,Pence,Christie,Scott,Suarez,Youngkin,Elder,Trump,Burgum,Hurd,Hutchinson,DeSantis,Haley
0.962767,Haley,Pence,DeSantis,Youngkin,Scott,Hurd,Elder,Hutchinson,Suarez,Burgum,Christie,Trump,Ramaswamy
0.839544,Ramaswamy,DeSantis,Christie,Haley,Hutchinson,Burgum,Suarez,Hurd,Youngkin,Scott,Elder,Pence,Trump
1.334956,Ramaswamy,Pence,Hurd,Scott,Elder,Youngkin,Haley,Christie,DeSantis,Burgum,Suarez,Hutchinson,Trump
1.245109,DeSantis,Trump,Ramaswamy,Haley,Scott,Burgum,Youngkin,Elder,Pence,Suarez,Hurd,Hutchinson,Christie
0.813634,Haley,Ramaswamy,Pence,Scott,Burgum,Suarez,Hutchinson,Christie,Youngkin,Elder,Hurd,DeSantis,Trump
0.670254,Trump,DeSantis,Pence,Elder,Hurd,Burgum,Hutchinson,Youngkin,Scott,Haley,Suarez,Ramaswamy,Christie
0.854256,Scott,Trump,DeSantis,Burgum,Youngkin,Christie,Ramaswamy,Pence,Haley,Hutchinson,Elder,Hurd,Suarez
0.659886,Trump,Ramaswamy,DeSantis,Elder,Scott,Hutchinson,Burgum,Pence,Hurd,Youngkin,Christie,Haley,Suarez
1.15048,DeSantis,Ramaswamy,Trump,Christie,Scott,Pence,Burgum,Elder,Hutchinson,Youngkin,Hurd,Haley,Suarez
0.851323,Trump,Ramaswamy,DeSantis,Elder,Scott,Youngkin,Burgum,Hurd,Suarez,Haley,Hutchinson,Christie,Pence
0.688082,DeSantis,Ramaswamy,Trump,Hurd,Elder,Christie,Scott,Haley,Suarez,Burgum,Pence,Youngkin,Hutchinson
1.121883,Ramaswamy,Haley,DeSantis,Trump,Hurd,Christie,Suarez,Pence,Burgum,Youngkin,Scott,Elder,Hutchinson
1.164009,Haley,Pence,Scott,Christie,Youngkin,DeSantis,Hutchinson,Burgum,Suarez,Elder,Hurd,Ramaswamy,Trump
1.049608,Christie,Elder,Hutchinson,Suarez,Hurd,Burgum,Youngkin,Haley,Ramaswamy,Scott,Pence,DeSantis,Trump
0.798657,Trump,Christie,Haley,Elder,Hurd,Suarez,Hutchinson,Youngkin,Scott,Burgum,Ramaswamy,Pence,DeSantis
1.679312,Trump,DeSantis,Haley,Hutchinson,Hurd,Burgum,Ramaswamy,Pence,Suarez,Elder,Youngkin,Scott,Christie
1.317598,Trump,DeSantis,Haley,Scott,Ramaswamy,Pence,Elder,Youngkin,Hutchinson,Burgum,Hurd,Suarez,Christie
0.960016,Ramaswamy,Haley,DeSantis,Scott,Christie,Pence,Elder,Burgum,Hutchinson,Suarez,Hurd,Youngkin,Trump
1.018243,Ramaswamy,Pence,Trump,Haley,Burgum,Elder,Youngkin,DeSantis,Hutchinson,Scott,Christie,Hurd,Suarez
0.660172,DeSantis,Ramaswamy,Haley,Scott,Elder,Hurd,Pence,Hutchinson,Youngkin,Burgum,Christie,Suarez,Trump
1.036417,Trump,Pence,Ramaswamy,DeSantis,Suarez,Haley,Scott,Christie,Hurd,Youngkin,Hutchinson,Elder,Burgum
0.800433,Trump,DeSantis,Ramaswamy,Pence,Scott,Elder,Haley,Burgum,Hurd,Youngkin,Christie,Hutchinson,Suarez
1.134561,Haley,Pence,DeSantis,Christie,Trump,Burgum,Scott,Ramaswamy,Hurd,Youngkin,Elder,Suarez,Hutchinson
0.681832,DeSantis,Trump,Scott,Ramaswamy,Elder,Hurd,Youngkin,Burgum,Suarez,Hutchinson,Haley,Christie,Pence
1.134561,Hutchinson,Christie,Scott,Haley,Hurd,Youngkin,Burgum,Suarez,DeSantis,Elder,Ramaswamy,Pence,Trump
0.996977,DeSantis,Pence,Ramaswamy,Haley,Youngkin,Burgum,Scott,Elder,Suarez,Hurd,Hutchinson,Trump,Christie
1.188226,Trump,Ramaswamy,DeSantis,Pence,Scott,Haley,Hurd,Christie,Youngkin,Elder,Suarez,Burgum,Hutchinson
0.73399,Ramaswamy,Haley,Trump,Pence,Scott,Christie,DeSantis,Youngkin,Hurd,Hutchinson,Burgum,Suarez,Elder
1.679312,Trump,DeSantis,Haley,Ramaswamy,Pence,Hurd,Youngkin,Hutchinson,Burgum,Suarez,Elder,Scott,Christie
1.002609,Christie,Haley,Suarez,Hutchinson,Pence,Burgum,Elder,Youngkin,Hurd,Scott,Ramaswamy,DeSantis,Trump
0.987831,Ramaswamy,DeSantis,Scott,Christie,Haley,Pence,Hutchinson,Burgum,Youngkin,Elder,Suarez,Hurd,Trump
0.668479,Ramaswamy,DeSantis,Haley,Pence,Scott,Christie,Burgum,Youngkin,Hurd,Elder,Suarez,Hutchinson,Trump
1.084045,Trump,Haley,Burgum,DeSantis,Youngkin,Scott,Elder,Suarez,Hutchinson,Ramaswamy,Pence,Hurd,Christie
0.620487,Trump,Ramaswamy,DeSantis,Pence,Scott,Youngkin,Burgum,Elder,Christie,Haley,Hutchinson,Hurd,Suarez
1.112621,Trump,DeSantis,Ramaswamy,Haley,Scott,Pence,Hurd,Youngkin,Elder,Christie,Burgum,Hutchinson,Suarez
0.510624,Christie,Hurd,Youngkin,Pence,Scott,Burgum,Elder,Suarez,Haley,Hutchinson,Ramaswamy,Trump,DeSantis
1.753818,Trump,Ramaswamy,DeSantis,Elder,Scott,Youngkin,Haley,Hurd,Burgum,Suarez,Hutchinson,Christie,Pence
1.980981,Christie,Pence,Burgum,Haley,Ramaswamy,Hurd,Elder,Scott,Youngkin,Hutchinson,Suarez,Trump,DeSantis
1.281476,Ramaswamy,Scott,Haley,Pence,DeSantis,Burgum,Youngkin,Hurd,Trump,Hutchinson,Suarez,Christie,Elder
0.987831,Ramaswamy,DeSantis,Scott,Christie,Haley,Pence,Hutchinson,Burgum,Youngkin,Elder,Suarez,Hurd,Trump
1.18457,Scott,Haley,Ramaswamy,DeSantis,Youngkin,Pence,Elder,Burgum,Christie,Hurd,Hutchinson,Suarez,Trump
1.275187,Trump,DeSantis,Burgum,Ramaswamy,Haley,Christie,Scott,Youngkin,Pence,Hutchinson,Hurd,Suarez,Elder
0.681832,Trump,Ramaswamy,DeSantis,Scott,Elder,Youngkin,Burgum,Hurd,Suarez,Hutchinson,Haley,Pence,Christie
0.903189,Haley,Christie,Scott,Pence,Burgum,Ramaswamy,DeSantis,Hutchinson,Youngkin,Elder,Hurd,Suarez,Trump
1.339645,Scott,Ramaswamy,Haley,Pence,Christie,DeSantis,Hutchinson,Hurd,Suarez,Youngkin,Burgum,Elder,Trump
1.376605,Trump,DeSantis,Scott,Ramaswamy,Pence,Hutchinson,Youngkin,Burgum,Hurd,Suarez,Haley,Christie,Elder
1.314392,Trump,DeSantis,Ramaswamy,Hutchinson,Haley,Pence,Burgum,Youngkin,Christie,Hurd,Scott,Elder,Suarez
0.68511,Pence,Ramaswamy,DeSantis,Hurd,Christie,Elder,Suarez,Burgum,Scott,Haley,Youngkin,Hutchinson,Trump
0.813634,Haley,Ramaswamy,Pence,Scott,Burgum,Suarez,Hutchinson,Christie,Youngkin,Elder,Hurd,DeSantis,Trump
1.096176,Trump,Ramaswamy,DeSantis,Burgum,Haley,Scott,Elder,Youngkin,Pence,Hutchinson,Suarez,Christie,Hurd
0.970759,Youngkin,Pence,Christie,Haley,Scott,Hutchinson,DeSantis,Ramaswamy,Suarez,Elder,Hurd,Trump,Burgum
1.773147,Trump,Ramaswamy,DeSantis,Haley,Pence,Christie,Youngkin,Hurd,Scott,Elder,Hutchinson,Burgum,Suarez
0.868636,Trump,Ramaswamy,Burgum,Suarez,Haley,Youngkin,Hutchinson,DeSantis,Scott,Hurd,Elder,Pence,Christie
1.270672,Trump,DeSantis,Ramaswamy,Youngkin,Haley,Elder,Suarez,Scott,Burgum,Pence,Hutchinson,Hurd,Christie
0.526889,Trump,Ramaswamy,Scott,Hutchinson,Christie,Suarez,Elder,Pence,Youngkin,Haley,Burgum,Hurd,DeSantis
0.567195,Youngkin,Trump,Scott,Haley,Hurd,Christie,Hutchinson,Suarez,Elder,Ramaswamy,Burgum,Pence,DeSantis
0.718335,Christie,Haley,Burgum,Youngkin,Elder,Hutchinson,Hurd,Pence,Suarez,Ramaswamy,Scott,DeSantis,Trump
0.65782,Ramaswamy,Haley,Hutchinson,Pence,Youngkin,Burgum,Elder,Suarez,Hurd,Christie,Scott,DeSantis,Trump
0.972281,Trump,DeSantis,Ramaswamy,Scott,Pence,Elder,Suarez,Burgum,Youngkin,Hutchinson,Hurd,Haley,Christie
1.215652,Haley,Ramaswamy,DeSantis,Trump,Scott,Christie,Pence,Hurd,Youngkin,Elder,Hutchinson,Suarez,Burgum
0.976275,Trump,Ramaswamy,DeSantis,Pence,Christie,Scott,Hutchinson,Youngkin,Elder,Hurd,Haley,Burgum,Suarez
0.970759,Trump,Haley,Scott,DeSantis,Ramaswamy,Burgum,Suarez,Elder,Youngkin,Hurd,Pence,Christie,Hutchinson
0.879255,Trump,DeSantis,Ramaswamy,Youngkin,Suarez,Christie,Scott,Burgum,Elder,Pence,Hurd,Hutchinson,Haley
0.6612,Ramaswamy,Pence,DeSantis,Burgum,Youngkin,Hutchinson,Hurd,Christie,Suarez,Scott,Haley,Elder,Trump
1.271577,Trump,DeSantis,Ramaswamy,Scott,Haley,Youngkin,Suarez,Burgum,Pence,Christie,Hurd,Hutchinson,Elder
1.546149,DeSantis,Haley,Ramaswamy,Scott,Trump,Pence,Elder,Burgum,Youngkin,Christie,Hutchinson,Hurd,Suarez
1.297088,Christie,Haley,Youngkin,Burgum,Hutchinson,Elder,Suarez,Hurd,DeSantis,Scott,Ramaswamy,Pence,Trump
1.132141,Ramaswamy,DeSantis,Trump,Scott,Haley,Pence,Burgum,Hutchinson,Elder,Christie,Hurd,Youngkin,Suarez
0.899895,Trump,DeSantis,Haley,Scott,Pence,Youngkin,Ramaswamy,Elder,Burgum,Suarez,Hutchinson,Hurd,Christie
1.068725,Trump,Ramaswamy,DeSantis,Pence,Haley,Christie,Burgum,Elder,Hurd,Suarez,Youngkin,Scott,Hutchinson
0.708142,Trump,DeSantis,Ramaswamy,Scott,Pence,Hurd,Burgum,Suarez,Hutchinson,Elder,Christie,Youngkin,Haley
0.621594,Trump,DeSantis,Ramaswamy,Scott,Youngkin,Elder,Burgum,Haley,Suarez,Christie,Pence,Hutchinson,Hurd
1.120393,Trump,Ramaswamy,Haley,DeSantis,Scott,Burgum,Youngkin,Pence,Christie,Elder,Suarez,Hurd,Hutchinson
2.132521,Christie,Hutchinson,Haley,Pence,Hurd,Elder,Suarez,Burgum,Youngkin,Scott,Ramaswamy,DeSantis,Trump
1.206101,Christie,Haley,Scott,Burgum,Hutchinson,Youngkin,Suarez,Hurd,Elder,Pence,Ramaswamy,DeSantis,Trump
1.200697,DeSantis,Ramaswamy,Pence,Hutchinson,Hurd,Christie,Youngkin,Haley,Burgum,Elder,Suarez,Scott,Trump
0.970759,Trump,Ramaswamy,DeSantis,Scott,Elder,Hutchinson,Hurd,Pence,Youngkin,Burgum,Christie,Suarez,Haley
1.261425,Trump,Christie,DeSantis,Haley,Pence,Burgum,Scott,Hutchinson,Elder,Hurd,Youngkin,Suarez,Ramaswamy
0.649364,DeSantis,Scott,Youngkin,Hutchinson,Haley,Hurd,Ramaswamy,Christie,Elder,Burgum,Trump,Pence,Suarez
1.342131,Trump,Scott,DeSantis,Youngkin,Ramaswamy,Hutchinson,Elder,Haley,Burgum,Suarez,Hurd,Pence,Christie
1.103789,Trump,DeSantis,Scott,Haley,Elder,Hutchinson,Youngkin,Burgum,Hurd,Suarez,Ramaswamy,Christie,Pence
0.960016,Trump,Ramaswamy,DeSantis,Burgum,Scott,Elder,Haley,Hurd,Suarez,Youngkin,Pence,Hutchinson,Christie
1.023323,DeSantis,Trump,Scott,Christie,Youngkin,Hutchinson,Burgum,Suarez,Haley,Elder,Pence,Hurd,Ramaswamy
0.668479,Trump,Burgum,Elder,Ramaswamy,Youngkin,Scott,DeSantis,Pence,Hutchinson,Haley,Christie,Suarez,Hurd
0.741903,Pence,Trump,DeSantis,Haley,Christie,Hurd,Ramaswamy,Elder,Scott,Burgum,Youngkin,Suarez,Hutchinson
1.627319,Trump,DeSantis,Scott,Haley,Pence,Elder,Hutchinson,Youngkin,Burgum,Hurd,Suarez,Christie,Ramaswamy
1.134561,Trump,Ramaswamy,Haley,Elder,Scott,Youngkin,Pence,Hutchinson,Suarez,DeSantis,Christie,Burgum,Hurd
0.81114,Christie,DeSantis,Scott,Suarez,Haley,Hurd,Trump,Hutchinson,Burgum,Pence,Elder,Ramaswamy,Youngkin
0.603219,Trump,Ramaswamy,Haley,Elder,Scott,Suarez,DeSantis,Burgum,Youngkin,Christie,Hutchinson,Hurd,Pence
0.904612,DeSantis,Haley,Ramaswamy,Pence,Hutchinson,Christie,Youngkin,Burgum,Scott,Trump,Elder,Hurd,Suarez
0.710658,Trump,Ramaswamy,Pence,Elder,Haley,Scott,Burgum,Hutchinson,Hurd,Christie,Youngkin,Suarez,DeSantis
1.149689,Haley,Christie,Pence,Scott,Burgum,Youngkin,Hutchinson,Elder,Hurd,DeSantis,Ramaswamy,Suarez,Trump
2.202489,DeSantis,Trump,Ramaswamy,Scott,Pence,Youngkin,Hutchinson,Elder,Hurd,Suarez,Burgum,Christie,Haley
1.420777,Haley,DeSantis,Youngkin,Scott,Elder,Ramaswamy,Trump,Pence,Christie,Burgum,Hutchinson,Hurd,Suarez
1.132141,Trump,Pence,Ramaswamy,Christie,Burgum,Scott,Hurd,Youngkin,Elder,Hutchinson,Haley,Suarez,DeSantis
0.886527,Trump,DeSantis,Ramaswamy,Suarez,Hutchinson,Youngkin,Scott,Hurd,Burgum,Elder,Haley,Christie,Pence
0.510624,Christie,Hurd,Youngkin,Pence,Scott,Burgum,Elder,Suarez,Haley,Hutchinson,Ramaswamy,Trump,DeSantis
0.888483,Trump,Ramaswamy,Elder,Youngkin,Hutchinson,Suarez,Scott,Hurd,Burgum,Pence,DeSantis,Haley,Christie
1.376605,Haley,Christie,Elder,Hutchinson,Hurd,Youngkin,Burgum,Pence,Scott,Suarez,Ramaswamy,DeSantis,Trump
0.792237,Trump,Ramaswamy,DeSantis,Pence,Haley,Hutchinson,Scott,Elder,Youngkin,Suarez,Hurd,Burgum,Christie
0.794043,Trump,Christie,DeSantis,Pence,Suarez,Scott,Hurd,Youngkin,Hutchinson,Elder,Burgum,Ramaswamy,Haley
1.180376,Trump,Ramaswamy,DeSantis,Scott,Haley,Burgum,Youngkin,Pence,Elder,Suarez,Hutchinson,Christie,Hurd
0.767178,Trump,DeSantis,Hutchinson,Suarez,Elder,Scott,Ramaswamy,Christie,Pence,Burgum,Youngkin,Hurd,Haley
0.612993,Trump,Ramaswamy,DeSantis,Christie,Pence,Haley,Hutchinson,Burgum,Elder,Suarez,Scott,Youngkin,Hurd
1.134561,Haley,Christie,Burgum,Youngkin,Hutchinson,Elder,Scott,Pence,DeSantis,Hurd,Suarez,Ramaswamy,Trump
0.925859,Trump,Pence,Ramaswamy,Hutchinson,DeSantis,Youngkin,Scott,Suarez,Elder,Burgum,Christie,Haley,Hurd
2.045976,Ramaswamy,Trump,DeSantis,Youngkin,Haley,Elder,Scott,Hurd,Hutchinson,Suarez,Burgum,Pence,Christie
0.650804,Ramaswamy,Trump,Haley,Hutchinson,Youngkin,Suarez,Burgum,Elder,Hurd,Christie,Pence,Scott,DeSantis
0.814982,DeSantis,Trump,Haley,Pence,Scott,Suarez,Elder,Burgum,Hurd,Ramaswamy,Youngkin,Christie,Hutchinson
0.929519,Christie,Haley,Burgum,Suarez,Elder,Hurd,Hutchinson,Youngkin,Scott,Ramaswamy,DeSantis,Trump,Pence
0.805183,Ramaswamy,Trump,Pence,Christie,Hurd,DeSantis,Hutchinson,Suarez,Elder,Youngkin,Haley,Burgum,Scott
1.017577,Trump,Ramaswamy,Haley,Burgum,Suarez,Christie,Elder,Hurd,Pence,Scott,DeSantis,Hutchinson,Youngkin
1.188226,Pence,Ramaswamy,Trump,Haley,Scott,Christie,Elder,Burgum,Hurd,Suarez,Youngkin,Hutchinson,DeSantis
1.215652,Scott,Christie,Haley,DeSantis,Pence,Ramaswamy,Hurd,Youngkin,Burgum,Hutchinson,Elder,Suarez,Trump
1.15048,DeSantis,Ramaswamy,Trump,Christie,Scott,Pence,Burgum,Elder,Hutchinson,Youngkin,Hurd,Haley,Suarez
1.084045,Ramaswamy,Trump,DeSantis,Scott,Youngkin,Burgum,Hutchinson,Hurd,Suarez,Elder,Haley,Pence,Christie
0.857098,Trump,DeSantis,Pence,Christie,Scott,Hurd,Haley,Hutchinson,Burgum,Ramaswamy,Elder,Youngkin,Suarez
0.603219,DeSantis,Ramaswamy,Pence,Suarez,Youngkin,Scott,Trump,Burgum,Christie,Haley,Hutchinson,Hurd,Elder
1.215652,Pence,Scott,Haley,DeSantis,Christie,Hutchinson,Ramaswamy,Youngkin,Hurd,Suarez,Elder,Burgum,Trump
0.741903,Haley,Scott,Trump,Pence,DeSantis,Christie,Hutchinson,Youngkin,Elder,Suarez,Hurd,Ramaswamy,Burgum
0.79963,Trump,Ramaswamy,Scott,DeSantis,Christie,Hutchinson,Haley,Pence,Suarez,Youngkin,Elder,Hurd,Burgum
0.741903,Trump,DeSantis,Ramaswamy,Haley,Christie,Scott,Hutchinson,Burgum,Youngkin,Elder,Suarez,Hurd,Pence
2.045976,DeSantis,Haley,Scott,Ramaswamy,Trump,Burgum,Youngkin,Pence,Elder,Hutchinson,Suarez,Hurd,Christie
0.971058,Pence,Scott,Burgum,Hutchinson,Elder,Christie,Hurd,Haley,Ramaswamy,DeSantis,Youngkin,Suarez,Trump
1.292548,Christie,Pence,Haley,Scott,Ramaswamy,Burgum,Hutchinson,Hurd,Youngkin,Elder,Suarez,DeSantis,Trump
1.968129,Trump,Haley,DeSantis,Scott,Burgum,Christie,Elder,Ramaswamy,Hurd,Youngkin,Hutchinson,Suarez,Pence
0.778987,Trump,Pence,Elder,Scott,Christie,Burgum,Haley,Youngkin,Suarez,Hurd,DeSantis,Hutchinson,Ramaswamy
0.903768,Pence,Haley,DeSantis,Scott,Ramaswamy,Youngkin,Suarez,Burgum,Elder,Hutchinson,Hurd,Christie,Trump
1.591224,DeSantis,Haley,Pence,Ramaswamy,Scott,Hurd,Suarez,Burgum,Youngkin,Christie,Elder,Hutchinson,Trump
0.970759,Youngkin,Pence,Christie,Haley,Scott,Hutchinson,DeSantis,Ramaswamy,Suarez,Elder,Hurd,Trump,Burgum
1.056898,Trump,Ramaswamy,Haley,Scott,DeSantis,Pence,Elder,Youngkin,Hurd,Hutchinson,Burgum,Suarez,Christie
1.002609,Christie,Haley,Pence,Suarez,Hurd,Youngkin,Elder,Hutchinson,Burgum,DeSantis,Scott,Trump,Ramaswamy
0.761663,DeSantis,Youngkin,Haley,Pence,Scott,Christie,Burgum,Trump,Hutchinson,Hurd,Elder,Suarez,Ramaswamy
0.735939,Christie,Pence,Hutchinson,Youngkin,Scott,Ramaswamy,Hurd,Burgum,Elder,Haley,Suarez,DeSantis,Trump
1.312363,Trump,DeSantis,Haley,Pence,Ramaswamy,Scott,Youngkin,Elder,Hutchinson,Burgum,Hurd,Suarez,Christie
0.671534,Scott,Pence,Trump,Suarez,Haley,Elder,Christie,Hutchinson,Youngkin,DeSantis,Burgum,Hurd,Ramaswamy
0.888483,Trump,Ramaswamy,DeSantis,Haley,Scott,Christie,Burgum,Pence,Elder,Youngkin,Hutchinson,Suarez,Hurd
0.970759,Trump,Haley,Scott,DeSantis,Ramaswamy,Burgum,Suarez,Elder,Youngkin,Hurd,Pence,Christie,Hutchinson
0.892157,Christie,Haley,Hutchinson,Pence,Scott,Hurd,Burgum,Suarez,Trump,DeSantis,Elder,Youngkin,Ramaswamy
1.215652,Trump,DeSantis,Youngkin,Pence,Haley,Ramaswamy,Scott,Burgum,Elder,Hurd,Suarez,Hutchinson,Christie
0.564481,Christie,Pence,Haley,Scott,DeSantis,Elder,Hutchinson,Hurd,Youngkin,Suarez,Burgum,Ramaswamy,Trump
0.743226,DeSantis,Ramaswamy,Trump,Pence,Christie,Burgum,Elder,Haley,Hutchinson,Scott,Suarez,Youngkin,Hurd
1.068725,Trump,DeSantis,Ramaswamy,Elder,Scott,Pence,Hurd,Youngkin,Haley,Hutchinson,Burgum,Christie,Suarez
0.614214,Trump,Scott,Hurd,Pence,Ramaswamy,Suarez,Elder,Haley,Christie,Hutchinson,Youngkin,Burgum,DeSantis
0.970759,Trump,Haley,Scott,DeSantis,Ramaswamy,Burgum,Suarez,Elder,Youngkin,Hurd,Pence,Christie,Hutchinson
1.372707,Christie,Pence,DeSantis,Ramaswamy,Elder,Scott,Hurd,Youngkin,Hutchinson,Haley,Suarez,Burgum,Trump
0.709101,Christie,Trump,DeSantis,Scott,Ramaswamy,Elder,Hurd,Suarez,Haley,Burgum,Youngkin,Pence,Hutchinson
1.086363,Trump,DeSantis,Ramaswamy,Elder,Scott,Hutchinson,Suarez,Hurd,Haley,Youngkin,Pence,Burgum,Christie
0.792237,Trump,Elder,Hurd,Hutchinson,Ramaswamy,Christie,Youngkin,Pence,Suarez,Scott,DeSantis,Burgum,Haley
0.867089,Trump,Haley,Scott,Elder,Hutchinson,Suarez,Youngkin,DeSantis,Pence,Christie,Burgum,Hurd,Ramaswamy
0.925859,Trump,Pence,Ramaswamy,Hutchinson,DeSantis,Youngkin,Scott,Suarez,Elder,Burgum,Christie,Haley,Hurd
0.510624,Christie,Hurd,Youngkin,Pence,Scott,Burgum,Elder,Suarez,Haley,Hutchinson,Ramaswamy,Trump,DeSantis
0.690412,Trump,Ramaswamy,DeSantis,Pence,Scott,Elder,Hurd,Haley,Burgum,Suarez,Hutchinson,Christie,Youngkin
0.747966,Christie,Haley,Hurd,Hutchinson,Ramaswamy,Scott,Youngkin,Burgum,Elder,Suarez,Pence,DeSantis,Trump
1.134561,Haley,Christie,Burgum,Youngkin,Hutchinson,Elder,Scott,Pence,DeSantis,Hurd,Suarez,Ramaswamy,Trump
0.557598,Christie,Elder,Suarez,Burgum,Hurd,Youngkin,Hutchinson,Scott,Haley,Pence,Ramaswamy,DeSantis,Trump
1.529463,Christie,Elder,Scott,Hurd,Haley,Suarez,Burgum,Youngkin,Hutchinson,Ramaswamy,Pence,DeSantis,Trump
0.853945,Burgum,Haley,Ramaswamy,Trump,DeSantis,Pence,Christie,Scott,Hutchinson,Youngkin,Hurd,Elder,Suarez
0.93342,Trump,Ramaswamy,Elder,Scott,DeSantis,Hurd,Burgum,Youngkin,Suarez,Hutchinson,Haley,Christie,Pence
1.18457,Scott,Haley,Ramaswamy,DeSantis,Youngkin,Pence,Elder,Burgum,Christie,Hurd,Hutchinson,Suarez,Trump
1.297088,Ramaswamy,Pence,Scott,Burgum,DeSantis,Christie,Youngkin,Suarez,Elder,Hutchinson,Hurd,Trump,Haley
0.671534,Ramaswamy,Trump,DeSantis,Haley,Pence,Scott,Christie,Burgum,Hutchinson,Elder,Youngkin,Suarez,Hurd
1.017577,Trump,Haley,Scott,Ramaswamy,DeSantis,Burgum,Pence,Hurd,Youngkin,Elder,Suarez,Hutchinson,Christie
2.132521,Christie,Hutchinson,Haley,Pence,Hurd,Elder,Suarez,Burgum,Youngkin,Scott,Ramaswamy,DeSantis,Trump
0.735939,Trump,DeSantis,Haley,Scott,Ramaswamy,Christie,Pence,Hutchinson,Youngkin,Suarez,Hurd,Elder,Burgum
1.218747,Trump,Pence,DeSantis,Christie,Scott,Burgum,Suarez,Elder,Youngkin,Hurd,Hutchinson,Haley,Ramaswamy
1.048733,Trump,DeSantis,Pence,Scott,Christie,Haley,Burgum,Ramaswamy,Suarez,Elder,Youngkin,Hutchinson,Hurd
0.65782,Ramaswamy,Pence,Haley,DeSantis,Hurd,Scott,Suarez,Trump,Hutchinson,Burgum,Christie,Elder,Youngkin
0.660172,Ramaswamy,Trump,DeSantis,Elder,Scott,Pence,Burgum,Haley,Hurd,Youngkin,Hutchinson,Suarez,Christie
1.164009,Youngkin,Haley,Scott,Hutchinson,Burgum,Pence,Christie,DeSantis,Elder,Suarez,Hurd,Ramaswamy,Trump
0.693567,Trump,DeSantis,Pence,Scott,Hurd,Haley,Youngkin,Hutchinson,Elder,Suarez,Christie,Burgum,Ramaswamy
0.79963,Trump,Ramaswamy,Christie,Pence,Suarez,Scott,Youngkin,Burgum,Elder,Haley,Hutchinson,Hurd,DeSantis
2.045976,DeSantis,Haley,Scott,Ramaswamy,Trump,Burgum,Youngkin,Pence,Elder,Hutchinson,Suarez,Hurd,Christie
1.023323,Trump,Pence,Haley,DeSantis,Ramaswamy,Scott,Youngkin,Hutchinson,Suarez,Hurd,Burgum,Elder,Christie
2.102951,Trump,Haley,DeSantis,Pence,Christie,Ramaswamy,Hurd,Scott,Youngkin,Elder,Hutchinson,Burgum,Suarez
0.624392,Trump,Ramaswamy,DeSantis,Scott,Elder,Hurd,Youngkin,Suarez,Hutchinson,Christie,Haley,Burgum,Pence
0.668479,Trump,DeSantis,Haley,Ramaswamy,Pence,Christie,Burgum,Suarez,Hurd,Elder,Hutchinson,Scott,Youngkin
1.084801,Ramaswamy,Haley,Christie,Burgum,Hutchinson,Elder,Scott,Pence,DeSantis,Youngkin,Hurd,Suarez,Trump
0.54534,Haley,Suarez,Christie,Elder,Scott,Burgum,Youngkin,Hurd,Hutchinson,Pence,Ramaswamy,Trump,DeSantis
0.81823,DeSantis,Trump,Ramaswamy,Hutchinson,Suarez,Pence,Christie,Burgum,Haley,Scott,Hurd,Elder,Youngkin
1.132141,Ramaswamy,DeSantis,Trump,Scott,Haley,Pence,Burgum,Hutchinson,Elder,Christie,Hurd,Youngkin,Suarez
1.049608,Trump,Ramaswamy,Haley,DeSantis,Scott,Pence,Burgum,Christie,Youngkin,Elder,Hurd,Hutchinson,Suarez
0.709101,Trump,DeSantis,Pence,Haley,Ramaswamy,Hurd,Suarez,Youngkin,Scott,Elder,Christie,Hutchinson,Burgum
0.888483,Trump,Ramaswamy,DeSantis,Haley,Scott,Christie,Burgum,Pence,Elder,Youngkin,Hutchinson,Suarez,Hurd
1.292359,Pence,Scott,Haley,Christie,Elder,Burgum,Youngkin,Hurd,Suarez,Hutchinson,Ramaswamy,DeSantis,Trump
0.87319,Trump,DeSantis,Ramaswamy,Haley,Pence,Christie,Youngkin,Scott,Hutchinson,Burgum,Hurd,Suarez,Elder
0.510624,Christie,Hurd,Youngkin,Pence,Scott,Burgum,Elder,Suarez,Haley,Hutchinson,Ramaswamy,Trump,DeSantis
1.237454,Haley,Hurd,Burgum,Pence,Suarez,Elder,Christie,Scott,Youngkin,Ramaswamy,Hutchinson,Trump,DeSantis
2.202489,DeSantis,Trump,Ramaswamy,Scott,Pence,Youngkin,Hutchinson,Elder,Hurd,Suarez,Burgum,Christie,Haley
0.839544,Trump,Ramaswamy,DeSantis,Youngkin,Scott,Suarez,Elder,Haley,Burgum,Hurd,Pence,Hutchinson,Christie
1.122006,Trump,Scott,Haley,Ramaswamy,DeSantis,Pence,Christie,Burgum,Youngkin,Hurd,Suarez,Hutchinson,Elder
1.434836,DeSantis,Burgum,Ramaswamy,Youngkin,Haley,Scott,Trump,Elder,Pence,Suarez,Hurd,Christie,Hutchinson
0.567195,Trump,Hurd,Elder,Ramaswamy,Christie,Youngkin,Pence,Hutchinson,Haley,Burgum,Suarez,DeSantis,Scott
0.819929,Trump,Ramaswamy,Haley,DeSantis,Christie,Elder,Suarez,Hurd,Burgum,Youngkin,Hutchinson,Scott,Pence
0.851323,Trump,Ramaswamy,DeSantis,Elder,Scott,Youngkin,Burgum,Hurd,Suarez,Haley,Hutchinson,Christie,Pence
0.762857,Trump,DeSantis,Ramaswamy,Pence,Christie,Haley,Burgum,Scott,Hutchinson,Hurd,Elder,Youngkin,Suarez
1.051336,DeSantis,Pence,Christie,Hurd,Haley,Burgum,Elder,Scott,Youngkin,Ramaswamy,Hutchinson,Suarez,Trump
0.709101,Scott,DeSantis,Burgum,Christie,Hutchinson,Elder,Ramaswamy,Trump,Hurd,Pence,Youngkin,Haley,Suarez
0.567195,Trump,Hurd,Elder,Ramaswamy,Christie,Youngkin,Pence,Hutchinson,Haley,Burgum,Suarez,DeSantis,Scott
1.164009,Ramaswamy,DeSantis,Christie,Haley,Hutchinson,Suarez,Youngkin,Hurd,Burgum,Elder,Scott,Pence,Trump
0.798657,Trump,Scott,Haley,Pence,Burgum,Youngkin,DeSantis,Ramaswamy,Elder,Suarez,Hutchinson,Christie,Hurd
1.004181,Trump,DeSantis,Youngkin,Haley,Ramaswamy,Scott,Burgum,Pence,Elder,Hutchinson,Suarez,Christie,Hurd
0.87319,Christie,Scott,Elder,Burgum,Hutchinson,Hurd,Youngkin,DeSantis,Ramaswamy,Suarez,Haley,Pence,Trump
0.781276,Pence,Scott,Burgum,Haley,Elder,Hurd,Youngkin,Suarez,Christie,DeSantis,Hutchinson,Ramaswamy,Trump
0.539873,DeSantis,Trump,Burgum,Elder,Youngkin,Hurd,Christie,Scott,Ramaswamy,Pence,Suarez,Haley,Hutchinson
1.04502,Christie,Hutchinson,Scott,Pence,Hurd,Youngkin,Haley,Burgum,Elder,Suarez,Ramaswamy,DeSantis,Trump
1.04502,Suarez,Haley,Christie,Hutchinson,Elder,Pence,Burgum,Hurd,Scott,Youngkin,DeSantis,Ramaswamy,Trump
1.314392,Haley,Trump,DeSantis,Burgum,Pence,Christie,Scott,Youngkin,Hutchinson,Hurd,Ramaswamy,Suarez,Elder
0.798657,Ramaswamy,Haley,Pence,Burgum,Hutchinson,Scott,Elder,DeSantis,Christie,Suarez,Hurd,Youngkin,Trump
1.004181,DeSantis,Ramaswamy,Trump,Haley,Scott,Christie,Pence,Burgum,Hurd,Elder,Suarez,Hutchinson,Youngkin
0.729306,Trump,Haley,Ramaswamy,Pence,Scott,DeSantis,Burgum,Elder,Suarez,Youngkin,Hutchinson,Hurd,Christie
2.045976,Ramaswamy,Trump,DeSantis,Youngkin,Haley,Elder,Scott,Hurd,Hutchinson,Suarez,Burgum,Pence,Christie
0.903189,Haley,Christie,Scott,Pence,Burgum,Ramaswamy,DeSantis,Hutchinson,Youngkin,Elder,Hurd,Suarez,Trump
0.970759,Trump,Ramaswamy,DeSantis,Scott,Elder,Hutchinson,Hurd,Pence,Youngkin,Burgum,Christie,Suarez,Haley
0.960016,Trump,Ramaswamy,DeSantis,Burgum,Scott,Elder,Haley,Hurd,Suarez,Youngkin,Pence,Hutchinson,Christie
0.746623,Pence,Trump,Ramaswamy,Youngkin,Suarez,Hurd,Hutchinson,Christie,Elder,Burgum,DeSantis,Haley,Scott
0.817814,Pence,Scott,Trump,Hurd,Hutchinson,Elder,Burgum,Christie,Suarez,DeSantis,Youngkin,Haley,Ramaswamy
1.529463,Christie,Scott,Hutchinson,Hurd,DeSantis,Elder,Burgum,Pence,Youngkin,Suarez,Haley,Ramaswamy,Trump
1.559977,Trump,DeSantis,Haley,Scott,Hutchinson,Hurd,Youngkin,Suarez,Burgum,Elder,Pence,Christie,Ramaswamy
0.839247,Trump,Pence,DeSantis,Scott,Youngkin,Hurd,Burgum,Haley,Hutchinson,Elder,Ramaswamy,Christie,Suarez
1.221353,Trump,DeSantis,Ramaswamy,Pence,Burgum,Christie,Youngkin,Haley,Hurd,Hutchinson,Elder,Scott,Suarez
1.103789,Trump,DeSantis,Scott,Haley,Elder,Hutchinson,Youngkin,Burgum,Hurd,Suarez,Ramaswamy,Christie,Pence
0.58281,Ramaswamy,Elder,Burgum,Scott,Hutchinson,Youngkin,Haley,Christie,Hurd,Suarez,Pence,DeSantis,Trump
1.084045,Haley,Christie,Scott,Pence,Youngkin,Suarez,Elder,Burgum,Hurd,Hutchinson,DeSantis,Ramaswamy,Trump
0.854256,Trump,DeSantis,Haley,Ramaswamy,Scott,Elder,Hutchinson,Burgum,Hurd,Youngkin,Suarez,Christie,Pence
0.9069,Trump,DeSantis,Pence,Haley,Christie,Hurd,Youngkin,Elder,Suarez,Burgum,Scott,Hutchinson,Ramaswamy
0.798657,Christie,Pence,DeSantis,Haley,Hutchinson,Hurd,Scott,Suarez,Youngkin,Ramaswamy,Burgum,Elder,Trump
1.627319,Scott,Haley,Pence,Hutchinson,Burgum,Youngkin,Christie,Hurd,Elder,DeSantis,Suarez,Ramaswamy,Trump
0.879255,Trump,DeSantis,Ramaswamy,Youngkin,Suarez,Christie,Scott,Burgum,Elder,Pence,Hurd,Hutchinson,Haley
0.661349,DeSantis,Ramaswamy,Scott,Suarez,Hutchinson,Hurd,Elder,Burgum,Christie,Youngkin,Haley,Pence,Trump
0.621594,Trump,DeSantis,Ramaswamy,Scott,Youngkin,Elder,Burgum,Haley,Suarez,Christie,Pence,Hutchinson,Hurd
0.526889,Trump,Ramaswamy,Scott,Hutchinson,Christie,Suarez,Elder,Pence,Youngkin,Haley,Burgum,Hurd,DeSantis
0.814982,DeSantis,Trump,Haley,Pence,Scott,Suarez,Elder,Burgum,Hurd,Ramaswamy,Youngkin,Christie,Hutchinson
0.660172,DeSantis,Ramaswamy,Suarez,Burgum,Elder,Haley,Pence,Christie,Hutchinson,Hurd,Scott,Youngkin,Trump
0.960016,Youngkin,Haley,Christie,Trump,DeSantis,Scott,Pence,Hutchinson,Elder,Burgum,Suarez,Hurd,Ramaswamy
0.968363,Trump,Ramaswamy,DeSantis,Pence,Christie,Elder,Hurd,Scott,Haley,Hutchinson,Youngkin,Burgum,Suarez
0.867089,Youngkin,DeSantis,Trump,Haley,Scott,Ramaswamy,Christie,Pence,Burgum,Suarez,Elder,Hurd,Hutchinson
1.826138,Trump,Ramaswamy,Elder,DeSantis,Youngkin,Burgum,Suarez,Christie,Haley,Hurd,Hutchinson,Scott,Pence
0.466606,Trump,DeSantis,Haley,Ramaswamy,Pence,Hurd,Suarez,Youngkin,Christie,Hutchinson,Burgum,Scott,Elder
1.270672,Ramaswamy,Trump,DeSantis,Scott,Haley,Burgum,Youngkin,Pence,Hutchinson,Elder,Hurd,Suarez,Christie
0.650804,Ramaswamy,Trump,Haley,Hutchinson,Youngkin,Suarez,Burgum,Elder,Hurd,Christie,Pence,Scott,DeSantis
1.221353,Trump,Scott,Haley,Elder,Burgum,Ramaswamy,Pence,DeSantis,Youngkin,Hutchinson,Hurd,Suarez,Christie
0.960016,Trump,Ramaswamy,DeSantis,Haley,Youngkin,Hutchinson,Burgum,Suarez,Hurd,Elder,Scott,Pence,Christie
0.709101,Christie,Trump,DeSantis,Scott,Ramaswamy,Elder,Hurd,Suarez,Haley,Burgum,Youngkin,Pence,Hutchinson
1.051336,Christie,Haley,Trump,Scott,Hutchinson,Elder,DeSantis,Hurd,Burgum,Suarez,Youngkin,Ramaswamy,Pence
0.73399,Scott,Ramaswamy,DeSantis,Haley,Hurd,Suarez,Burgum,Elder,Youngkin,Christie,Pence,Trump,Hutchinson
0.901839,Trump,Ramaswamy,Pence,DeSantis,Suarez,Burgum,Hutchinson,Hurd,Youngkin,Christie,Scott,Elder,Haley
0.567195,Youngkin,Hurd,Suarez,Ramaswamy,Scott,Elder,Christie,Burgum,DeSantis,Haley,Hutchinson,Pence,Trump
1.207837,Pence,Scott,Burgum,Hurd,Ramaswamy,Youngkin,Hutchinson,Suarez,Elder,Haley,Christie,DeSantis,Trump
0.624392,Trump,Ramaswamy,Christie,DeSantis,Scott,Suarez,Pence,Haley,Hutchinson,Elder,Hurd,Burgum,Youngkin
0.722173,Trump,Ramaswamy,DeSantis,Hutchinson,Hurd,Suarez,Pence,Elder,Christie,Scott,Youngkin,Haley,Burgum
1.424811,Haley,Christie,Burgum,Hutchinson,Hurd,Elder,Suarez,Youngkin,Scott,DeSantis,Ramaswamy,Pence,Trump
1.237454,Trump,Pence,Christie,Burgum,Hurd,Scott,Haley,Elder,DeSantis,Youngkin,Suarez,Hutchinson,Ramaswamy
0.577129,DeSantis,Ramaswamy,Trump,Pence,Christie,Hurd,Elder,Hutchinson,Suarez,Scott,Youngkin,Haley,Burgum
0.650804,Burgum,Haley,Scott,Pence,Ramaswamy,DeSantis,Christie,Trump,Elder,Hutchinson,Youngkin,Hurd,Suarez
0.710658,Trump,Ramaswamy,Pence,Elder,Haley,Scott,Burgum,Hutchinson,Hurd,Christie,Youngkin,Suarez,DeSantis
0.724205,Haley,Ramaswamy,Suarez,Elder,Hurd,Hutchinson,Youngkin,Christie,Burgum,Scott,Pence,DeSantis,Trump
1.297088,Ramaswamy,Pence,Scott,Burgum,DeSantis,Christie,Youngkin,Suarez,Elder,Hutchinson,Hurd,Trump,Haley
1.219104,DeSantis,Trump,Ramaswamy,Haley,Scott,Elder,Youngkin,Pence,Suarez,Burgum,Hurd,Christie,Hutchinson
1.134561,Haley,Trump,DeSantis,Christie,Youngkin,Pence,Hutchinson,Hurd,Burgum,Ramaswamy,Suarez,Elder,Scott
0.56361,Trump,Scott,DeSantis,Elder,Hurd,Burgum,Youngkin,Pence,Ramaswamy,Suarez,Hutchinson,Haley,Christie
0.91927,DeSantis,Ramaswamy,Pence,Trump,Youngkin,Christie,Burgum,Scott,Hurd,Hutchinson,Suarez,Elder,Haley
0.901839,Trump,Ramaswamy,Pence,Scott,Christie,Haley,Elder,Hurd,Suarez,Hutchinson,Burgum,Youngkin,DeSantis
0.779605,Trump,Pence,Elder,DeSantis,Scott,Hutchinson,Haley,Suarez,Ramaswamy,Hurd,Youngkin,Burgum,Christie
1.317598,Trump,DeSantis,Haley,Scott,Ramaswamy,Pence,Elder,Youngkin,Hutchinson,Burgum,Hurd,Suarez,Christie
0.681832,Hutchinson,DeSantis,Scott,Trump,Haley,Hurd,Pence,Christie,Suarez,Burgum,Youngkin,Elder,Ramaswamy
0.564615,Trump,Ramaswamy,Haley,DeSantis,Hurd,Pence,Scott,Christie,Burgum,Youngkin,Hutchinson,Suarez,Elder
0.996977,Trump,Christie,Haley,Scott,DeSantis,Elder,Suarez,Hurd,Hutchinson,Youngkin,Burgum,Ramaswamy,Pence
1.033456,Haley,DeSantis,Scott,Ramaswamy,Pence,Christie,Trump,Elder,Hutchinson,Burgum,Hurd,Youngkin,Suarez
1.002609,Trump,DeSantis,Ramaswamy,Elder,Burgum,Scott,Haley,Youngkin,Suarez,Hurd,Pence,Hutchinson,Christie
0.902673,Trump,Scott,DeSantis,Elder,Youngkin,Pence,Hurd,Burgum,Ramaswamy,Haley,Suarez,Hutchinson,Christie
0.819929,Trump,Ramaswamy,Haley,DeSantis,Christie,Elder,Suarez,Hurd,Burgum,Youngkin,Hutchinson,Scott,Pence
0.56361,Trump,Scott,DeSantis,Elder,Hurd,Burgum,Youngkin,Pence,Ramaswamy,Suarez,Hutchinson,Haley,Christie
1.121883,Ramaswamy,Pence,Christie,Haley,Trump,DeSantis,Suarez,Burgum,Hutchinson,Scott,Hurd,Youngkin,Elder
1.134561,Haley,DeSantis,Ramaswamy,Pence,Scott,Elder,Youngkin,Trump,Christie,Hutchinson,Burgum,Hurd,Suarez
1.121883,Ramaswamy,Pence,Christie,Haley,Trump,DeSantis,Suarez,Burgum,Hutchinson,Scott,Hurd,Youngkin,Elder
0.901839,Trump,Ramaswamy,Haley,Hurd,DeSantis,Scott,Christie,Suarez,Hutchinson,Elder,Youngkin,Pence,Burgum
0.672156,Trump,Pence,DeSantis,Christie,Haley,Youngkin,Ramaswamy,Burgum,Scott,Hurd,Hutchinson,Suarez,Elder
0.660157,Trump,Ramaswamy,DeSantis,Haley,Scott,Elder,Pence,Hutchinson,Hurd,Christie,Youngkin,Suarez,Burgum
2.728993,Haley,Christie,Youngkin,Scott,Burgum,Ramaswamy,DeSantis,Pence,Hutchinson,Suarez,Hurd,Elder,Trump
1.278271,DeSantis,Scott,Trump,Ramaswamy,Haley,Pence,Hutchinson,Elder,Hurd,Suarez,Youngkin,Burgum,Christie
1.15048,Hurd,Pence,DeSantis,Ramaswamy,Burgum,Scott,Youngkin,Suarez,Hutchinson,Elder,Haley,Christie,Trump
1.314392,Haley,Trump,DeSantis,Burgum,Pence,Christie,Scott,Youngkin,Hutchinson,Hurd,Ramaswamy,Suarez,Elder
1.137748,Trump,DeSantis,Ramaswamy,Haley,Scott,Pence,Hurd,Youngkin,Burgum,Elder,Hutchinson,Suarez,Christie
1.048733,Trump,DeSantis,Christie,Haley,Scott,Ramaswamy,Youngkin,Hutchinson,Burgum,Elder,Hurd,Suarez,Pence
0.812586,Trump,DeSantis,Haley,Pence,Ramaswamy,Scott,Hutchinson,Burgum,Suarez,Youngkin,Christie,Hurd,Elder
0.888483,Trump,Ramaswamy,Pence,Youngkin,DeSantis,Scott,Burgum,Haley,Hurd,Elder,Hutchinson,Christie,Suarez
0.901839,Trump,Ramaswamy,Haley,Hurd,DeSantis,Scott,Christie,Suarez,Hutchinson,Elder,Youngkin,Pence,Burgum
1.618619,Ramaswamy,Haley,DeSantis,Pence,Trump,Scott,Christie,Suarez,Hutchinson,Burgum,Youngkin,Elder,Hurd
0.875875,Trump,Haley,DeSantis,Christie,Ramaswamy,Hutchinson,Pence,Youngkin,Elder,Scott,Burgum,Hurd,Suarez
0.819929,Ramaswamy,Trump,Hutchinson,DeSantis,Pence,Scott,Suarez,Elder,Youngkin,Hurd,Burgum,Haley,Christie
1.629188,Ramaswamy,Haley,Scott,Pence,Christie,Suarez,Elder,Burgum,Hutchinson,Youngkin,Hurd,DeSantis,Trump
0.539873,DeSantis,Trump,Burgum,Elder,Youngkin,Hurd,Christie,Scott,Ramaswamy,Pence,Suarez,Haley,Hutchinson
0.526889,Trump,Ramaswamy,Scott,Hutchinson,Christie,Suarez,Elder,Pence,Youngkin,Haley,Burgum,Hurd,DeSantis
0.741903,DeSantis,Pence,Haley,Ramaswamy,Trump,Christie,Elder,Scott,Hutchinson,Hurd,Youngkin,Suarez,Burgum
0.798657,DeSantis,Burgum,Haley,Elder,Youngkin,Hurd,Suarez,Ramaswamy,Christie,Pence,Hutchinson,Scott,Trump
0.813634,Scott,Pence,Hurd,Suarez,Youngkin,DeSantis,Ramaswamy,Christie,Hutchinson,Haley,Elder,Burgum,Trump
0.812586,Trump,DeSantis,Haley,Pence,Ramaswamy,Scott,Hutchinson,Burgum,Suarez,Youngkin,Christie,Hurd,Elder
0.708142,Trump,DeSantis,Ramaswamy,Pence,Suarez,Christie,Haley,Scott,Hurd,Hutchinson,Youngkin,Burgum,Elder
1.218747,Trump,DeSantis,Pence,Ramaswamy,Christie,Scott,Haley,Burgum,Elder,Suarez,Hurd,Hutchinson,Youngkin
1.261425,Trump,Christie,DeSantis,Haley,Pence,Burgum,Scott,Hutchinson,Elder,Hurd,Youngkin,Suarez,Ramaswamy
1.372707,Christie,Pence,DeSantis,Ramaswamy,Elder,Scott,Hurd,Youngkin,Hutchinson,Haley,Suarez,Burgum,Trump
0.899895,Trump,DeSantis,Haley,Scott,Pence,Youngkin,Ramaswamy,Elder,Burgum,Suarez,Hutchinson,Hurd,Christie
0.805183,Trump,DeSantis,Haley,Scott,Ramaswamy,Pence,Burgum,Elder,Youngkin,Christie,Hutchinson,Suarez,Hurd
1.219104,DeSantis,Trump,Haley,Ramaswamy,Youngkin,Burgum,Hutchinson,Hurd,Scott,Suarez,Elder,Christie,Pence
1.144161,Trump,Pence,Ramaswamy,Haley,DeSantis,Christie,Scott,Burgum,Hutchinson,Elder,Hurd,Suarez,Youngkin
1.069759,Trump,Haley,Ramaswamy,DeSantis,Scott,Youngkin,Pence,Suarez,Burgum,Elder,Hurd,Hutchinson,Christie
0.54534,Haley,Suarez,Christie,Elder,Scott,Burgum,Youngkin,Hurd,Hutchinson,Pence,Ramaswamy,Trump,DeSantis
0.800433,Trump,DeSantis,Ramaswamy,Pence,Scott,Elder,Haley,Burgum,Hurd,Youngkin,Christie,Hutchinson,Suarez
0.837753,Trump,Ramaswamy,DeSantis,Pence,Scott,Suarez,Burgum,Youngkin,Haley,Christie,Hurd,Hutchinson,Elder
0.760085,Pence,Burgum,Elder,Hurd,Youngkin,Hutchinson,Haley,DeSantis,Christie,Scott,Suarez,Ramaswamy,Trump
0.798657,Trump,DeSantis,Ramaswamy,Christie,Pence,Haley,Scott,Elder,Burgum,Youngkin,Hurd,Suarez,Hutchinson
1.292548,Christie,Scott,Pence,Hutchinson,Haley,Burgum,Hurd,Suarez,Elder,Youngkin,Ramaswamy,DeSantis,Trump
0.925859,Trump,Pence,Ramaswamy,Hutchinson,DeSantis,Youngkin,Scott,Suarez,Elder,Burgum,Christie,Haley,Hurd
0.690412,DeSantis,Scott,Youngkin,Haley,Trump,Ramaswamy,Hutchinson,Burgum,Elder,Suarez,Hurd,Christie,Pence
1.134561,Haley,Christie,Scott,Burgum,Hutchinson,Suarez,Youngkin,Hurd,Pence,Elder,DeSantis,Ramaswamy,Trump
1.109667,DeSantis,Trump,Ramaswamy,Burgum,Haley,Youngkin,Christie,Elder,Hurd,Scott,Hutchinson,Suarez,Pence
0.639186,Hutchinson,Pence,Haley,Ramaswamy,Youngkin,Christie,Elder,Trump,Scott,DeSantis,Hurd,Suarez,Burgum
0.851323,Trump,Ramaswamy,Christie,Youngkin,Haley,Pence,Elder,Hurd,Scott,Hutchinson,DeSantis,Burgum,Suarez
0.823768,Trump,Ramaswamy,Haley,Burgum,Christie,Suarez,Pence,Hutchinson,Youngkin,Elder,Scott,Hurd,DeSantis
0.636425,Trump,DeSantis,Pence,Haley,Christie,Youngkin,Ramaswamy,Hurd,Burgum,Scott,Suarez,Elder,Hutchinson
1.144161,DeSantis,Ramaswamy,Haley,Trump,Scott,Burgum,Christie,Hutchinson,Youngkin,Elder,Hurd,Pence,Suarez
0.87319,Christie,Scott,Elder,Burgum,Hutchinson,Hurd,Youngkin,DeSantis,Ramaswamy,Suarez,Haley,Pence,Trump
0.839247,Trump,Pence,Scott,Hurd,Burgum,Haley,Ramaswamy,Suarez,Hutchinson,Elder,DeSantis,Youngkin,Christie
1.591224,DeSantis,Haley,Pence,Ramaswamy,Scott,Hurd,Suarez,Burgum,Youngkin,Christie,Elder,Hutchinson,Trump
1.180376,Trump,Ramaswamy,DeSantis,Scott,Haley,Burgum,Youngkin,Pence,Elder,Suarez,Hutchinson,Christie,Hurd
1.611159,DeSantis,Trump,Burgum,Ramaswamy,Haley,Pence,Scott,Christie,Youngkin,Hurd,Suarez,Hutchinson,Elder
0.87319,Christie,Scott,Elder,Burgum,Hutchinson,Hurd,Youngkin,DeSantis,Ramaswamy,Suarez,Haley,Pence,Trump
0.743226,DeSantis,Ramaswamy,Trump,Pence,Christie,Burgum,Elder,Haley,Hutchinson,Scott,Suarez,Youngkin,Hurd
1.314392,Trump,DeSantis,Scott,Pence,Youngkin,Burgum,Haley,Ramaswamy,Christie,Elder,Hutchinson,Suarez,Hurd
1.121883,Ramaswamy,Haley,DeSantis,Trump,Hurd,Christie,Suarez,Pence,Burgum,Youngkin,Scott,Elder,Hutchinson
0.729306,Trump,Haley,Ramaswamy,Pence,Scott,DeSantis,Burgum,Elder,Suarez,Youngkin,Hutchinson,Hurd,Christie
0.568215,Trump,Hutchinson,Pence,Haley,Suarez,Ramaswamy,Christie,Hurd,Scott,Youngkin,Elder,Burgum,DeSantis
0.751381,Ramaswamy,DeSantis,Scott,Burgum,Pence,Haley,Trump,Youngkin,Hutchinson,Christie,Suarez,Elder,Hurd
1.219104,DeSantis,Trump,Ramaswamy,Haley,Scott,Elder,Youngkin,Pence,Suarez,Burgum,Hurd,Christie,Hutchinson
1.120393,Ramaswamy,DeSantis,Trump,Pence,Haley,Scott,Hutchinson,Suarez,Elder,Youngkin,Hurd,Christie,Burgum
1.73441,Pence,DeSantis,Christie,Burgum,Youngkin,Scott,Hurd,Suarez,Haley,Elder,Ramaswamy,Trump,Hutchinson
1.22744,Haley,Scott,Pence,Burgum,Ramaswamy,Hutchinson,Youngkin,Hurd,Elder,Suarez,DeSantis,Christie,Trump
1.308647,Trump,Ramaswamy,DeSantis,Pence,Haley,Burgum,Scott,Suarez,Hutchinson,Elder,Hurd,Youngkin,Christie
0.720887,Trump,DeSantis,Ramaswamy,Christie,Scott,Suarez,Burgum,Youngkin,Elder,Hurd,Hutchinson,Haley,Pence
1.000625,Trump,Haley,Scott,DeSantis,Christie,Burgum,Pence,Hutchinson,Elder,Hurd,Youngkin,Ramaswamy,Suarez
1.207837,Ramaswamy,DeSantis,Trump,Scott,Pence,Youngkin,Hutchinson,Haley,Elder,Christie,Hurd,Suarez,Burgum
0.517975,DeSantis,Trump,Christie,Ramaswamy,Hutchinson,Burgum,Youngkin,Pence,Hurd,Suarez,Haley,Scott,Elder
1.079307,Trump,Ramaswamy,DeSantis,Haley,Youngkin,Christie,Scott,Pence,Burgum,Elder,Suarez,Hurd,Hutchinson
0.974208,DeSantis,Haley,Scott,Trump,Ramaswamy,Pence,Youngkin,Hurd,Hutchinson,Burgum,Christie,Suarez,Elder
1.207837,Ramaswamy,DeSantis,Trump,Scott,Pence,Youngkin,Hutchinson,Haley,Elder,Christie,Hurd,Suarez,Burgum
1.382498,Hurd,DeSantis,Trump,Suarez,Haley,Hutchinson,Scott,Elder,Pence,Youngkin,Christie,Ramaswamy,Burgum
0.854256,Trump,DeSantis,Youngkin,Ramaswamy,Haley,Scott,Burgum,Pence,Elder,Hutchinson,Hurd,Suarez,Christie
0.708142,Trump,DeSantis,Ramaswamy,Pence,Suarez,Christie,Haley,Scott,Hurd,Hutchinson,Youngkin,Burgum,Elder
0.63756,Trump,Haley,Hutchinson,Scott,Christie,Youngkin,DeSantis,Pence,Ramaswamy,Elder,Burgum,Hurd,Suarez
0.95828,Trump,Ramaswamy,Pence,DeSantis,Haley,Burgum,Elder,Suarez,Scott,Youngkin,Hutchinson,Christie,Hurd
0.996977,Trump,DeSantis,Haley,Ramaswamy,Scott,Burgum,Youngkin,Elder,Hurd,Hutchinson,Suarez,Christie,Pence
0.73399,Scott,Ramaswamy,DeSantis,Haley,Hurd,Suarez,Burgum,Elder,Youngkin,Christie,Pence,Trump,Hutchinson
0.854256,Trump,DeSantis,Youngkin,Ramaswamy,Haley,Scott,Burgum,Pence,Elder,Hutchinson,Hurd,Suarez,Christie
1.004181,Trump,Ramaswamy,DeSantis,Burgum,Christie,Youngkin,Scott,Suarez,Hutchinson,Elder,Pence,Hurd,Haley
1.164009,Haley,Pence,Scott,Christie,Youngkin,DeSantis,Hutchinson,Burgum,Suarez,Elder,Hurd,Ramaswamy,Trump
1.753818,Ramaswamy,Christie,DeSantis,Pence,Haley,Trump,Scott,Youngkin,Hutchinson,Burgum,Elder,Hurd,Suarez
0.681832,DeSantis,Trump,Scott,Ramaswamy,Elder,Hurd,Youngkin,Burgum,Suarez,Hutchinson,Haley,Christie,Pence
0.466606,Trump,DeSantis,Scott,Ramaswamy,Burgum,Haley,Hurd,Youngkin,Elder,Christie,Pence,Hutchinson,Suarez
0.899895,Trump,DeSantis,Haley,Scott,Pence,Youngkin,Ramaswamy,Elder,Burgum,Suarez,Hutchinson,Hurd,Christie
0.735939,Trump,DeSantis,Haley,Scott,Ramaswamy,Christie,Pence,Hutchinson,Youngkin,Suarez,Hurd,Elder,Burgum
1.567187,Trump,Pence,Hurd,DeSantis,Burgum,Elder,Scott,Youngkin,Hutchinson,Ramaswamy,Christie,Suarez,Haley
1.278271,DeSantis,Scott,Trump,Ramaswamy,Haley,Pence,Hutchinson,Elder,Hurd,Suarez,Youngkin,Burgum,Christie
1.247329,Scott,Youngkin,Elder,Hutchinson,Burgum,Hurd,Christie,Haley,Pence,Trump,DeSantis,Suarez,Ramaswamy
1.312363,Christie,Haley,Scott,Pence,Youngkin,Hutchinson,Ramaswamy,Elder,Hurd,Suarez,DeSantis,Burgum,Trump
1.292359,Pence,Scott,Haley,Christie,Elder,Burgum,Youngkin,Hurd,Suarez,Hutchinson,Ramaswamy,DeSantis,Trump
1.275187,Trump,DeSantis,Burgum,Ramaswamy,Haley,Christie,Scott,Youngkin,Pence,Hutchinson,Hurd,Suarez,Elder
1.066087,Ramaswamy,Elder,Scott,DeSantis,Suarez,Pence,Burgum,Hurd,Hutchinson,Christie,Haley,Trump,Youngkin
1.669118,Trump,DeSantis,Youngkin,Pence,Hurd,Elder,Hutchinson,Suarez,Ramaswamy,Haley,Christie,Scott,Burgum
0.879255,Trump,DeSantis,Ramaswamy,Youngkin,Suarez,Christie,Scott,Burgum,Elder,Pence,Hurd,Hutchinson,Haley
1.314392,Hutchinson,Christie,Hurd,Suarez,Burgum,Youngkin,Haley,Scott,Pence,Ramaswamy,Elder,DeSantis,Trump
0.672156,Trump,Pence,DeSantis,Christie,Haley,Youngkin,Ramaswamy,Burgum,Scott,Hurd,Hutchinson,Suarez,Elder
0.819929,DeSantis,Trump,Pence,Ramaswamy,Elder,Burgum,Youngkin,Hutchinson,Scott,Hurd,Haley,Suarez,Christie
0.773286,Scott,Haley,Ramaswamy,DeSantis,Pence,Christie,Hurd,Hutchinson,Burgum,Youngkin,Suarez,Elder,Trump
0.892157,Christie,Hutchinson,Hurd,Suarez,Youngkin,Elder,Burgum,Scott,Pence,Haley,DeSantis,Ramaswamy,Trump
0.95828,Trump,DeSantis,Haley,Ramaswamy,Scott,Youngkin,Pence,Elder,Burgum,Suarez,Hurd,Christie,Hutchinson
0.87319,Christie,Scott,Elder,Burgum,Hutchinson,Hurd,Youngkin,DeSantis,Ramaswamy,Suarez,Haley,Pence,Trump
0.970759,Trump,Ramaswamy,Youngkin,DeSantis,Haley,Elder,Scott,Burgum,Hurd,Suarez,Hutchinson,Pence,Christie
1.036417,Hurd,Christie,Haley,Pence,Suarez,Youngkin,Hutchinson,Burgum,Scott,Ramaswamy,DeSantis,Elder,Trump
0.594702,Trump,DeSantis,Youngkin,Ramaswamy,Burgum,Scott,Hurd,Suarez,Haley,Hutchinson,Elder,Pence,Christie
0.466606,Trump,DeSantis,Scott,Ramaswamy,Burgum,Haley,Hurd,Youngkin,Elder,Christie,Pence,Hutchinson,Suarez
1.103994,Trump,Scott,DeSantis,Burgum,Elder,Youngkin,Ramaswamy,Hurd,Haley,Suarez,Hutchinson,Pence,Christie
1.297777,Christie,Haley,Ramaswamy,Pence,Hutchinson,Youngkin,Scott,Burgum,Suarez,Hurd,DeSantis,Elder,Trump
0.721527,DeSantis,Ramaswamy,Haley,Trump,Youngkin,Scott,Pence,Elder,Christie,Hutchinson,Hurd,Suarez,Burgum
1.180376,DeSantis,Trump,Ramaswamy,Haley,Scott,Youngkin,Elder,Hutchinson,Suarez,Hurd,Burgum,Christie,Pence
1.278245,Trump,Youngkin,Scott,DeSantis,Haley,Ramaswamy,Pence,Burgum,Hurd,Elder,Christie,Hutchinson,Suarez
1.215652,Trump,DeSantis,Pence,Christie,Youngkin,Scott,Haley,Hutchinson,Hurd,Elder,Suarez,Ramaswamy,Burgum
0.773286,Christie,Scott,Haley,Elder,Ramaswamy,Hurd,Pence,Youngkin,Hutchinson,Suarez,DeSantis,Trump,Burgum
0.68511,Pence,Ramaswamy,DeSantis,Hurd,Christie,Elder,Suarez,Burgum,Scott,Haley,Youngkin,Hutchinson,Trump
2.202489,DeSantis,Trump,Ramaswamy,Scott,Pence,Youngkin,Hutchinson,Elder,Hurd,Suarez,Burgum,Christie,Haley
1.079307,Pence,Ramaswamy,Christie,Suarez,Hutchinson,Scott,Hurd,Youngkin,Burgum,Haley,Elder,DeSantis,Trump
1.048733,Trump,DeSantis,Scott,Haley,Youngkin,Elder,Hutchinson,Burgum,Ramaswamy,Hurd,Suarez,Pence,Christie
0.667953,Trump,Ramaswamy,Haley,DeSantis,Christie,Scott,Pence,Hutchinson,Burgum,Elder,Suarez,Hurd,Youngkin
0.552991,Trump,DeSantis,Scott,Ramaswamy,Hutchinson,Haley,Christie,Youngkin,Hurd,Elder,Burgum,Suarez,Pence
0.672156,Ramaswamy,Trump,Christie,Burgum,Youngkin,Pence,Scott,Hurd,Elder,Haley,DeSantis,Suarez,Hutchinson
1.292359,Pence,Scott,Haley,Christie,Elder,Burgum,Youngkin,Hurd,Suarez,Hutchinson,Ramaswamy,DeSantis,Trump
0.929519,DeSantis,Trump,Ramaswamy,Youngkin,Scott,Burgum,Pence,Elder,Hutchinson,Suarez,Hurd,Haley,Christie
0.837753,Trump,Ramaswamy,DeSantis,Scott,Christie,Haley,Suarez,Youngkin,Hutchinson,Pence,Burgum,Elder,Hurd
0.787886,Trump,DeSantis,Suarez,Hurd,Burgum,Pence,Scott,Haley,Elder,Hutchinson,Youngkin,Christie,Ramaswamy
0.695049,Ramaswamy,Pence,Christie,Trump,Scott,Hutchinson,Burgum,Hurd,DeSantis,Youngkin,Haley,Elder,Suarez
0.722173,Trump,Ramaswamy,DeSantis,Hutchinson,Hurd,Suarez,Pence,Elder,Christie,Scott,Youngkin,Haley,Burgum
0.867089,Trump,Haley,Scott,Elder,Hutchinson,Suarez,Youngkin,DeSantis,Pence,Christie,Burgum,Hurd,Ramaswamy
1.219104,Trump,DeSantis,Ramaswamy,Haley,Youngkin,Burgum,Hutchinson,Pence,Scott,Hurd,Elder,Suarez,Christie
0.743226,Trump,DeSantis,Ramaswamy,Pence,Scott,Haley,Hutchinson,Youngkin,Christie,Hurd,Elder,Burgum,Suarez
1.002609,Christie,Haley,Pence,Suarez,Hurd,Youngkin,Elder,Hutchinson,Burgum,DeSantis,Scott,Trump,Ramaswamy
1.240092,Haley,Christie,Pence,Elder,Hutchinson,Scott,Suarez,Hurd,Burgum,Youngkin,Ramaswamy,DeSantis,Trump
0.741903,Trump,DeSantis,Ramaswamy,Haley,Christie,Scott,Hutchinson,Burgum,Youngkin,Elder,Suarez,Hurd,Pence
0.488072,Trump,Pence,Ramaswamy,DeSantis,Elder,Hurd,Youngkin,Suarez,Burgum,Hutchinson,Scott,Haley,Christie
0.991915,Pence,Youngkin,Hutchinson,Hurd,Elder,Haley,Burgum,Ramaswamy,Christie,DeSantis,Suarez,Scott,Trump
1.096176,Trump,Ramaswamy,DeSantis,Burgum,Haley,Scott,Elder,Youngkin,Pence,Hutchinson,Suarez,Christie,Hurd
0.798657,DeSantis,Burgum,Haley,Elder,Youngkin,Hurd,Suarez,Ramaswamy,Christie,Pence,Hutchinson,Scott,Trump
1.086363,Trump,Haley,DeSantis,Scott,Pence,Elder,Ramaswamy,Youngkin,Burgum,Hutchinson,Hurd,Christie,Suarez
1.158692,Trump,Ramaswamy,Suarez,Haley,Christie,Pence,Scott,Elder,Burgum,DeSantis,Hurd,Hutchinson,Youngkin
1.314392,Trump,DeSantis,Ramaswamy,Hutchinson,Haley,Pence,Burgum,Youngkin,Christie,Hurd,Scott,Elder,Suarez
1.049608,Trump,Ramaswamy,Scott,Haley,Elder,DeSantis,Pence,Burgum,Hurd,Youngkin,Hutchinson,Christie,Suarez
1.317598,Trump,DeSantis,Haley,Scott,Ramaswamy,Pence,Elder,Youngkin,Hutchinson,Burgum,Hurd,Suarez,Christie
0.947572,Trump,DeSantis,Scott,Pence,Haley,Youngkin,Elder,Hurd,Burgum,Hutchinson,Ramaswamy,Christie,Suarez
0.949777,Trump,DeSantis,Burgum,Scott,Elder,Hurd,Youngkin,Haley,Hutchinson,Suarez,Ramaswamy,Pence,Christie
1.137748,Trump,Ramaswamy,Scott,DeSantis,Haley,Hutchinson,Burgum,Elder,Suarez,Hurd,Youngkin,Pence,Christie
1.339645,Ramaswamy,Burgum,Haley,Hutchinson,Scott,DeSantis,Trump,Pence,Christie,Youngkin,Hurd,Suarez,Elder
0.879255,Trump,Ramaswamy,DeSantis,Scott,Hurd,Youngkin,Elder,Burgum,Haley,Hutchinson,Christie,Pence,Suarez
2.040183,Ramaswamy,Haley,Scott,Suarez,Hutchinson,Youngkin,Elder,Hurd,Burgum,Pence,Christie,DeSantis,Trump
1.166972,Ramaswamy,DeSantis,Haley,Pence,Hutchinson,Elder,Suarez,Hurd,Burgum,Scott,Youngkin,Christie,Trump
1.271577,DeSantis,Ramaswamy,Trump,Haley,Scott,Pence,Hutchinson,Burgum,Youngkin,Elder,Suarez,Christie,Hurd
0.741903,Ramaswamy,Christie,Elder,Youngkin,DeSantis,Burgum,Haley,Scott,Hurd,Pence,Suarez,Hutchinson,Trump
1.314392,Trump,DeSantis,Scott,Pence,Youngkin,Burgum,Haley,Ramaswamy,Christie,Elder,Hutchinson,Suarez,Hurd
1.669118,Trump,DeSantis,Haley,Scott,Ramaswamy,Pence,Youngkin,Burgum,Christie,Elder,Suarez,Hurd,Hutchinson
1.207837,Pence,Scott,Burgum,Hurd,Ramaswamy,Youngkin,Hutchinson,Suarez,Elder,Haley,Christie,DeSantis,Trump
0.668479,Trump,DeSantis,Haley,Ramaswamy,Pence,Christie,Burgum,Suarez,Hurd,Elder,Hutchinson,Scott,Youngkin
0.526889,Trump,DeSantis,Ramaswamy,Scott,Christie,Pence,Haley,Burgum,Elder,Youngkin,Hurd,Hutchinson,Suarez
1.218747,DeSantis,Trump,Pence,Ramaswamy,Burgum,Christie,Haley,Scott,Elder,Youngkin,Hurd,Hutchinson,Suarez
1.134561,Haley,Christie,Scott,Burgum,Hutchinson,Suarez,Youngkin,Hurd,Pence,Elder,DeSantis,Ramaswamy,Trump
1.069759,Trump,Ramaswamy,Youngkin,DeSantis,Scott,Haley,Burgum,Pence,Hurd,Suarez,Hutchinson,Christie,Elder
1.753818,Trump,Ramaswamy,DeSantis,Elder,Scott,Youngkin,Haley,Hurd,Burgum,Suarez,Hutchinson,Christie,Pence
1.478149,Ramaswamy,Pence,DeSantis,Scott,Haley,Hurd,Burgum,Suarez,Elder,Hutchinson,Youngkin,Christie,Trump
1.218747,DeSantis,Trump,Pence,Ramaswamy,Burgum,Christie,Haley,Scott,Elder,Youngkin,Hurd,Hutchinson,Suarez
0.919605,DeSantis,Trump,Pence,Ramaswamy,Elder,Burgum,Scott,Youngkin,Hutchinson,Suarez,Hurd,Haley,Christie
1.299495,Haley,DeSantis,Youngkin,Trump,Scott,Burgum,Ramaswamy,Hutchinson,Christie,Pence,Elder,Hurd,Suarez
0.621594,Trump,DeSantis,Ramaswamy,Scott,Youngkin,Elder,Burgum,Haley,Suarez,Christie,Pence,Hutchinson,Hurd
1.334956,Ramaswamy,Pence,Hurd,Scott,Elder,Youngkin,Haley,Christie,DeSantis,Burgum,Suarez,Hutchinson,Trump
0.526889,Trump,Ramaswamy,Scott,Hutchinson,Christie,Suarez,Elder,Pence,Youngkin,Haley,Burgum,Hurd,DeSantis
0.612993,Trump,Ramaswamy,DeSantis,Christie,Hurd,Elder,Suarez,Hutchinson,Youngkin,Haley,Pence,Burgum,Scott
0.539873,Trump,Ramaswamy,Suarez,DeSantis,Scott,Christie,Hurd,Haley,Elder,Youngkin,Hutchinson,Pence,Burgum
0.719616,DeSantis,Trump,Ramaswamy,Haley,Christie,Scott,Burgum,Elder,Hurd,Suarez,Youngkin,Hutchinson,Pence
1.4049,Scott,Haley,Burgum,Hutchinson,Christie,Pence,Suarez,Elder,Hurd,Youngkin,Ramaswamy,DeSantis,Trump
0.6612,Ramaswamy,Pence,DeSantis,Burgum,Youngkin,Hutchinson,Hurd,Christie,Suarez,Scott,Haley,Elder,Trump
1.591224,DeSantis,Haley,Pence,Ramaswamy,Scott,Hurd,Suarez,Burgum,Youngkin,Christie,Elder,Hutchinson,Trump
1.048733,Trump,Ramaswamy,DeSantis,Burgum,Haley,Scott,Pence,Hutchinson,Elder,Suarez,Youngkin,Hurd,Christie
1.308647,Haley,Pence,DeSantis,Elder,Youngkin,Christie,Hutchinson,Hurd,Scott,Burgum,Suarez,Trump,Ramaswamy
0.720887,Trump,DeSantis,Ramaswamy,Christie,Scott,Suarez,Burgum,Youngkin,Elder,Hurd,Hutchinson,Haley,Pence
0.792237,Trump,DeSantis,Scott,Ramaswamy,Elder,Youngkin,Christie,Burgum,Pence,Suarez,Hurd,Hutchinson,Haley
0.901839,Trump,Pence,Ramaswamy,DeSantis,Hurd,Christie,Burgum,Youngkin,Scott,Suarez,Elder,Haley,Hutchinson
0.851323,Ramaswamy,Haley,DeSantis,Christie,Scott,Burgum,Hurd,Pence,Suarez,Hutchinson,Elder,Youngkin,Trump
0.54534,Haley,Suarez,Christie,Elder,Scott,Burgum,Youngkin,Hurd,Hutchinson,Pence,Ramaswamy,Trump,DeSantis
1.084045,Ramaswamy,Trump,DeSantis,Scott,Youngkin,Burgum,Hutchinson,Hurd,Suarez,Elder,Haley,Pence,Christie
1.002609,Trump,Ramaswamy,DeSantis,Hutchinson,Pence,Christie,Haley,Hurd,Elder,Scott,Youngkin,Burgum,Suarez
0.516129,Trump,DeSantis,Scott,Haley,Ramaswamy,Youngkin,Pence,Suarez,Hurd,Hutchinson,Burgum,Elder,Christie
0.812586,Trump,Scott,Ramaswamy,DeSantis,Pence,Hurd,Elder,Suarez,Burgum,Hutchinson,Youngkin,Christie,Haley
1.559977,Trump,Ramaswamy,Scott,Burgum,DeSantis,Haley,Christie,Suarez,Pence,Hutchinson,Elder,Hurd,Youngkin
1.257506,Trump,DeSantis,Ramaswamy,Christie,Suarez,Youngkin,Scott,Hurd,Burgum,Elder,Hutchinson,Haley,Pence
1.134561,Trump,Ramaswamy,DeSantis,Christie,Burgum,Haley,Pence,Elder,Hutchinson,Scott,Suarez,Youngkin,Hurd
1.134561,DeSantis,Trump,Ramaswamy,Haley,Elder,Pence,Scott,Christie,Burgum,Hutchinson,Youngkin,Hurd,Suarez
0.681832,Trump,Ramaswamy,DeSantis,Scott,Elder,Youngkin,Burgum,Hurd,Suarez,Hutchinson,Haley,Pence,Christie
1.424811,Haley,Christie,Burgum,Hutchinson,Hurd,Elder,Suarez,Youngkin,Scott,DeSantis,Ramaswamy,Pence,Trump
0.63756,Trump,DeSantis,Scott,Haley,Christie,Youngkin,Hurd,Suarez,Elder,Burgum,Ramaswamy,Pence,Hutchinson
1.002393,Hurd,Hutchinson,Burgum,Scott,Youngkin,Suarez,Haley,Ramaswamy,Elder,DeSantis,Christie,Pence,Trump
1.314392,Trump,DeSantis,Scott,Pence,Youngkin,Burgum,Haley,Ramaswamy,Christie,Elder,Hutchinson,Suarez,Hurd
0.826713,Trump,DeSantis,Haley,Ramaswamy,Scott,Pence,Elder,Hurd,Burgum,Hutchinson,Youngkin,Suarez,Christie
1.372707,Trump,Pence,DeSantis,Haley,Christie,Scott,Burgum,Hurd,Elder,Suarez,Youngkin,Hutchinson,Ramaswamy
0.65782,Ramaswamy,Haley,Hutchinson,Pence,Youngkin,Burgum,Elder,Suarez,Hurd,Christie,Scott,DeSantis,Trump
0.916252,Trump,DeSantis,Pence,Hurd,Burgum,Elder,Scott,Hutchinson,Haley,Suarez,Youngkin,Christie,Ramaswamy
1.215652,Trump,DeSantis,Youngkin,Pence,Haley,Ramaswamy,Scott,Burgum,Elder,Hurd,Suarez,Hutchinson,Christie
1.048733,Trump,Ramaswamy,DeSantis,Burgum,Haley,Scott,Pence,Hutchinson,Elder,Suarez,Youngkin,Hurd,Christie
1.270672,DeSantis,Trump,Haley,Ramaswamy,Scott,Youngkin,Pence,Hurd,Burgum,Hutchinson,Elder,Christie,Suarez
0.603219,Trump,Ramaswamy,Haley,Elder,Scott,Suarez,DeSantis,Burgum,Youngkin,Christie,Hutchinson,Hurd,Pence
1.086363,Ramaswamy,Haley,DeSantis,Christie,Pence,Hutchinson,Scott,Suarez,Hurd,Youngkin,Burgum,Elder,Trump
0.886527,Trump,Pence,Christie,Haley,DeSantis,Scott,Youngkin,Hurd,Elder,Burgum,Hutchinson,Ramaswamy,Suarez
1.164009,Haley,Scott,Ramaswamy,DeSantis,Hurd,Elder,Hutchinson,Pence,Suarez,Burgum,Christie,Youngkin,Trump
0.724205,Christie,Haley,Pence,Youngkin,Scott,Suarez,Hutchinson,Hurd,Elder,Burgum,Ramaswamy,DeSantis,Trump
1.4049,Scott,Haley,Burgum,Hutchinson,Christie,Pence,Suarez,Elder,Hurd,Youngkin,Ramaswamy,DeSantis,Trump
1.297088,Ramaswamy,Pence,Scott,Burgum,DeSantis,Christie,Youngkin,Suarez,Elder,Hutchinson,Hurd,Trump,Haley
0.819929,Trump,DeSantis,Ramaswamy,Pence,Christie,Scott,Suarez,Youngkin,Hutchinson,Hurd,Burgum,Elder,Haley
0.474338,Ramaswamy,Hutchinson,Youngkin,Haley,Hurd,Burgum,Pence,Elder,Scott,Christie,Suarez,DeSantis,Trump
0.867089,DeSantis,Ramaswamy,Trump,Scott,Pence,Elder,Burgum,Youngkin,Hurd,Suarez,Haley,Hutchinson,Christie
1.04502,Christie,Haley,Ramaswamy,Elder,Hutchinson,Scott,Hurd,Youngkin,Suarez,Burgum,Pence,DeSantis,Trump
0.650804,Trump,Christie,Ramaswamy,Elder,Burgum,Hurd,DeSantis,Scott,Haley,Youngkin,Suarez,Hutchinson,Pence
0.79963,Trump,Ramaswamy,Christie,Pence,Suarez,Scott,Youngkin,Burgum,Elder,Haley,Hutchinson,Hurd,DeSantis
0.886784,DeSantis,Trump,Haley,Ramaswamy,Scott,Youngkin,Pence,Elder,Christie,Suarez,Hutchinson,Hurd,Burgum
0.806909,Trump,Ramaswamy,DeSantis,Suarez,Youngkin,Pence,Haley,Hutchinson,Burgum,Christie,Scott,Hurd,Elder
0.899895,Trump,Ramaswamy,Scott,Elder,Youngkin,Haley,DeSantis,Hutchinson,Burgum,Suarez,Hurd,Pence,Christie
1.424811,Ramaswamy,DeSantis,Trump,Elder,Youngkin,Scott,Hutchinson,Suarez,Burgum,Hurd,Pence,Haley,Christie
1.247329,Scott,Youngkin,Elder,Hutchinson,Burgum,Hurd,Christie,Haley,Pence,Trump,DeSantis,Suarez,Ramaswamy
1.312363,DeSantis,Trump,Scott,Youngkin,Haley,Pence,Hutchinson,Christie,Elder,Ramaswamy,Hurd,Suarez,Burgum
0.564481,DeSantis,Youngkin,Christie,Haley,Burgum,Scott,Hurd,Elder,Hutchinson,Suarez,Ramaswamy,Pence,Trump
0.95645,Ramaswamy,Pence,Trump,DeSantis,Burgum,Hutchinson,Hurd,Christie,Youngkin,Scott,Elder,Haley,Suarez
1.132141,Ramaswamy,DeSantis,Trump,Scott,Haley,Pence,Burgum,Hutchinson,Elder,Christie,Hurd,Youngkin,Suarez
1.164009,Youngkin,Haley,Scott,Hutchinson,Burgum,Pence,Christie,DeSantis,Elder,Suarez,Hurd,Ramaswamy,Trump
0.708142,Trump,Ramaswamy,Haley,Pence,Suarez,Christie,Youngkin,DeSantis,Hurd,Scott,Burgum,Hutchinson,Elder
0.762857,Trump,DeSantis,Ramaswamy,Pence,Christie,Haley,Burgum,Scott,Hutchinson,Hurd,Elder,Youngkin,Suarez
0.960016,Youngkin,Haley,Christie,Trump,DeSantis,Scott,Pence,Hutchinson,Elder,Burgum,Suarez,Hurd,Ramaswamy
0.798657,Trump,DeSantis,Haley,Pence,Scott,Christie,Hurd,Burgum,Hutchinson,Elder,Youngkin,Suarez,Ramaswamy
0.68511,Trump,Pence,Ramaswamy,DeSantis,Suarez,Haley,Burgum,Scott,Youngkin,Christie,Elder,Hurd,Hutchinson
1.002609,Trump,Ramaswamy,Scott,DeSantis,Elder,Hutchinson,Pence,Christie,Suarez,Youngkin,Hurd,Burgum,Haley
0.839247,Trump,Pence,DeSantis,Scott,Youngkin,Hurd,Burgum,Haley,Hutchinson,Elder,Ramaswamy,Christie,Suarez
0.650804,DeSantis,Trump,Ramaswamy,Pence,Hutchinson,Suarez,Hurd,Haley,Youngkin,Elder,Burgum,Christie,Scott
1.753818,Ramaswamy,Christie,DeSantis,Pence,Haley,Trump,Scott,Youngkin,Hutchinson,Burgum,Elder,Hurd,Suarez
1.270672,DeSantis,Haley,Ramaswamy,Scott,Trump,Pence,Elder,Youngkin,Christie,Hurd,Burgum,Hutchinson,Suarez
0.819929,Trump,DeSantis,Ramaswamy,Pence,Christie,Scott,Suarez,Youngkin,Hutchinson,Hurd,Burgum,Elder,Haley
1.109667,DeSantis,Trump,Ramaswamy,Burgum,Haley,Youngkin,Christie,Elder,Hurd,Scott,Hutchinson,Suarez,Pence
1.270672,Trump,DeSantis,Ramaswamy,Christie,Pence,Haley,Scott,Hutchinson,Elder,Youngkin,Suarez,Hurd,Burgum
0.567195,Trump,Ramaswamy,Christie,Hurd,Haley,Pence,Youngkin,DeSantis,Elder,Suarez,Burgum,Scott,Hutchinson
0.798657,Trump,DeSantis,Haley,Pence,Scott,Christie,Hurd,Burgum,Hutchinson,Elder,Youngkin,Suarez,Ramaswamy
0.555612,DeSantis,Trump,Pence,Scott,Christie,Elder,Youngkin,Burgum,Ramaswamy,Hutchinson,Hurd,Suarez,Haley
1.278245,Trump,Youngkin,Scott,DeSantis,Haley,Ramaswamy,Pence,Burgum,Hurd,Elder,Christie,Hutchinson,Suarez
0.903768,Pence,Haley,DeSantis,Scott,Ramaswamy,Youngkin,Suarez,Burgum,Elder,Hutchinson,Hurd,Christie,Trump
1.033456,Trump,Ramaswamy,DeSantis,Haley,Suarez,Hurd,Scott,Elder,Hutchinson,Youngkin,Burgum,Pence,Christie
0.792237,Trump,DeSantis,Scott,Ramaswamy,Elder,Youngkin,Christie,Burgum,Pence,Suarez,Hurd,Hutchinson,Haley
0.636425,Trump,DeSantis,Ramaswamy,Pence,Haley,Christie,Elder,Burgum,Hutchinson,Suarez,Hurd,Scott,Youngkin
0.54534,Haley,Suarez,Christie,Elder,Scott,Burgum,Youngkin,Hurd,Hutchinson,Pence,Ramaswamy,Trump,DeSantis
0.614214,Trump,Scott,Hurd,Pence,Ramaswamy,Suarez,Elder,Haley,Christie,Hutchinson,Youngkin,Burgum,DeSantis
0.68511,Trump,Pence,Scott,Hutchinson,Hurd,Elder,Suarez,Burgum,Youngkin,Haley,Ramaswamy,DeSantis,Christie
1.567187,Trump,Pence,Hurd,DeSantis,Burgum,Elder,Scott,Youngkin,Hutchinson,Ramaswamy,Christie,Suarez,Haley
0.825865,Trump,Pence,DeSantis,Ramaswamy,Haley,Scott,Youngkin,Elder,Burgum,Hutchinson,Hurd,Suarez,Christie
0.785097,Trump,Ramaswamy,DeSantis,Haley,Scott,Hutchinson,Christie,Elder,Suarez,Hurd,Burgum,Youngkin,Pence
0.812586,Trump,DeSantis,Pence,Hutchinson,Hurd,Haley,Christie,Ramaswamy,Youngkin,Burgum,Scott,Suarez,Elder
1.200697,Ramaswamy,Scott,Trump,Burgum,Haley,DeSantis,Youngkin,Elder,Pence,Suarez,Hutchinson,Hurd,Christie
1.245109,Pence,Christie,Suarez,Youngkin,Haley,Elder,Burgum,DeSantis,Hurd,Hutchinson,Ramaswamy,Scott,Trump
2.040183,Trump,DeSantis,Christie,Haley,Elder,Ramaswamy,Scott,Burgum,Suarez,Hurd,Youngkin,Hutchinson,Pence
0.839247,Trump,Pence,Scott,Hurd,Burgum,Haley,Ramaswamy,Suarez,Hutchinson,Elder,DeSantis,Youngkin,Christie
0.792237,Trump,Ramaswamy,DeSantis,Pence,Haley,Hutchinson,Scott,Elder,Youngkin,Suarez,Hurd,Burgum,Christie
0.812586,Trump,DeSantis,Pence,Hutchinson,Hurd,Haley,Christie,Ramaswamy,Youngkin,Burgum,Scott,Suarez,Elder
1.180376,DeSantis,Trump,Youngkin,Haley,Scott,Ramaswamy,Burgum,Suarez,Hurd,Hutchinson,Elder,Pence,Christie
0.976275,Trump,Ramaswamy,DeSantis,Pence,Christie,Scott,Hutchinson,Youngkin,Elder,Hurd,Haley,Burgum,Suarez
0.839247,Trump,Pence,Scott,Hurd,Burgum,Haley,Ramaswamy,Suarez,Hutchinson,Elder,DeSantis,Youngkin,Christie
0.709101,Trump,DeSantis,Pence,Haley,Ramaswamy,Hurd,Suarez,Youngkin,Scott,Elder,Christie,Hutchinson,Burgum
1.018243,Trump,DeSantis,Ramaswamy,Burgum,Hutchinson,Hurd,Youngkin,Suarez,Elder,Scott,Haley,Christie,Pence
0.564481,DeSantis,Youngkin,Christie,Haley,Burgum,Scott,Hurd,Elder,Hutchinson,Suarez,Ramaswamy,Pence,Trump
1.084045,Ramaswamy,Trump,Scott,Elder,DeSantis,Hurd,Haley,Burgum,Hutchinson,Suarez,Youngkin,Pence,Christie
1.049608,Ramaswamy,Scott,Pence,DeSantis,Haley,Christie,Youngkin,Hutchinson,Elder,Suarez,Burgum,Hurd,Trump
1.049608,Haley,Scott,DeSantis,Ramaswamy,Pence,Christie,Trump,Burgum,Hutchinson,Suarez,Elder,Hurd,Youngkin
0.929519,DeSantis,Trump,Ramaswamy,Youngkin,Scott,Burgum,Pence,Elder,Hutchinson,Suarez,Hurd,Haley,Christie
0.603219,Trump,Ramaswamy,DeSantis,Haley,Scott,Elder,Hurd,Suarez,Burgum,Hutchinson,Youngkin,Pence,Christie
0.972281,Hurd,Burgum,Hutchinson,Youngkin,Haley,Elder,Christie,Pence,DeSantis,Ramaswamy,Scott,Suarez,Trump
0.466606,Trump,DeSantis,Scott,Ramaswamy,Burgum,Haley,Hurd,Youngkin,Elder,Christie,Pence,Hutchinson,Suarez
1.084045,Ramaswamy,Trump,DeSantis,Scott,Youngkin,Burgum,Hutchinson,Hurd,Suarez,Elder,Haley,Pence,Christie
0.839544,Ramaswamy,DeSantis,Christie,Haley,Hutchinson,Burgum,Suarez,Hurd,Youngkin,Scott,Elder,Pence,Trump
1.478149,Christie,Hutchinson,Haley,Pence,Scott,Elder,Suarez,Youngkin,Hurd,Burgum,Ramaswamy,DeSantis,Trump
0.837753,Trump,Pence,Haley,DeSantis,Scott,Elder,Ramaswamy,Hutchinson,Burgum,Youngkin,Suarez,Hurd,Christie
0.567195,Youngkin,Trump,Scott,Haley,Hurd,Christie,Hutchinson,Suarez,Elder,Ramaswamy,Burgum,Pence,DeSantis
0.840329,Trump,Burgum,Elder,Hurd,Ramaswamy,Scott,Youngkin,Pence,Haley,DeSantis,Christie,Suarez,Hutchinson
1.004181,Trump,Ramaswamy,DeSantis,Burgum,Christie,Youngkin,Scott,Suarez,Hutchinson,Elder,Pence,Hurd,Haley
1.219104,Trump,DeSantis,Scott,Haley,Elder,Ramaswamy,Youngkin,Burgum,Hutchinson,Hurd,Suarez,Pence,Christie
1.627319,Scott,Haley,Pence,Hutchinson,Burgum,Youngkin,Christie,Hurd,Elder,DeSantis,Suarez,Ramaswamy,Trump
1.017577,Trump,Ramaswamy,Haley,Burgum,Suarez,Christie,Elder,Hurd,Pence,Scott,DeSantis,Hutchinson,Youngkin
1.132141,Trump,Pence,Ramaswamy,Christie,Burgum,Scott,Hurd,Youngkin,Elder,Hutchinson,Haley,Suarez,DeSantis
0.929519,Trump,DeSantis,Scott,Hutchinson,Ramaswamy,Elder,Hurd,Suarez,Burgum,Youngkin,Haley,Pence,Christie
0.56361,Trump,Haley,DeSantis,Elder,Christie,Hutchinson,Suarez,Hurd,Burgum,Ramaswamy,Scott,Youngkin,Pence
1.002609,Christie,Haley,Pence,Suarez,Hurd,Youngkin,Elder,Hutchinson,Burgum,DeSantis,Scott,Trump,Ramaswamy
1.481912,Trump,Ramaswamy,Haley,Christie,DeSantis,Burgum,Pence,Scott,Suarez,Hurd,Youngkin,Elder,Hutchinson
0.718335,Trump,Scott,Elder,DeSantis,Suarez,Burgum,Hurd,Ramaswamy,Youngkin,Pence,Christie,Haley,Hutchinson
1.559977,Trump,Ramaswamy,DeSantis,Scott,Haley,Elder,Youngkin,Hutchinson,Burgum,Hurd,Suarez,Pence,Christie
0.968363,Pence,DeSantis,Trump,Haley,Ramaswamy,Suarez,Scott,Youngkin,Christie,Hutchinson,Elder,Burgum,Hurd
0.854785,Pence,DeSantis,Christie,Ramaswamy,Haley,Elder,Scott,Hutchinson,Burgum,Suarez,Hurd,Youngkin,Trump
0.65782,Trump,Haley,Scott,DeSantis,Youngkin,Burgum,Christie,Hurd,Ramaswamy,Elder,Suarez,Hutchinson,Pence
1.132141,Ramaswamy,DeSantis,Trump,Scott,Haley,Pence,Burgum,Hutchinson,Elder,Christie,Hurd,Youngkin,Suarez
1.278245,Trump,Youngkin,Scott,DeSantis,Haley,Ramaswamy,Pence,Burgum,Hurd,Elder,Christie,Hutchinson,Suarez
0.901839,Trump,Pence,Ramaswamy,DeSantis,Hurd,Christie,Burgum,Youngkin,Scott,Suarez,Elder,Haley,Hutchinson
0.963428,Haley,Suarez,Pence,Hutchinson,Ramaswamy,Hurd,Burgum,Elder,Youngkin,Scott,Christie,DeSantis,Trump
1.312363,Trump,Pence,DeSantis,Christie,Ramaswamy,Elder,Hurd,Burgum,Scott,Youngkin,Hutchinson,Suarez,Haley
0.79963,Trump,Ramaswamy,Christie,Pence,Suarez,Scott,Youngkin,Burgum,Elder,Haley,Hutchinson,Hurd,DeSantis
1.218747,Trump,DeSantis,Burgum,Scott,Haley,Ramaswamy,Youngkin,Elder,Suarez,Hutchinson,Hurd,Pence,Christie
1.247329,Scott,Youngkin,Elder,Hutchinson,Burgum,Hurd,Christie,Haley,Pence,Trump,DeSantis,Suarez,Ramaswamy
0.899895,Trump,Ramaswamy,Scott,Elder,Youngkin,Haley,DeSantis,Hutchinson,Burgum,Suarez,Hurd,Pence,Christie
0.735939,Christie,Pence,Hutchinson,Youngkin,Scott,Ramaswamy,Hurd,Burgum,Elder,Haley,Suarez,DeSantis,Trump
1.079307,Trump,Ramaswamy,Pence,Haley,Scott,Elder,Suarez,Hutchinson,Burgum,Youngkin,Hurd,DeSantis,Christie
0.56361,Ramaswamy,Trump,DeSantis,Haley,Scott,Youngkin,Elder,Burgum,Hurd,Hutchinson,Christie,Suarez,Pence
1.068725,Trump,Pence,DeSantis,Christie,Burgum,Youngkin,Hurd,Scott,Ramaswamy,Suarez,Hutchinson,Haley,Elder
0.761663,DeSantis,Youngkin,Haley,Pence,Scott,Christie,Burgum,Trump,Hutchinson,Hurd,Elder,Suarez,Ramaswamy
1.314392,Haley,Trump,DeSantis,Burgum,Pence,Christie,Scott,Youngkin,Hutchinson,Hurd,Ramaswamy,Suarez,Elder
0.879255,Trump,DeSantis,Ramaswamy,Youngkin,Suarez,Christie,Scott,Burgum,Elder,Pence,Hurd,Hutchinson,Haley
0.660157,Trump,Ramaswamy,DeSantis,Haley,Scott,Elder,Pence,Hutchinson,Hurd,Christie,Youngkin,Suarez,Burgum
0.901839,Trump,Ramaswamy,Pence,DeSantis,Suarez,Burgum,Hutchinson,Hurd,Youngkin,Christie,Scott,Elder,Haley
0.875626,Ramaswamy,Christie,Haley,Pence,Hurd,Scott,Elder,DeSantis,Youngkin,Trump,Hutchinson,Burgum,Suarez
1.103789,Trump,DeSantis,Scott,Haley,Elder,Hutchinson,Youngkin,Burgum,Hurd,Suarez,Ramaswamy,Christie,Pence
0.606725,Trump,DeSantis,Ramaswamy,Elder,Scott,Christie,Hurd,Youngkin,Haley,Suarez,Hutchinson,Burgum,Pence
0.81823,Hutchinson,Haley,Burgum,Youngkin,Christie,Ramaswamy,Scott,Pence,Suarez,Elder,Hurd,DeSantis,Trump
1.559977,Trump,Ramaswamy,DeSantis,Scott,Haley,Elder,Youngkin,Hutchinson,Burgum,Hurd,Suarez,Pence,Christie
1.261425,Trump,Christie,DeSantis,Haley,Pence,Burgum,Scott,Hutchinson,Elder,Hurd,Youngkin,Suarez,Ramaswamy
1.122006,Trump,Scott,Haley,Ramaswamy,DeSantis,Pence,Christie,Burgum,Youngkin,Hurd,Suarez,Hutchinson,Elder
0.603219,Trump,Ramaswamy,DeSantis,Haley,Scott,Elder,Hurd,Suarez,Burgum,Hutchinson,Youngkin,Pence,Christie
0.827631,Trump,DeSantis,Scott,Haley,Ramaswamy,Christie,Elder,Pence,Burgum,Youngkin,Hutchinson,Suarez,Hurd
0.901839,Trump,Ramaswamy,Pence,DeSantis,Suarez,Burgum,Hutchinson,Hurd,Youngkin,Christie,Scott,Elder,Haley
0.846648,Trump,Ramaswamy,Pence,DeSantis,Christie,Burgum,Scott,Haley,Hutchinson,Youngkin,Suarez,Hurd,Elder
2.040183,Ramaswamy,DeSantis,Trump,Pence,Hurd,Hutchinson,Elder,Burgum,Scott,Suarez,Haley,Youngkin,Christie
1.217557,Christie,Haley,Hutchinson,Youngkin,Burgum,Hurd,Elder,Scott,Suarez,Pence,DeSantis,Ramaswamy,Trump
2.132521,Christie,Hutchinson,Haley,Pence,Hurd,Elder,Suarez,Burgum,Youngkin,Scott,Ramaswamy,DeSantis,Trump
1.117221,Haley,Pence,Elder,Ramaswamy,DeSantis,Burgum,Hutchinson,Hurd,Suarez,Youngkin,Scott,Christie,Trump
0.741903,Ramaswamy,Christie,Elder,Youngkin,DeSantis,Burgum,Haley,Scott,Hurd,Pence,Suarez,Hutchinson,Trump
0.917571,Trump,Ramaswamy,DeSantis,Elder,Youngkin,Hutchinson,Haley,Suarez,Hurd,Pence,Burgum,Scott,Christie
1.18741,Ramaswamy,Scott,Haley,Pence,Burgum,Hurd,Suarez,Hutchinson,Christie,Youngkin,Elder,DeSantis,Trump
0.792237,Trump,DeSantis,Scott,Ramaswamy,Elder,Youngkin,Christie,Burgum,Pence,Suarez,Hurd,Hutchinson,Haley
0.587057,Elder,Scott,Youngkin,Suarez,Ramaswamy,Haley,Hurd,Hutchinson,Burgum,Christie,Pence,DeSantis,Trump
1.669118,Trump,DeSantis,Youngkin,Pence,Hurd,Elder,Hutchinson,Suarez,Ramaswamy,Haley,Christie,Scott,Burgum
1.036417,Hurd,Christie,Haley,Pence,Suarez,Youngkin,Hutchinson,Burgum,Scott,Ramaswamy,DeSantis,Elder,Trump
1.488257,DeSantis,Ramaswamy,Pence,Hutchinson,Haley,Christie,Trump,Scott,Suarez,Elder,Burgum,Hurd,Youngkin
0.805183,Trump,DeSantis,Haley,Scott,Ramaswamy,Pence,Burgum,Elder,Youngkin,Christie,Hutchinson,Suarez,Hurd
0.488072,Trump,Pence,Ramaswamy,DeSantis,Elder,Hurd,Youngkin,Suarez,Burgum,Hutchinson,Scott,Haley,Christie
0.672156,Trump,Pence,DeSantis,Christie,Haley,Youngkin,Ramaswamy,Burgum,Scott,Hurd,Hutchinson,Suarez,Elder
0.798657,Trump,Ramaswamy,DeSantis,Scott,Burgum,Christie,Elder,Hurd,Youngkin,Haley,Suarez,Hutchinson,Pence
0.612993,Trump,DeSantis,Pence,Ramaswamy,Christie,Haley,Scott,Burgum,Elder,Hutchinson,Suarez,Hurd,Youngkin
1.112621,Trump,DeSantis,Ramaswamy,Haley,Scott,Pence,Hurd,Youngkin,Elder,Christie,Burgum,Hutchinson,Suarez
0.968735,Trump,DeSantis,Ramaswamy,Hutchinson,Burgum,Hurd,Scott,Elder,Youngkin,Haley,Suarez,Christie,Pence
0.901839,Trump,Pence,Ramaswamy,DeSantis,Hurd,Christie,Burgum,Youngkin,Scott,Suarez,Elder,Haley,Hutchinson
0.612993,Trump,Ramaswamy,DeSantis,Christie,Pence,Haley,Hutchinson,Burgum,Elder,Suarez,Scott,Youngkin,Hurd
1.117221,Trump,DeSantis,Ramaswamy,Haley,Youngkin,Christie,Elder,Burgum,Hutchinson,Suarez,Hurd,Scott,Pence
0.970759,Christie,Hutchinson,Burgum,Hurd,Youngkin,Elder,Haley,Scott,Ramaswamy,DeSantis,Pence,Trump,Suarez
0.861664,Ramaswamy,Christie,Haley,Scott,Elder,Burgum,Hutchinson,Youngkin,Suarez,Hurd,Pence,DeSantis,Trump
0.672156,Ramaswamy,Trump,Elder,Suarez,Hutchinson,Scott,Hurd,Burgum,Haley,Youngkin,Christie,DeSantis,Pence
1.068725,Trump,Pence,DeSantis,Christie,Burgum,Youngkin,Hurd,Scott,Ramaswamy,Suarez,Hutchinson,Haley,Elder
1.188226,Pence,Ramaswamy,Trump,Haley,Scott,Christie,Elder,Burgum,Hurd,Suarez,Youngkin,Hutchinson,DeSantis
2.313415,Trump,DeSantis,Ramaswamy,Burgum,Haley,Hutchinson,Scott,Youngkin,Pence,Hurd,Suarez,Elder,Christie
0.888483,Trump,Ramaswamy,Elder,Youngkin,Hutchinson,Suarez,Scott,Hurd,Burgum,Pence,DeSantis,Haley,Christie
0.710658,Trump,Ramaswamy,Pence,Elder,Haley,Scott,Burgum,Hutchinson,Hurd,Christie,Youngkin,Suarez,DeSantis
0.91927,DeSantis,Ramaswamy,Pence,Trump,Youngkin,Christie,Burgum,Scott,Hurd,Hutchinson,Suarez,Elder,Haley
1.219104,DeSantis,Trump,Ramaswamy,Haley,Scott,Elder,Youngkin,Pence,Suarez,Burgum,Hurd,Christie,Hutchinson
0.539873,DeSantis,Trump,Burgum,Elder,Youngkin,Hurd,Christie,Scott,Ramaswamy,Pence,Suarez,Haley,Hutchinson
1.398904,Trump,Ramaswamy,Haley,Pence,DeSantis,Elder,Scott,Christie,Youngkin,Burgum,Hutchinson,Suarez,Hurd
1.180031,Trump,DeSantis,Ramaswamy,Pence,Christie,Scott,Elder,Hutchinson,Hurd,Haley,Burgum,Suarez,Youngkin
1.084801,Trump,DeSantis,Haley,Burgum,Scott,Ramaswamy,Youngkin,Pence,Christie,Suarez,Elder,Hurd,Hutchinson
1.084801,Ramaswamy,Haley,Christie,Burgum,Hutchinson,Elder,Scott,Pence,DeSantis,Youngkin,Hurd,Suarez,Trump
