weight,rank1,rank2,rank3,rank4,rank5,rank6,rank7,rank8,rank9,rank10,rank11,rank12,rank13
0.826713,Trump,DeSantis,Haley,Ramaswamy,Scott,Pence,Elder,Hurd,Burgum,Hutchinson,Youngkin,Suarez,Christie
0.886527,Trump,Pence,Christie,Haley,DeSantis,Scott,Youngkin,Hurd,Elder,Burgum,Hutchinson,Ramaswamy,Suarez
0.899895,Trump,DeSantis,Haley,Scott,Pence,Youngkin,Ramaswamy,Elder,Burgum,Suarez,Hutchinson,Hurd,Christie
1.968129,Trump,Haley,DeSantis,Scott,Burgum,Christie,Elder,Ramaswamy,Hurd,Youngkin,Hutchinson,Suarez,Pence
0.947572,Trump,DeSantis,Scott,Pence,Haley,Youngkin,Elder,Hurd,Burgum,Hutchinson,Ramaswamy,Christie,Suarez
0.949777,Trump,DeSantis,Burgum,Scott,Elder,Hurd,Youngkin,Haley,Hutchinson,Suarez,Ramaswamy,Pence,Christie
0.992095,Trump,Pence,Christie,Ramaswamy,Hutchinson,Haley,Scott,DeSantis,Elder,Hurd,Suarez,Youngkin,Burgum
1.249847,Trump,Pence,Ramaswamy,Youngkin,DeSantis,Elder,Hutchinson,Suarez,Hurd,Haley,Christie,Burgum,Scott
0.87319,Christie,Scott,Elder,Burgum,Hutchinson,Hurd,Youngkin,DeSantis,Ramaswamy,Suarez,Haley,Pence,Trump
0.970759,Trump,DeSantis,Ramaswamy,Youngkin,Haley,Burgum,Scott,Hutchinson,Elder,Christie,Hurd,Suarez,Pence
0.690412,DeSantis,Scott,Youngkin,Haley,Trump,Ramaswamy,Hutchinson,Burgum,Elder,Suarez,Hurd,Christie,Pence
0.996977,Trump,Christie,Haley,Scott,DeSantis,Elder,Suarez,Hurd,Hutchinson,Youngkin,Burgum,Ramaswamy,Pence
1.696369,Trump,DeSantis,Ramaswamy,Scott,Youngkin,Suarez,Hutchinson,Burgum,Hurd,Elder,Christie,Haley,Pence
1.134561,Haley,Christie,Ramaswamy,Pence,Trump,Hurd,Hutchinson,Youngkin,Burgum,Suarez,Scott,Elder,DeSantis
0.839247,Trump,Pence,Scott,Hurd,Burgum,Haley,Ramaswamy,Suarez,Hutchinson,Elder,DeSantis,Youngkin,Christie
0.886527,Trump,Ramaswamy,Haley,DeSantis,Pence,Youngkin,Hutchinson,Elder,Suarez,Hurd,Burgum,Scott,Christie
1.004181,Trump,Ramaswamy,Scott,Burgum,Hutchinson,Christie,Youngkin,DeSantis,Elder,Haley,Suarez,Hurd,Pence
0.660172,DeSantis,Ramaswamy,Haley,Scott,Elder,Hurd,Pence,Hutchinson,Youngkin,Burgum,Christie,Suarez,Trump
0.827631,Trump,Ramaswamy,Hutchinson,Christie,Burgum,Elder,Hurd,Scott,Haley,DeSantis,Suarez,Youngkin,Pence
1.629188,Ramaswamy,Haley,Scott,Pence,Christie,Suarez,Elder,Burgum,Hutchinson,Youngkin,Hurd,DeSantis,Trump
1.73441,Pence,DeSantis,Christie,Burgum,Youngkin,Scott,Hurd,Suarez,Haley,Elder,Ramaswamy,Trump,Hutchinson
0.899549,Ramaswamy,Trump,Hutchinson,Elder,Suarez,Youngkin,Burgum,Christie,Scott,Haley,DeSantis,Pence,Hurd
0.800433,Trump,DeSantis,Ramaswamy,Pence,Scott,Elder,Haley,Burgum,Hurd,Youngkin,Christie,Hutchinson,Suarez
0.991915,Elder,Suarez,Burgum,Hurd,Youngkin,Scott,Hutchinson,Haley,Ramaswamy,Christie,DeSantis,Trump,Pence
1.218747,Trump,DeSantis,Burgum,Scott,Haley,Ramaswamy,Youngkin,Elder,Suarez,Hutchinson,Hurd,Pence,Christie
1.121883,Ramaswamy,Pence,Christie,Haley,Trump,DeSantis,Suarez,Burgum,Hutchinson,Scott,Hurd,Youngkin,Elder
1.023323,DeSantis,Trump,Scott,Christie,Youngkin,Hutchinson,Burgum,Suarez,Haley,Elder,Pence,Hurd,Ramaswamy
1.002609,Christie,Haley,Suarez,Hutchinson,Pence,Burgum,Elder,Youngkin,Hurd,Scott,Ramaswamy,DeSantis,Trump
1.200697,Trump,Haley,DeSantis,Pence,Scott,Christie,Ramaswamy,Hurd,Elder,Burgum,Youngkin,Suarez,Hutchinson
0.916252,Trump,DeSantis,Pence,Hurd,Burgum,Elder,Scott,Hutchinson,Haley,Suarez,Youngkin,Christie,Ramaswamy
1.312363,Trump,Pence,DeSantis,Christie,Ramaswamy,Elder,Hurd,Burgum,Scott,Youngkin,Hutchinson,Suarez,Haley
0.960016,Youngkin,Haley,Christie,Trump,DeSantis,Scott,Pence,Hutchinson,Elder,Burgum,Suarez,Hurd,Ramaswamy
1.253053,Trump,DeSantis,Pence,Haley,Scott,Ramaswamy,Youngkin,Burgum,Elder,Hurd,Suarez,Hutchinson,Christie
0.567195,Youngkin,Trump,Scott,Haley,Hurd,Christie,Hutchinson,Suarez,Elder,Ramaswamy,Burgum,Pence,DeSantis
1.312363,Christie,Haley,Scott,Pence,Youngkin,Hutchinson,Ramaswamy,Elder,Hurd,Suarez,DeSantis,Burgum,Trump
0.741903,Trump,DeSantis,Ramaswamy,Haley,Christie,Scott,Hutchinson,Burgum,Youngkin,Elder,Suarez,Hurd,Pence
0.668479,Trump,DeSantis,Haley,Ramaswamy,Pence,Christie,Burgum,Suarez,Hurd,Elder,Hutchinson,Scott,Youngkin
1.237454,Trump,Pence,Christie,Burgum,Hurd,Scott,Haley,Elder,DeSantis,Youngkin,Suarez,Hutchinson,Ramaswamy
0.773286,Ramaswamy,Hutchinson,Burgum,Youngkin,Suarez,Scott,Hurd,Elder,Pence,Christie,DeSantis,Haley,Trump
0.987831,Trump,Ramaswamy,Haley,Pence,Hutchinson,Elder,Suarez,Christie,Scott,Hurd,Youngkin,DeSantis,Burgum
0.947572,Trump,DeSantis,Scott,Pence,Haley,Youngkin,Elder,Hurd,Burgum,Hutchinson,Ramaswamy,Christie,Suarez
1.188226,Trump,DeSantis,Haley,Pence,Christie,Hutchinson,Elder,Hurd,Ramaswamy,Youngkin,Burgum,Scott,Suarez
0.823768,Trump,Ramaswamy,Haley,Burgum,Christie,Suarez,Pence,Hutchinson,Youngkin,Elder,Scott,Hurd,DeSantis
1.045781,Trump,Ramaswamy,Scott,DeSantis,Haley,Elder,Hurd,Suarez,Hutchinson,Youngkin,Burgum,Pence,Christie
0.720887,Trump,Scott,Ramaswamy,Haley,Elder,Youngkin,DeSantis,Hutchinson,Hurd,Pence,Suarez,Christie,Burgum
0.564615,Trump,DeSantis,Ramaswamy,Pence,Scott,Burgum,Youngkin,Haley,Hurd,Suarez,Elder,Hutchinson,Christie
1.056898,Trump,Haley,DeSantis,Ramaswamy,Scott,Elder,Youngkin,Burgum,Hurd,Suarez,Hutchinson,Pence,Christie
0.798657,Trump,DeSantis,Ramaswamy,Christie,Pence,Haley,Scott,Elder,Burgum,Youngkin,Hurd,Suarez,Hutchinson
0.741903,Pence,Trump,DeSantis,Haley,Christie,Hurd,Ramaswamy,Elder,Scott,Burgum,Youngkin,Suarez,Hutchinson
1.529463,Christie,Scott,Hutchinson,Hurd,DeSantis,Elder,Burgum,Pence,Youngkin,Suarez,Haley,Ramaswamy,Trump
0.63756,Trump,Haley,Hutchinson,Scott,Christie,Youngkin,DeSantis,Pence,Ramaswamy,Elder,Burgum,Hurd,Suarez
1.049608,Haley,Scott,DeSantis,Ramaswamy,Pence,Christie,Trump,Burgum,Hutchinson,Suarez,Elder,Hurd,Youngkin
1.086363,Pence,Christie,Hutchinson,Haley,Elder,Scott,Burgum,Youngkin,Ramaswamy,Suarez,Trump,Hurd,DeSantis
1.04502,Suarez,Haley,Christie,Hutchinson,Elder,Pence,Burgum,Hurd,Scott,Youngkin,DeSantis,Ramaswamy,Trump
1.002609,Trump,Ramaswamy,DeSantis,Hutchinson,Pence,Christie,Haley,Hurd,Elder,Scott,Youngkin,Burgum,Suarez
0.929519,Trump,DeSantis,Scott,Hutchinson,Ramaswamy,Elder,Hurd,Suarez,Burgum,Youngkin,Haley,Pence,Christie
0.564615,Trump,Ramaswamy,Haley,DeSantis,Hurd,Pence,Scott,Christie,Burgum,Youngkin,Hutchinson,Suarez,Elder
0.693567,Trump,DeSantis,Pence,Scott,Hurd,Haley,Youngkin,Hutchinson,Elder,Suarez,Christie,Burgum,Ramaswamy
0.785097,Trump,Ramaswamy,DeSantis,Youngkin,Haley,Hutchinson,Elder,Scott,Hurd,Burgum,Pence,Christie,Suarez
0.867089,DeSantis,Ramaswamy,Trump,Scott,Pence,Elder,Burgum,Youngkin,Hurd,Suarez,Haley,Hutchinson,Christie
0.996977,Trump,Pence,Ramaswamy,Scott,Youngkin,Elder,Hurd,Burgum,Hutchinson,Suarez,Christie,Haley,DeSantis
1.002609,Christie,Haley,Pence,Suarez,Hurd,Youngkin,Elder,Hutchinson,Burgum,DeSantis,Scott,Trump,Ramaswamy
0.851141,Ramaswamy,Trump,Haley,DeSantis,Scott,Elder,Burgum,Hurd,Suarez,Youngkin,Hutchinson,Christie,Pence
1.165203,DeSantis,Haley,Ramaswamy,Pence,Scott,Youngkin,Christie,Burgum,Hurd,Hutchinson,Suarez,Elder,Trump
1.180376,DeSantis,Trump,Ramaswamy,Haley,Scott,Youngkin,Elder,Hutchinson,Suarez,Hurd,Burgum,Christie,Pence
1.120393,Trump,Ramaswamy,Haley,DeSantis,Scott,Burgum,Youngkin,Pence,Christie,Elder,Suarez,Hurd,Hutchinson
0.851323,Ramaswamy,Haley,DeSantis,Christie,Scott,Burgum,Hurd,Pence,Suarez,Hutchinson,Elder,Youngkin,Trump
0.798657,DeSantis,Burgum,Haley,Elder,Youngkin,Hurd,Suarez,Ramaswamy,Christie,Pence,Hutchinson,Scott,Trump
0.690412,Trump,Ramaswamy,DeSantis,Pence,Scott,Elder,Hurd,Haley,Burgum,Suarez,Hutchinson,Christie,Youngkin
0.679403,Christie,Haley,Youngkin,Pence,Burgum,Scott,Elder,Suarez,Hutchinson,Hurd,Ramaswamy,DeSantis,Trump
1.529463,Scott,Ramaswamy,Pence,Elder,Haley,Youngkin,Hurd,Christie,Burgum,Suarez,Hutchinson,DeSantis,Trump
1.245109,DeSantis,Trump,Ramaswamy,Haley,Scott,Burgum,Youngkin,Elder,Pence,Suarez,Hurd,Hutchinson,Christie
0.668479,Trump,Burgum,Elder,Ramaswamy,Youngkin,Scott,DeSantis,Pence,Hutchinson,Haley,Christie,Suarez,Hurd
0.868636,Trump,Ramaswamy,Burgum,Suarez,Haley,Youngkin,Hutchinson,DeSantis,Scott,Hurd,Elder,Pence,Christie
2.313415,Trump,DeSantis,Ramaswamy,Burgum,Haley,Hutchinson,Scott,Youngkin,Pence,Hurd,Suarez,Elder,Christie
0.814982,DeSantis,Trump,Haley,Pence,Scott,Suarez,Elder,Burgum,Hurd,Ramaswamy,Youngkin,Christie,Hutchinson
0.517975,DeSantis,Trump,Christie,Ramaswamy,Hutchinson,Burgum,Youngkin,Pence,Hurd,Suarez,Haley,Scott,Elder
0.767178,Trump,DeSantis,Hutchinson,Suarez,Elder,Scott,Ramaswamy,Christie,Pence,Burgum,Youngkin,Hurd,Haley
1.339645,Scott,Ramaswamy,Haley,Pence,Christie,DeSantis,Hutchinson,Hurd,Suarez,Youngkin,Burgum,Elder,Trump
0.987831,Trump,Ramaswamy,Haley,Pence,Hutchinson,Elder,Suarez,Christie,Scott,Hurd,Youngkin,DeSantis,Burgum
1.796801,DeSantis,Haley,Scott,Ramaswamy,Trump,Youngkin,Burgum,Pence,Christie,Hutchinson,Hurd,Elder,Suarez
0.81114,Pence,Christie,Ramaswamy,Scott,Haley,Hurd,Youngkin,Hutchinson,Suarez,Elder,Burgum,DeSantis,Trump
0.724205,Christie,Haley,Pence,Youngkin,Scott,Suarez,Hutchinson,Hurd,Elder,Burgum,Ramaswamy,DeSantis,Trump
0.681832,Trump,Ramaswamy,DeSantis,Scott,Elder,Youngkin,Burgum,Hurd,Suarez,Hutchinson,Haley,Pence,Christie
1.079307,Trump,Ramaswamy,Pence,Haley,Scott,Elder,Suarez,Hutchinson,Burgum,Youngkin,Hurd,DeSantis,Christie
0.816774,Trump,Ramaswamy,DeSantis,Pence,Elder,Scott,Haley,Hurd,Suarez,Burgum,Christie,Youngkin,Hutchinson
0.968735,Trump,DeSantis,Ramaswamy,Hutchinson,Burgum,Hurd,Scott,Elder,Youngkin,Haley,Suarez,Christie,Pence
1.218747,Trump,Pence,DeSantis,Christie,Scott,Burgum,Suarez,Elder,Youngkin,Hurd,Hutchinson,Haley,Ramaswamy
0.699231,Trump,DeSantis,Pence,Hutchinson,Scott,Burgum,Elder,Christie,Haley,Hurd,Youngkin,Suarez,Ramaswamy
0.819929,Ramaswamy,Trump,Hutchinson,DeSantis,Pence,Scott,Suarez,Elder,Youngkin,Hurd,Burgum,Haley,Christie
0.94326,Ramaswamy,DeSantis,Haley,Trump,Elder,Hutchinson,Scott,Youngkin,Christie,Hurd,Suarez,Burgum,Pence
1.180031,Trump,DeSantis,Ramaswamy,Pence,Christie,Scott,Elder,Hutchinson,Hurd,Haley,Burgum,Suarez,Youngkin
0.672156,Ramaswamy,Trump,Elder,Suarez,Hutchinson,Scott,Hurd,Burgum,Haley,Youngkin,Christie,DeSantis,Pence
0.661349,DeSantis,Ramaswamy,Scott,Suarez,Hutchinson,Hurd,Elder,Burgum,Christie,Youngkin,Haley,Pence,Trump
0.899549,Trump,Haley,Ramaswamy,DeSantis,Youngkin,Burgum,Elder,Scott,Pence,Christie,Hutchinson,Hurd,Suarez
1.122006,Trump,Haley,DeSantis,Youngkin,Burgum,Hurd,Hutchinson,Scott,Suarez,Elder,Pence,Christie,Ramaswamy
0.970759,Hutchinson,Christie,Hurd,Burgum,Pence,Suarez,Haley,Youngkin,Scott,Elder,Ramaswamy,DeSantis,Trump
1.459965,Trump,Ramaswamy,DeSantis,Christie,Burgum,Hurd,Elder,Suarez,Haley,Youngkin,Pence,Hutchinson,Scott
0.650804,Trump,Christie,Ramaswamy,Elder,Burgum,Hurd,DeSantis,Scott,Haley,Youngkin,Suarez,Hutchinson,Pence
0.68511,Pence,Ramaswamy,DeSantis,Hurd,Christie,Elder,Suarez,Burgum,Scott,Haley,Youngkin,Hutchinson,Trump
1.086363,Pence,Christie,Hutchinson,Haley,Elder,Scott,Burgum,Youngkin,Ramaswamy,Suarez,Trump,Hurd,DeSantis
0.73399,Trump,DeSantis,Ramaswamy,Pence,Christie,Haley,Scott,Youngkin,Elder,Hutchinson,Burgum,Suarez,Hurd
1.134561,Haley,Trump,DeSantis,Christie,Youngkin,Pence,Hutchinson,Hurd,Burgum,Ramaswamy,Suarez,Elder,Scott
0.539873,DeSantis,Trump,Burgum,Elder,Youngkin,Hurd,Christie,Scott,Ramaswamy,Pence,Suarez,Haley,Hutchinson
0.932463,Trump,Pence,Youngkin,Hurd,Scott,Burgum,Hutchinson,Elder,Haley,Christie,Suarez,DeSantis,Ramaswamy
0.916252,DeSantis,Haley,Scott,Christie,Ramaswamy,Pence,Burgum,Hutchinson,Hurd,Elder,Suarez,Youngkin,Trump
1.253053,Trump,DeSantis,Pence,Haley,Scott,Ramaswamy,Youngkin,Burgum,Elder,Hurd,Suarez,Hutchinson,Christie
1.045781,Trump,Ramaswamy,Scott,DeSantis,Haley,Elder,Hurd,Suarez,Hutchinson,Youngkin,Burgum,Pence,Christie
1.292548,Christie,Pence,Haley,Scott,Ramaswamy,Burgum,Hutchinson,Hurd,Youngkin,Elder,Suarez,DeSantis,Trump
0.661349,DeSantis,Ramaswamy,Scott,Suarez,Hutchinson,Hurd,Elder,Burgum,Christie,Youngkin,Haley,Pence,Trump
1.014141,Trump,Ramaswamy,Scott,DeSantis,Elder,Youngkin,Pence,Burgum,Hurd,Hutchinson,Suarez,Christie,Haley
1.180376,DeSantis,Trump,Youngkin,Haley,Scott,Ramaswamy,Burgum,Suarez,Hurd,Hutchinson,Elder,Pence,Christie
0.827631,Trump,Ramaswamy,Hutchinson,Christie,Burgum,Elder,Hurd,Scott,Haley,DeSantis,Suarez,Youngkin,Pence
1.533806,Trump,Ramaswamy,DeSantis,Haley,Scott,Christie,Pence,Suarez,Youngkin,Elder,Hurd,Burgum,Hutchinson
1.312363,Christie,Haley,Scott,Pence,Youngkin,Hutchinson,Ramaswamy,Elder,Hurd,Suarez,DeSantis,Burgum,Trump
1.023323,Pence,DeSantis,Scott,Ramaswamy,Trump,Burgum,Haley,Christie,Hutchinson,Youngkin,Hurd,Elder,Suarez
1.332874,Trump,Ramaswamy,Haley,Scott,Burgum,Elder,Hutchinson,DeSantis,Suarez,Youngkin,Pence,Hurd,Christie
0.888483,Trump,Ramaswamy,DeSantis,Haley,Scott,Christie,Burgum,Pence,Elder,Youngkin,Hutchinson,Suarez,Hurd
0.690412,DeSantis,Scott,Youngkin,Haley,Trump,Ramaswamy,Hutchinson,Burgum,Elder,Suarez,Hurd,Christie,Pence
0.627394,Ramaswamy,Pence,Scott,Trump,Haley,DeSantis,Christie,Burgum,Elder,Suarez,Youngkin,Hurd,Hutchinson
0.773286,Christie,Scott,Haley,Elder,Ramaswamy,Hurd,Pence,Youngkin,Hutchinson,Suarez,DeSantis,Trump,Burgum
0.747966,Trump,DeSantis,Scott,Haley,Hurd,Ramaswamy,Hutchinson,Suarez,Elder,Youngkin,Burgum,Pence,Christie
1.188226,Trump,DeSantis,Haley,Pence,Christie,Hutchinson,Elder,Hurd,Ramaswamy,Youngkin,Burgum,Scott,Suarez
0.827631,Trump,DeSantis,Scott,Haley,Ramaswamy,Christie,Elder,Pence,Burgum,Youngkin,Hutchinson,Suarez,Hurd
0.798657,Trump,Scott,Haley,Pence,Burgum,Youngkin,DeSantis,Ramaswamy,Elder,Suarez,Hutchinson,Christie,Hurd
0.81114,Trump,DeSantis,Ramaswamy,Haley,Scott,Pence,Youngkin,Burgum,Hutchinson,Christie,Elder,Hurd,Suarez
1.312363,Trump,Pence,DeSantis,Christie,Ramaswamy,Elder,Hurd,Burgum,Scott,Youngkin,Hutchinson,Suarez,Haley
1.084045,Ramaswamy,Trump,Scott,Elder,DeSantis,Hurd,Haley,Burgum,Hutchinson,Suarez,Youngkin,Pence,Christie
1.200697,Pence,Haley,Scott,DeSantis,Hutchinson,Burgum,Elder,Youngkin,Suarez,Trump,Hurd,Christie,Ramaswamy
0.929519,Trump,DeSantis,Scott,Hutchinson,Ramaswamy,Elder,Hurd,Suarez,Burgum,Youngkin,Haley,Pence,Christie
0.839544,Ramaswamy,Haley,Pence,Scott,Elder,Hurd,Suarez,Youngkin,Hutchinson,Burgum,Christie,DeSantis,Trump
0.996977,Trump,DeSantis,Haley,Ramaswamy,Burgum,Hutchinson,Suarez,Elder,Pence,Hurd,Christie,Scott,Youngkin
0.577422,Haley,Elder,Trump,Suarez,DeSantis,Pence,Youngkin,Burgum,Scott,Hutchinson,Ramaswamy,Hurd,Christie
0.687217,Trump,Ramaswamy,DeSantis,Haley,Scott,Pence,Suarez,Youngkin,Burgum,Hutchinson,Elder,Christie,Hurd
1.200697,Ramaswamy,Scott,Trump,Burgum,Haley,DeSantis,Youngkin,Elder,Pence,Suarez,Hutchinson,Hurd,Christie
0.792237,DeSantis,Haley,Youngkin,Pence,Scott,Suarez,Ramaswamy,Elder,Hurd,Hutchinson,Burgum,Trump,Christie
0.92613,Ramaswamy,DeSantis,Pence,Hurd,Haley,Youngkin,Hutchinson,Suarez,Burgum,Trump,Elder,Scott,Christie
0.718335,Christie,Pence,Haley,Suarez,Burgum,DeSantis,Scott,Elder,Hurd,Hutchinson,Youngkin,Ramaswamy,Trump
0.904612,DeSantis,Haley,Ramaswamy,Pence,Hutchinson,Christie,Youngkin,Burgum,Scott,Trump,Elder,Hurd,Suarez
0.724205,Trump,Ramaswamy,DeSantis,Scott,Burgum,Haley,Youngkin,Elder,Hurd,Suarez,Hutchinson,Pence,Christie
1.696369,Trump,DeSantis,Ramaswamy,Scott,Youngkin,Suarez,Hutchinson,Burgum,Hurd,Elder,Christie,Haley,Pence
0.636425,Trump,DeSantis,Pence,Haley,Christie,Youngkin,Ramaswamy,Hurd,Burgum,Scott,Suarez,Elder,Hutchinson
1.049608,Trump,Ramaswamy,Scott,Haley,Elder,DeSantis,Pence,Burgum,Hurd,Youngkin,Hutchinson,Christie,Suarez
0.991915,Ramaswamy,Christie,Scott,Burgum,Hutchinson,Hurd,Youngkin,Haley,Suarez,Elder,Pence,DeSantis,Trump
1.627319,Trump,DeSantis,Scott,Haley,Pence,Elder,Hutchinson,Youngkin,Burgum,Hurd,Suarez,Christie,Ramaswamy
0.65782,Ramaswamy,Haley,Hutchinson,Pence,Youngkin,Burgum,Elder,Suarez,Hurd,Christie,Scott,DeSantis,Trump
0.660172,DeSantis,Pence,Ramaswamy,Scott,Suarez,Hutchinson,Hurd,Elder,Christie,Haley,Youngkin,Burgum,Trump
0.621594,Trump,Hurd,Elder,Christie,Pence,Hutchinson,Haley,Youngkin,Burgum,DeSantis,Scott,Suarez,Ramaswamy
0.854256,Trump,Ramaswamy,DeSantis,Haley,Youngkin,Scott,Suarez,Elder,Hurd,Hutchinson,Burgum,Christie,Pence
0.73399,Haley,Christie,Suarez,Youngkin,Burgum,Elder,Hutchinson,Ramaswamy,Scott,Hurd,Pence,DeSantis,Trump
0.79963,Trump,Ramaswamy,Christie,Pence,Suarez,Scott,Youngkin,Burgum,Elder,Haley,Hutchinson,Hurd,DeSantis
1.144161,DeSantis,Ramaswamy,Haley,Trump,Scott,Burgum,Christie,Hutchinson,Youngkin,Elder,Hurd,Pence,Suarez
0.929519,Christie,Haley,Ramaswamy,DeSantis,Scott,Pence,Youngkin,Burgum,Hutchinson,Suarez,Hurd,Elder,Trump
0.79963,Haley,DeSantis,Pence,Burgum,Christie,Scott,Ramaswamy,Hurd,Hutchinson,Youngkin,Elder,Suarez,Trump
1.018243,Trump,DeSantis,Ramaswamy,Burgum,Hutchinson,Hurd,Youngkin,Suarez,Elder,Scott,Haley,Christie,Pence
1.533806,Trump,Ramaswamy,DeSantis,Haley,Scott,Christie,Pence,Suarez,Youngkin,Elder,Hurd,Burgum,Hutchinson
0.970759,Christie,Hutchinson,Burgum,Hurd,Youngkin,Elder,Haley,Scott,Ramaswamy,DeSantis,Pence,Trump,Suarez
1.018243,Trump,DeSantis,Ramaswamy,Burgum,Hutchinson,Hurd,Youngkin,Suarez,Elder,Scott,Haley,Christie,Pence
1.81136,Trump,DeSantis,Haley,Pence,Youngkin,Suarez,Burgum,Scott,Elder,Hurd,Christie,Hutchinson,Ramaswamy
0.970759,Trump,Ramaswamy,DeSantis,Scott,Elder,Hutchinson,Hurd,Pence,Youngkin,Burgum,Christie,Suarez,Haley
1.121883,Trump,DeSantis,Scott,Haley,Elder,Ramaswamy,Burgum,Suarez,Pence,Hurd,Youngkin,Hutchinson,Christie
0.819929,Ramaswamy,Trump,DeSantis,Haley,Christie,Pence,Scott,Hurd,Suarez,Youngkin,Elder,Hutchinson,Burgum
0.899895,Trump,Ramaswamy,Scott,Elder,Youngkin,Haley,DeSantis,Hutchinson,Burgum,Suarez,Hurd,Pence,Christie
0.724205,Christie,Haley,Pence,Youngkin,Scott,Suarez,Hutchinson,Hurd,Elder,Burgum,Ramaswamy,DeSantis,Trump
1.379506,Trump,DeSantis,Ramaswamy,Scott,Elder,Haley,Hutchinson,Burgum,Youngkin,Hurd,Suarez,Pence,Christie
0.719616,DeSantis,Trump,Ramaswamy,Haley,Christie,Scott,Burgum,Elder,Hurd,Suarez,Youngkin,Hutchinson,Pence
0.798657,Trump,Scott,Haley,Pence,Burgum,Youngkin,DeSantis,Ramaswamy,Elder,Suarez,Hutchinson,Christie,Hurd
0.868636,Trump,Ramaswamy,Pence,Scott,Suarez,Burgum,Hurd,DeSantis,Youngkin,Christie,Elder,Hutchinson,Haley
1.180031,Trump,DeSantis,Ramaswamy,Pence,Christie,Scott,Elder,Hutchinson,Hurd,Haley,Burgum,Suarez,Youngkin
0.867089,Youngkin,DeSantis,Trump,Haley,Scott,Ramaswamy,Christie,Pence,Burgum,Suarez,Elder,Hurd,Hutchinson
1.158692,Hutchinson,Christie,Hurd,Burgum,Pence,Scott,Haley,Suarez,Youngkin,Elder,DeSantis,Ramaswamy,Trump
0.854256,Trump,DeSantis,Youngkin,Ramaswamy,Haley,Scott,Burgum,Pence,Elder,Hutchinson,Hurd,Suarez,Christie
0.64247,Trump,Haley,Suarez,Elder,Pence,Scott,Hutchinson,DeSantis,Hurd,Christie,Youngkin,Burgum,Ramaswamy
1.207837,Ramaswamy,DeSantis,Trump,Scott,Pence,Youngkin,Hutchinson,Haley,Elder,Christie,Hurd,Suarez,Burgum
1.376605,Christie,Haley,Hutchinson,Scott,DeSantis,Burgum,Elder,Suarez,Hurd,Youngkin,Pence,Ramaswamy,Trump
0.930194,Trump,Elder,DeSantis,Haley,Burgum,Suarez,Hurd,Ramaswamy,Hutchinson,Christie,Youngkin,Scott,Pence
1.679312,Trump,DeSantis,Haley,Ramaswamy,Pence,Hurd,Youngkin,Hutchinson,Burgum,Suarez,Elder,Scott,Christie
1.069759,Trump,Ramaswamy,Youngkin,DeSantis,Scott,Haley,Burgum,Pence,Hurd,Suarez,Hutchinson,Christie,Elder
0.73399,Haley,Christie,Suarez,Youngkin,Burgum,Elder,Hutchinson,Ramaswamy,Scott,Hurd,Pence,DeSantis,Trump
1.420777,Haley,DeSantis,Youngkin,Scott,Elder,Ramaswamy,Trump,Pence,Christie,Burgum,Hutchinson,Hurd,Suarez
0.767178,Pence,Haley,Elder,Scott,Burgum,Hurd,Christie,Youngkin,DeSantis,Suarez,Ramaswamy,Hutchinson,Trump
1.002609,Trump,Scott,Haley,DeSantis,Ramaswamy,Pence,Christie,Elder,Youngkin,Hutchinson,Suarez,Hurd,Burgum
0.639186,Pence,Scott,Haley,Ramaswamy,DeSantis,Trump,Burgum,Youngkin,Suarez,Elder,Hurd,Hutchinson,Christie
1.188226,Trump,DeSantis,Haley,Pence,Christie,Hutchinson,Elder,Hurd,Ramaswamy,Youngkin,Burgum,Scott,Suarez
0.932822,Trump,Ramaswamy,DeSantis,Scott,Burgum,Youngkin,Haley,Hurd,Suarez,Elder,Christie,Pence,Hutchinson
0.640195,Trump,DeSantis,Pence,Scott,Haley,Ramaswamy,Christie,Hurd,Elder,Hutchinson,Burgum,Suarez,Youngkin
0.903189,Haley,Pence,Ramaswamy,Scott,Elder,Suarez,Youngkin,Burgum,DeSantis,Christie,Hurd,Hutchinson,Trump
1.312363,Trump,DeSantis,Haley,Pence,Ramaswamy,Scott,Youngkin,Elder,Hutchinson,Burgum,Hurd,Suarez,Christie
0.851323,Trump,Ramaswamy,Christie,Youngkin,Haley,Pence,Elder,Hurd,Scott,Hutchinson,DeSantis,Burgum,Suarez
1.132141,Trump,Ramaswamy,Haley,Hutchinson,Scott,Hurd,Christie,DeSantis,Burgum,Youngkin,Pence,Suarez,Elder
0.773286,Christie,Scott,Haley,Elder,Ramaswamy,Hurd,Pence,Youngkin,Hutchinson,Suarez,DeSantis,Trump,Burgum
0.996977,DeSantis,Pence,Ramaswamy,Haley,Youngkin,Burgum,Scott,Elder,Suarez,Hurd,Hutchinson,Trump,Christie
0.968363,Trump,Ramaswamy,DeSantis,Pence,Christie,Elder,Hurd,Scott,Haley,Hutchinson,Youngkin,Burgum,Suarez
0.970759,Trump,Ramaswamy,Youngkin,DeSantis,Haley,Elder,Scott,Burgum,Hurd,Suarez,Hutchinson,Pence,Christie
0.970759,Trump,Ramaswamy,Youngkin,DeSantis,Haley,Elder,Scott,Burgum,Hurd,Suarez,Hutchinson,Pence,Christie
1.049608,Trump,Ramaswamy,Scott,Haley,Elder,DeSantis,Pence,Burgum,Hurd,Youngkin,Hutchinson,Christie,Suarez
0.839544,Ramaswamy,Haley,Pence,Scott,Elder,Hurd,Suarez,Youngkin,Hutchinson,Burgum,Christie,DeSantis,Trump
0.679403,Christie,Haley,Youngkin,Pence,Burgum,Scott,Elder,Suarez,Hutchinson,Hurd,Ramaswamy,DeSantis,Trump
0.729306,Trump,Haley,Ramaswamy,Pence,Scott,DeSantis,Burgum,Elder,Suarez,Youngkin,Hutchinson,Hurd,Christie
1.129901,Trump,Ramaswamy,Haley,Youngkin,DeSantis,Scott,Elder,Hutchinson,Hurd,Suarez,Burgum,Pence,Christie
0.825865,Ramaswamy,Trump,DeSantis,Christie,Haley,Scott,Burgum,Elder,Hurd,Youngkin,Hutchinson,Pence,Suarez
1.048733,Trump,Ramaswamy,DeSantis,Burgum,Haley,Scott,Pence,Hutchinson,Elder,Suarez,Youngkin,Hurd,Christie
0.879255,Trump,Ramaswamy,Christie,Elder,Haley,Scott,Suarez,Burgum,Hurd,Hutchinson,Youngkin,DeSantis,Pence
0.754843,Haley,Scott,DeSantis,Pence,Hutchinson,Trump,Ramaswamy,Christie,Hurd,Burgum,Youngkin,Suarez,Elder
0.901839,Trump,Ramaswamy,Pence,Scott,Christie,Haley,Elder,Hurd,Suarez,Hutchinson,Burgum,Youngkin,DeSantis
1.18741,DeSantis,Haley,Scott,Trump,Burgum,Ramaswamy,Christie,Pence,Youngkin,Hutchinson,Hurd,Suarez,Elder
1.033456,Trump,Ramaswamy,Haley,DeSantis,Scott,Youngkin,Elder,Burgum,Pence,Hurd,Hutchinson,Suarez,Christie
0.564481,Christie,Pence,Haley,Scott,DeSantis,Elder,Hutchinson,Hurd,Youngkin,Suarez,Burgum,Ramaswamy,Trump
0.857098,Trump,DeSantis,Pence,Christie,Scott,Hurd,Haley,Hutchinson,Burgum,Ramaswamy,Elder,Youngkin,Suarez
0.892157,Christie,Hutchinson,Hurd,Suarez,Youngkin,Elder,Burgum,Scott,Pence,Haley,DeSantis,Ramaswamy,Trump
0.539873,DeSantis,Trump,Burgum,Elder,Youngkin,Hurd,Christie,Scott,Ramaswamy,Pence,Suarez,Haley,Hutchinson
0.708142,Trump,DeSantis,Ramaswamy,Pence,Suarez,Christie,Haley,Scott,Hurd,Hutchinson,Youngkin,Burgum,Elder
0.63756,Trump,Haley,Hutchinson,Scott,Christie,Youngkin,DeSantis,Pence,Ramaswamy,Elder,Burgum,Hurd,Suarez
1.048733,Trump,Ramaswamy,DeSantis,Youngkin,Pence,Christie,Burgum,Hurd,Scott,Suarez,Elder,Hutchinson,Haley
0.960016,Trump,DeSantis,Ramaswamy,Scott,Youngkin,Elder,Haley,Burgum,Christie,Hurd,Hutchinson,Pence,Suarez
0.577422,Haley,Elder,Trump,Suarez,DeSantis,Pence,Youngkin,Burgum,Scott,Hutchinson,Ramaswamy,Hurd,Christie
1.529463,Scott,Ramaswamy,Pence,Elder,Haley,Youngkin,Hurd,Christie,Burgum,Suarez,Hutchinson,DeSantis,Trump
0.63756,Trump,Christie,Ramaswamy,Youngkin,Pence,DeSantis,Hutchinson,Hurd,Elder,Haley,Suarez,Burgum,Scott
1.611159,DeSantis,Trump,Burgum,Ramaswamy,Haley,Pence,Scott,Christie,Youngkin,Hurd,Suarez,Hutchinson,Elder
0.708142,Trump,Ramaswamy,Haley,Pence,Suarez,Christie,Youngkin,DeSantis,Hurd,Scott,Burgum,Hutchinson,Elder
1.101605,Trump,Ramaswamy,DeSantis,Haley,Burgum,Youngkin,Hutchinson,Suarez,Pence,Elder,Hurd,Scott,Christie
0.93342,Trump,Ramaswamy,Elder,Scott,DeSantis,Hurd,Burgum,Youngkin,Suarez,Hutchinson,Haley,Christie,Pence
0.837753,Trump,Ramaswamy,DeSantis,Scott,Christie,Haley,Suarez,Youngkin,Hutchinson,Pence,Burgum,Elder,Hurd
1.372707,Trump,Pence,DeSantis,Haley,Christie,Scott,Burgum,Hurd,Elder,Suarez,Youngkin,Hutchinson,Ramaswamy
0.901839,Trump,Ramaswamy,Haley,Hurd,DeSantis,Scott,Christie,Suarez,Hutchinson,Elder,Youngkin,Pence,Burgum
1.086363,Pence,Christie,Hutchinson,Haley,Elder,Scott,Burgum,Youngkin,Ramaswamy,Suarez,Trump,Hurd,DeSantis
0.779609,Trump,Ramaswamy,Pence,DeSantis,Elder,Suarez,Hutchinson,Scott,Youngkin,Burgum,Hurd,Christie,Haley
1.219104,Trump,DeSantis,Scott,Haley,Elder,Ramaswamy,Youngkin,Burgum,Hutchinson,Hurd,Suarez,Pence,Christie
1.200697,Pence,Haley,Scott,DeSantis,Hutchinson,Burgum,Elder,Youngkin,Suarez,Trump,Hurd,Christie,Ramaswamy
1.332874,Haley,Scott,DeSantis,Youngkin,Christie,Ramaswamy,Burgum,Elder,Hutchinson,Hurd,Suarez,Pence,Trump
1.299495,Haley,DeSantis,Youngkin,Trump,Scott,Burgum,Ramaswamy,Hutchinson,Christie,Pence,Elder,Hurd,Suarez
0.526889,Trump,Ramaswamy,Scott,Hutchinson,Christie,Suarez,Elder,Pence,Youngkin,Haley,Burgum,Hurd,DeSantis
0.779609,Trump,DeSantis,Ramaswamy,Scott,Pence,Haley,Christie,Youngkin,Hutchinson,Elder,Burgum,Suarez,Hurd
0.816774,Trump,Ramaswamy,DeSantis,Pence,Elder,Scott,Haley,Hurd,Suarez,Burgum,Christie,Youngkin,Hutchinson
0.875875,Haley,Scott,Trump,Ramaswamy,Youngkin,Hutchinson,Elder,Suarez,Burgum,Hurd,Christie,Pence,DeSantis
1.205555,Christie,Haley,Hutchinson,Scott,Pence,Burgum,Hurd,Youngkin,Suarez,Elder,DeSantis,Ramaswamy,Trump
0.879255,Trump,DeSantis,Ramaswamy,Youngkin,Suarez,Christie,Scott,Burgum,Elder,Pence,Hurd,Hutchinson,Haley
0.787886,Trump,DeSantis,Suarez,Hurd,Burgum,Pence,Scott,Haley,Elder,Hutchinson,Youngkin,Christie,Ramaswamy
0.785097,Trump,Ramaswamy,DeSantis,Youngkin,Haley,Hutchinson,Elder,Scott,Hurd,Burgum,Pence,Christie,Suarez
1.559977,Trump,DeSantis,Haley,Scott,Hutchinson,Hurd,Youngkin,Suarez,Burgum,Elder,Pence,Christie,Ramaswamy
1.045781,Trump,Ramaswamy,Scott,DeSantis,Haley,Elder,Hurd,Suarez,Hutchinson,Youngkin,Burgum,Pence,Christie
0.786484,Ramaswamy,Trump,DeSantis,Haley,Pence,Hurd,Burgum,Hutchinson,Elder,Scott,Suarez,Christie,Youngkin
1.018243,Trump,DeSantis,Ramaswamy,Burgum,Hutchinson,Hurd,Youngkin,Suarez,Elder,Scott,Haley,Christie,Pence
0.722173,Trump,Ramaswamy,DeSantis,Hutchinson,Hurd,Suarez,Pence,Elder,Christie,Scott,Youngkin,Haley,Burgum
0.968363,Ramaswamy,Scott,Haley,DeSantis,Pence,Christie,Hurd,Burgum,Youngkin,Elder,Suarez,Hutchinson,Trump
0.996977,Trump,Christie,Haley,Scott,DeSantis,Elder,Suarez,Hurd,Hutchinson,Youngkin,Burgum,Ramaswamy,Pence
0.886784,Trump,Ramaswamy,Burgum,Christie,DeSantis,Pence,Scott,Haley,Elder,Suarez,Hutchinson,Youngkin,Hurd
1.219104,Trump,DeSantis,Ramaswamy,Haley,Youngkin,Burgum,Hutchinson,Pence,Scott,Hurd,Elder,Suarez,Christie
1.004181,Trump,Ramaswamy,DeSantis,Burgum,Christie,Youngkin,Scott,Suarez,Hutchinson,Elder,Pence,Hurd,Haley
1.22744,Haley,Scott,Pence,Burgum,Ramaswamy,Hutchinson,Youngkin,Hurd,Elder,Suarez,DeSantis,Christie,Trump
1.165203,DeSantis,Haley,Ramaswamy,Pence,Scott,Youngkin,Christie,Burgum,Hurd,Hutchinson,Suarez,Elder,Trump
1.215652,Trump,DeSantis,Youngkin,Pence,Haley,Ramaswamy,Scott,Burgum,Elder,Hurd,Suarez,Hutchinson,Christie
1.219104,DeSantis,Trump,Ramaswamy,Haley,Scott,Elder,Youngkin,Pence,Suarez,Burgum,Hurd,Christie,Hutchinson
0.517975,DeSantis,Trump,Christie,Ramaswamy,Hutchinson,Burgum,Youngkin,Pence,Hurd,Suarez,Haley,Scott,Elder
1.308647,Haley,Pence,DeSantis,Elder,Youngkin,Christie,Hutchinson,Hurd,Scott,Burgum,Suarez,Trump,Ramaswamy
0.73399,Haley,Christie,Suarez,Youngkin,Burgum,Elder,Hutchinson,Ramaswamy,Scott,Hurd,Pence,DeSantis,Trump
1.219104,Trump,DeSantis,Scott,Haley,Elder,Ramaswamy,Youngkin,Burgum,Hutchinson,Hurd,Suarez,Pence,Christie
1.033456,Haley,Scott,Pence,Christie,Burgum,Trump,Hutchinson,Hurd,Youngkin,Suarez,Elder,Ramaswamy,DeSantis
0.949777,Trump,DeSantis,Burgum,Scott,Elder,Hurd,Youngkin,Haley,Hutchinson,Suarez,Ramaswamy,Pence,Christie
0.875875,Haley,Scott,Trump,Ramaswamy,Youngkin,Hutchinson,Elder,Suarez,Burgum,Hurd,Christie,Pence,DeSantis
1.149689,Trump,DeSantis,Youngkin,Elder,Burgum,Scott,Haley,Suarez,Hutchinson,Hurd,Ramaswamy,Christie,Pence
0.868636,Trump,Pence,Christie,Scott,Youngkin,DeSantis,Hurd,Elder,Haley,Burgum,Hutchinson,Suarez,Ramaswamy
0.996977,Haley,Scott,Christie,Pence,DeSantis,Hutchinson,Burgum,Hurd,Elder,Youngkin,Suarez,Ramaswamy,Trump
1.245109,DeSantis,Trump,Ramaswamy,Haley,Scott,Burgum,Youngkin,Elder,Pence,Suarez,Hurd,Hutchinson,Christie
0.792237,DeSantis,Haley,Youngkin,Pence,Scott,Suarez,Ramaswamy,Elder,Hurd,Hutchinson,Burgum,Trump,Christie
0.819929,Ramaswamy,Trump,Hutchinson,DeSantis,Pence,Scott,Suarez,Elder,Youngkin,Hurd,Burgum,Haley,Christie
1.122006,Trump,Haley,DeSantis,Youngkin,Burgum,Hurd,Hutchinson,Scott,Suarez,Elder,Pence,Christie,Ramaswamy
1.000625,Trump,DeSantis,Haley,Burgum,Scott,Ramaswamy,Pence,Christie,Hutchinson,Youngkin,Hurd,Elder,Suarez
0.917634,Trump,DeSantis,Haley,Ramaswamy,Scott,Elder,Youngkin,Hurd,Hutchinson,Suarez,Burgum,Pence,Christie
0.93342,Trump,Ramaswamy,Elder,Scott,DeSantis,Hurd,Burgum,Youngkin,Suarez,Hutchinson,Haley,Christie,Pence
1.017577,Trump,Ramaswamy,Haley,Burgum,Suarez,Christie,Elder,Hurd,Pence,Scott,DeSantis,Hutchinson,Youngkin
1.317598,Trump,DeSantis,Haley,Scott,Ramaswamy,Pence,Elder,Youngkin,Hutchinson,Burgum,Hurd,Suarez,Christie
1.444802,Haley,Scott,Trump,Youngkin,Ramaswamy,DeSantis,Hutchinson,Pence,Burgum,Suarez,Hurd,Christie,Elder
1.339645,Ramaswamy,Burgum,Haley,Hutchinson,Scott,DeSantis,Trump,Pence,Christie,Youngkin,Hurd,Suarez,Elder
0.719616,Youngkin,Ramaswamy,Haley,Suarez,DeSantis,Hurd,Hutchinson,Elder,Pence,Scott,Christie,Burgum,Trump
0.747966,Trump,DeSantis,Scott,Haley,Hurd,Ramaswamy,Hutchinson,Suarez,Elder,Youngkin,Burgum,Pence,Christie
0.654717,Trump,Ramaswamy,Christie,Scott,Hutchinson,Suarez,Elder,Burgum,Pence,DeSantis,Hurd,Youngkin,Haley
0.819929,Trump,DeSantis,Ramaswamy,Pence,Christie,Scott,Suarez,Youngkin,Hutchinson,Hurd,Burgum,Elder,Haley
1.103789,Trump,DeSantis,Scott,Haley,Elder,Hutchinson,Youngkin,Burgum,Hurd,Suarez,Ramaswamy,Christie,Pence
0.779609,Trump,Ramaswamy,Pence,DeSantis,Elder,Suarez,Hutchinson,Scott,Youngkin,Burgum,Hurd,Christie,Haley
0.888483,Trump,Ramaswamy,Elder,Youngkin,Hutchinson,Suarez,Scott,Hurd,Burgum,Pence,DeSantis,Haley,Christie
1.015766,Pence,Haley,DeSantis,Scott,Burgum,Christie,Elder,Suarez,Youngkin,Hutchinson,Trump,Ramaswamy,Hurd
0.668479,Trump,DeSantis,Haley,Ramaswamy,Pence,Christie,Burgum,Suarez,Hurd,Elder,Hutchinson,Scott,Youngkin
0.773286,Ramaswamy,Hutchinson,Burgum,Youngkin,Suarez,Scott,Hurd,Elder,Pence,Christie,DeSantis,Haley,Trump
1.000625,Hutchinson,Hurd,Scott,Christie,Pence,Burgum,Haley,Youngkin,Elder,Suarez,Ramaswamy,DeSantis,Trump
1.004181,DeSantis,Ramaswamy,Trump,Haley,Scott,Christie,Pence,Burgum,Hurd,Elder,Suarez,Hutchinson,Youngkin
0.879255,Trump,DeSantis,Ramaswamy,Scott,Haley,Burgum,Hurd,Pence,Elder,Hutchinson,Suarez,Youngkin,Christie
1.188447,Haley,DeSantis,Ramaswamy,Burgum,Hurd,Scott,Hutchinson,Elder,Suarez,Youngkin,Christie,Pence,Trump
0.868636,Trump,Pence,Christie,Hurd,DeSantis,Burgum,Scott,Hutchinson,Suarez,Elder,Youngkin,Ramaswamy,Haley
0.787886,Trump,DeSantis,Suarez,Hurd,Burgum,Pence,Scott,Haley,Elder,Hutchinson,Youngkin,Christie,Ramaswamy
1.980981,Christie,Pence,Burgum,Haley,Ramaswamy,Hurd,Elder,Scott,Youngkin,Hutchinson,Suarez,Trump,DeSantis
0.636425,Trump,DeSantis,Pence,Christie,Ramaswamy,Hutchinson,Burgum,Hurd,Youngkin,Haley,Elder,Scott,Suarez
0.741903,Trump,Ramaswamy,Hutchinson,Scott,Hurd,Pence,Christie,Burgum,Elder,Suarez,Youngkin,Haley,DeSantis
0.81114,Pence,Christie,Ramaswamy,Scott,Haley,Hurd,Youngkin,Hutchinson,Suarez,Elder,Burgum,DeSantis,Trump
0.819929,Ramaswamy,Trump,Hutchinson,DeSantis,Pence,Scott,Suarez,Elder,Youngkin,Hurd,Burgum,Haley,Christie
0.892157,Christie,Haley,Hutchinson,Pence,Scott,Hurd,Burgum,Suarez,Trump,DeSantis,Elder,Youngkin,Ramaswamy
1.18741,Ramaswamy,Scott,Haley,Pence,Burgum,Hurd,Suarez,Hutchinson,Christie,Youngkin,Elder,DeSantis,Trump
0.81114,Ramaswamy,Trump,Elder,DeSantis,Haley,Youngkin,Burgum,Scott,Hurd,Suarez,Hutchinson,Pence,Christie
0.899549,Trump,Haley,Ramaswamy,DeSantis,Youngkin,Burgum,Elder,Scott,Pence,Christie,Hutchinson,Hurd,Suarez
0.861664,Ramaswamy,Christie,Haley,Scott,Elder,Burgum,Hutchinson,Youngkin,Suarez,Hurd,Pence,DeSantis,Trump
0.660172,Hurd,Hutchinson,Haley,Scott,Burgum,Christie,Suarez,Elder,Pence,Youngkin,Ramaswamy,DeSantis,Trump
0.708142,Trump,DeSantis,Ramaswamy,Pence,Suarez,Christie,Haley,Scott,Hurd,Hutchinson,Youngkin,Burgum,Elder
1.567187,Trump,Pence,Hurd,DeSantis,Burgum,Elder,Scott,Youngkin,Hutchinson,Ramaswamy,Christie,Suarez,Haley
1.332874,Trump,Ramaswamy,Haley,Scott,Burgum,Elder,Hutchinson,DeSantis,Suarez,Youngkin,Pence,Hurd,Christie
0.904612,DeSantis,Haley,Ramaswamy,Pence,Hutchinson,Christie,Youngkin,Burgum,Scott,Trump,Elder,Hurd,Suarez
0.606725,Trump,Pence,Ramaswamy,Scott,Elder,Christie,Youngkin,Burgum,Hurd,Hutchinson,Suarez,Haley,DeSantis
0.743226,Pence,Ramaswamy,Trump,DeSantis,Christie,Suarez,Hutchinson,Youngkin,Haley,Hurd,Scott,Elder,Burgum
0.722173,Trump,Ramaswamy,DeSantis,Hutchinson,Hurd,Suarez,Pence,Elder,Christie,Scott,Youngkin,Haley,Burgum
1.360419,DeSantis,Ramaswamy,Scott,Youngkin,Trump,Burgum,Haley,Pence,Suarez,Hurd,Hutchinson,Christie,Elder
0.779605,DeSantis,Haley,Trump,Scott,Pence,Ramaswamy,Youngkin,Suarez,Elder,Christie,Hutchinson,Hurd,Burgum
0.851323,Ramaswamy,Haley,DeSantis,Christie,Scott,Burgum,Hurd,Pence,Suarez,Hutchinson,Elder,Youngkin,Trump
0.56361,Christie,Hutchinson,Burgum,Elder,Haley,Hurd,Suarez,Scott,Pence,Youngkin,Ramaswamy,DeSantis,Trump
1.033456,Haley,DeSantis,Scott,Ramaswamy,Pence,Christie,Trump,Elder,Hutchinson,Burgum,Hurd,Youngkin,Suarez
1.18741,DeSantis,Ramaswamy,Christie,Haley,Trump,Scott,Pence,Hutchinson,Suarez,Elder,Hurd,Youngkin,Burgum
1.424811,Ramaswamy,DeSantis,Trump,Elder,Youngkin,Scott,Hutchinson,Suarez,Burgum,Hurd,Pence,Haley,Christie
0.720887,Pence,Ramaswamy,Scott,DeSantis,Haley,Trump,Burgum,Elder,Youngkin,Hurd,Hutchinson,Suarez,Christie
2.220458,Trump,DeSantis,Haley,Ramaswamy,Elder,Scott,Pence,Youngkin,Burgum,Hurd,Suarez,Hutchinson,Christie
1.068725,Trump,DeSantis,Ramaswamy,Elder,Scott,Pence,Hurd,Youngkin,Haley,Hutchinson,Burgum,Christie,Suarez
1.048733,Trump,DeSantis,Christie,Haley,Scott,Ramaswamy,Youngkin,Hutchinson,Burgum,Elder,Hurd,Suarez,Pence
0.868636,Trump,Pence,Christie,Scott,Youngkin,DeSantis,Hurd,Elder,Haley,Burgum,Hutchinson,Suarez,Ramaswamy
1.312363,DeSantis,Trump,Scott,Youngkin,Haley,Pence,Hutchinson,Christie,Elder,Ramaswamy,Hurd,Suarez,Burgum
0.68511,Trump,Pence,Ramaswamy,DeSantis,Suarez,Haley,Burgum,Scott,Youngkin,Christie,Elder,Hurd,Hutchinson
1.205555,Christie,Haley,Hutchinson,Scott,Pence,Burgum,Hurd,Youngkin,Suarez,Elder,DeSantis,Ramaswamy,Trump
1.278271,DeSantis,Scott,Trump,Ramaswamy,Haley,Pence,Hutchinson,Elder,Hurd,Suarez,Youngkin,Burgum,Christie
0.718335,DeSantis,Ramaswamy,Haley,Scott,Pence,Elder,Youngkin,Hurd,Suarez,Burgum,Christie,Hutchinson,Trump
0.567195,Trump,Hurd,Elder,Ramaswamy,Christie,Youngkin,Pence,Hutchinson,Haley,Burgum,Suarez,DeSantis,Scott
1.218747,DeSantis,Trump,Pence,Ramaswamy,Burgum,Christie,Haley,Scott,Elder,Youngkin,Hurd,Hutchinson,Suarez
0.577422,Ramaswamy,DeSantis,Scott,Trump,Haley,Youngkin,Burgum,Pence,Elder,Suarez,Christie,Hutchinson,Hurd
1.292548,Christie,Scott,Pence,Hutchinson,Haley,Burgum,Hurd,Suarez,Elder,Youngkin,Ramaswamy,DeSantis,Trump
0.8662,Trump,DeSantis,Haley,Scott,Ramaswamy,Burgum,Suarez,Youngkin,Hutchinson,Hurd,Elder,Christie,Pence
1.249847,Trump,Pence,Ramaswamy,Youngkin,DeSantis,Elder,Hutchinson,Suarez,Hurd,Haley,Christie,Burgum,Scott
1.122006,Trump,Haley,DeSantis,Youngkin,Burgum,Hurd,Hutchinson,Scott,Suarez,Elder,Pence,Christie,Ramaswamy
0.56361,Christie,Hutchinson,Burgum,Elder,Haley,Hurd,Suarez,Scott,Pence,Youngkin,Ramaswamy,DeSantis,Trump
0.919605,DeSantis,Trump,Pence,Ramaswamy,Elder,Burgum,Scott,Youngkin,Hutchinson,Suarez,Hurd,Haley,Christie
1.129901,Trump,Ramaswamy,Haley,Youngkin,DeSantis,Scott,Elder,Hutchinson,Hurd,Suarez,Burgum,Pence,Christie
1.424811,Haley,Christie,Burgum,Hutchinson,Hurd,Elder,Suarez,Youngkin,Scott,DeSantis,Ramaswamy,Pence,Trump
1.134561,Haley,Christie,Ramaswamy,Pence,Trump,Hurd,Hutchinson,Youngkin,Burgum,Suarez,Scott,Elder,DeSantis
1.04502,Scott,Christie,Trump,Ramaswamy,Haley,Suarez,Youngkin,Hurd,Hutchinson,Pence,Burgum,Elder,DeSantis
1.084045,Trump,Haley,Burgum,DeSantis,Youngkin,Scott,Elder,Suarez,Hutchinson,Ramaswamy,Pence,Hurd,Christie
0.792237,Ramaswamy,Haley,Elder,Youngkin,Hutchinson,Burgum,Christie,Scott,Hurd,DeSantis,Suarez,Trump,Pence
1.261425,Trump,Pence,DeSantis,Elder,Christie,Haley,Ramaswamy,Hurd,Hutchinson,Scott,Suarez,Burgum,Youngkin
1.120393,Trump,Ramaswamy,Haley,DeSantis,Scott,Burgum,Youngkin,Pence,Christie,Elder,Suarez,Hurd,Hutchinson
0.614214,Trump,Scott,Hurd,Pence,Ramaswamy,Suarez,Elder,Haley,Christie,Hutchinson,Youngkin,Burgum,DeSantis
0.624392,Trump,Ramaswamy,Christie,DeSantis,Scott,Suarez,Pence,Haley,Hutchinson,Elder,Hurd,Burgum,Youngkin
1.245109,DeSantis,Trump,Ramaswamy,Haley,Scott,Burgum,Youngkin,Elder,Pence,Suarez,Hurd,Hutchinson,Christie
0.68511,Trump,Pence,Ramaswamy,DeSantis,Suarez,Haley,Burgum,Scott,Youngkin,Christie,Elder,Hurd,Hutchinson
1.134561,Haley,Christie,Ramaswamy,Pence,Trump,Hurd,Hutchinson,Youngkin,Burgum,Suarez,Scott,Elder,DeSantis
0.751381,Trump,Ramaswamy,DeSantis,Scott,Youngkin,Elder,Burgum,Hurd,Haley,Christie,Hutchinson,Suarez,Pence
0.839544,Ramaswamy,DeSantis,Christie,Haley,Hutchinson,Burgum,Suarez,Hurd,Youngkin,Scott,Elder,Pence,Trump
1.205555,Ramaswamy,Pence,DeSantis,Haley,Elder,Burgum,Youngkin,Scott,Suarez,Hutchinson,Hurd,Christie,Trump
0.960016,Trump,Ramaswamy,DeSantis,Haley,Youngkin,Hutchinson,Burgum,Suarez,Hurd,Elder,Scott,Pence,Christie
0.751381,Trump,Ramaswamy,DeSantis,Scott,Youngkin,Elder,Burgum,Hurd,Haley,Christie,Hutchinson,Suarez,Pence
0.767178,Trump,Ramaswamy,Elder,Scott,Burgum,Youngkin,DeSantis,Haley,Suarez,Pence,Hutchinson,Hurd,Christie
1.478149,Ramaswamy,Pence,DeSantis,Scott,Haley,Hurd,Burgum,Suarez,Elder,Hutchinson,Youngkin,Christie,Trump
0.539873,Trump,Ramaswamy,Suarez,DeSantis,Scott,Christie,Hurd,Haley,Elder,Youngkin,Hutchinson,Pence,Burgum
0.93342,Trump,Pence,Hutchinson,Scott,DeSantis,Burgum,Ramaswamy,Elder,Hurd,Youngkin,Christie,Suarez,Haley
0.800433,Trump,DeSantis,Ramaswamy,Pence,Scott,Elder,Haley,Burgum,Hurd,Youngkin,Christie,Hutchinson,Suarez
0.792237,Ramaswamy,Haley,Elder,Youngkin,Hutchinson,Burgum,Christie,Scott,Hurd,DeSantis,Suarez,Trump,Pence
0.614214,Scott,Burgum,Hutchinson,Haley,Christie,Suarez,Youngkin,Hurd,Ramaswamy,Elder,DeSantis,Pence,Trump
1.478149,DeSantis,Trump,Haley,Christie,Burgum,Scott,Ramaswamy,Youngkin,Pence,Hutchinson,Hurd,Elder,Suarez
0.64247,Trump,Haley,Suarez,Elder,Pence,Scott,Hutchinson,DeSantis,Hurd,Christie,Youngkin,Burgum,Ramaswamy
1.000625,Christie,Ramaswamy,Haley,Scott,Elder,Youngkin,Suarez,Pence,Burgum,Hutchinson,Hurd,DeSantis,Trump
0.650804,DeSantis,Trump,Ramaswamy,Pence,Hutchinson,Suarez,Hurd,Haley,Youngkin,Elder,Burgum,Christie,Scott
2.102951,Trump,Haley,DeSantis,Pence,Christie,Ramaswamy,Hurd,Scott,Youngkin,Elder,Hutchinson,Burgum,Suarez
1.339645,Ramaswamy,Burgum,Haley,Hutchinson,Scott,DeSantis,Trump,Pence,Christie,Youngkin,Hurd,Suarez,Elder
0.638382,Trump,Elder,Hutchinson,Burgum,Scott,Youngkin,Hurd,Ramaswamy,Haley,Pence,Christie,DeSantis,Suarez
1.22744,Trump,Pence,DeSantis,Elder,Haley,Youngkin,Scott,Suarez,Hurd,Ramaswamy,Burgum,Hutchinson,Christie
0.960016,Trump,Ramaswamy,DeSantis,Burgum,Scott,Elder,Haley,Hurd,Suarez,Youngkin,Pence,Hutchinson,Christie
0.660172,DeSantis,Pence,Ramaswamy,Scott,Suarez,Hutchinson,Hurd,Elder,Christie,Haley,Youngkin,Burgum,Trump
0.778987,Trump,Pence,Elder,Scott,Christie,Burgum,Haley,Youngkin,Suarez,Hurd,DeSantis,Hutchinson,Ramaswamy
0.839544,Trump,Ramaswamy,DeSantis,Youngkin,Scott,Suarez,Elder,Haley,Burgum,Hurd,Pence,Hutchinson,Christie
0.638382,Trump,Elder,Hutchinson,Burgum,Scott,Youngkin,Hurd,Ramaswamy,Haley,Pence,Christie,DeSantis,Suarez
1.261425,Trump,Pence,DeSantis,Elder,Christie,Haley,Ramaswamy,Hurd,Hutchinson,Scott,Suarez,Burgum,Youngkin
0.672156,Ramaswamy,Trump,Christie,Burgum,Youngkin,Pence,Scott,Hurd,Elder,Haley,DeSantis,Suarez,Hutchinson
0.516129,Trump,Ramaswamy,DeSantis,Pence,Hurd,Haley,Youngkin,Scott,Christie,Suarez,Elder,Hutchinson,Burgum
0.857098,Trump,DeSantis,Pence,Christie,Scott,Hurd,Haley,Hutchinson,Burgum,Ramaswamy,Elder,Youngkin,Suarez
0.837753,Trump,DeSantis,Ramaswamy,Scott,Elder,Burgum,Youngkin,Hurd,Suarez,Pence,Haley,Hutchinson,Christie
1.292548,Christie,Scott,Pence,Hutchinson,Haley,Burgum,Hurd,Suarez,Elder,Youngkin,Ramaswamy,DeSantis,Trump
1.122006,Ramaswamy,Christie,Scott,Elder,Pence,Hurd,Youngkin,Hutchinson,Burgum,Haley,Suarez,DeSantis,Trump
1.270672,Ramaswamy,Trump,DeSantis,Scott,Haley,Burgum,Youngkin,Pence,Hutchinson,Elder,Hurd,Suarez,Christie
0.693567,Trump,DeSantis,Pence,Scott,Hurd,Haley,Youngkin,Hutchinson,Elder,Suarez,Christie,Burgum,Ramaswamy
1.261425,Trump,Pence,DeSantis,Elder,Christie,Haley,Ramaswamy,Hurd,Hutchinson,Scott,Suarez,Burgum,Youngkin
0.56361,Ramaswamy,Trump,DeSantis,Haley,Scott,Youngkin,Elder,Burgum,Hurd,Hutchinson,Christie,Suarez,Pence
0.839247,DeSantis,Trump,Ramaswamy,Pence,Christie,Haley,Burgum,Hurd,Elder,Hutchinson,Youngkin,Scott,Suarez
1.627319,DeSantis,Christie,Haley,Pence,Ramaswamy,Burgum,Scott,Suarez,Youngkin,Hutchinson,Elder,Hurd,Trump
1.627319,DeSantis,Christie,Haley,Pence,Ramaswamy,Burgum,Scott,Suarez,Youngkin,Hutchinson,Elder,Hurd,Trump
0.526889,Trump,DeSantis,Ramaswamy,Scott,Christie,Pence,Haley,Burgum,Elder,Youngkin,Hurd,Hutchinson,Suarez
0.903189,Haley,Christie,Scott,Pence,Burgum,Ramaswamy,DeSantis,Hutchinson,Youngkin,Elder,Hurd,Suarez,Trump
0.650804,Ramaswamy,Trump,Haley,Hutchinson,Youngkin,Suarez,Burgum,Elder,Hurd,Christie,Pence,Scott,DeSantis
0.65782,Trump,Haley,Scott,DeSantis,Youngkin,Burgum,Christie,Hurd,Ramaswamy,Elder,Suarez,Hutchinson,Pence
0.720887,Trump,DeSantis,Ramaswamy,Christie,Scott,Suarez,Burgum,Youngkin,Elder,Hurd,Hutchinson,Haley,Pence
1.137748,Trump,DeSantis,Ramaswamy,Haley,Scott,Pence,Hurd,Youngkin,Burgum,Elder,Hutchinson,Suarez,Christie
1.218747,Trump,Pence,DeSantis,Christie,Scott,Burgum,Suarez,Elder,Youngkin,Hurd,Hutchinson,Haley,Ramaswamy
0.488072,Trump,Pence,Ramaswamy,DeSantis,Elder,Hurd,Youngkin,Suarez,Burgum,Hutchinson,Scott,Haley,Christie
0.903189,Haley,Christie,Scott,Pence,Burgum,Ramaswamy,DeSantis,Hutchinson,Youngkin,Elder,Hurd,Suarez,Trump
0.892157,Christie,Hutchinson,Hurd,Suarez,Youngkin,Elder,Burgum,Scott,Pence,Haley,DeSantis,Ramaswamy,Trump
1.137748,Trump,Ramaswamy,Scott,DeSantis,Haley,Hutchinson,Burgum,Elder,Suarez,Hurd,Youngkin,Pence,Christie
1.308647,Haley,Pence,DeSantis,Elder,Youngkin,Christie,Hutchinson,Hurd,Scott,Burgum,Suarez,Trump,Ramaswamy
0.925859,Trump,Pence,Ramaswamy,Hutchinson,DeSantis,Youngkin,Scott,Suarez,Elder,Burgum,Christie,Haley,Hurd
1.669118,Trump,DeSantis,Youngkin,Pence,Hurd,Elder,Hutchinson,Suarez,Ramaswamy,Haley,Christie,Scott,Burgum
1.158692,Hutchinson,Christie,Hurd,Burgum,Pence,Scott,Haley,Suarez,Youngkin,Elder,DeSantis,Ramaswamy,Trump
2.045976,Ramaswamy,Trump,DeSantis,Youngkin,Haley,Elder,Scott,Hurd,Hutchinson,Suarez,Burgum,Pence,Christie
0.779605,DeSantis,Haley,Trump,Scott,Pence,Ramaswamy,Youngkin,Suarez,Elder,Christie,Hutchinson,Hurd,Burgum
0.65782,Trump,Haley,Scott,DeSantis,Youngkin,Burgum,Christie,Hurd,Ramaswamy,Elder,Suarez,Hutchinson,Pence
0.577422,Ramaswamy,DeSantis,Scott,Trump,Haley,Youngkin,Burgum,Pence,Elder,Suarez,Christie,Hutchinson,Hurd
0.812586,Trump,DeSantis,Pence,Hutchinson,Hurd,Haley,Christie,Ramaswamy,Youngkin,Burgum,Scott,Suarez,Elder
1.317598,Trump,DeSantis,Haley,Scott,Ramaswamy,Pence,Elder,Youngkin,Hutchinson,Burgum,Hurd,Suarez,Christie
0.919605,DeSantis,Trump,Pence,Ramaswamy,Elder,Burgum,Scott,Youngkin,Hutchinson,Suarez,Hurd,Haley,Christie
1.014141,Trump,Ramaswamy,Scott,DeSantis,Elder,Youngkin,Pence,Burgum,Hurd,Hutchinson,Suarez,Christie,Haley
1.200697,Pence,Haley,Scott,DeSantis,Hutchinson,Burgum,Elder,Youngkin,Suarez,Trump,Hurd,Christie,Ramaswamy
1.132141,Trump,Ramaswamy,Haley,Hutchinson,Scott,Hurd,Christie,DeSantis,Burgum,Youngkin,Pence,Suarez,Elder
0.940932,DeSantis,Haley,Scott,Pence,Youngkin,Trump,Elder,Hutchinson,Burgum,Suarez,Christie,Hurd,Ramaswamy
0.564615,Scott,Ramaswamy,Pence,DeSantis,Christie,Elder,Trump,Hutchinson,Youngkin,Hurd,Haley,Suarez,Burgum
0.627394,Ramaswamy,Pence,Scott,Trump,Haley,DeSantis,Christie,Burgum,Elder,Suarez,Youngkin,Hurd,Hutchinson
0.851323,Trump,Ramaswamy,Christie,Youngkin,Haley,Pence,Elder,Hurd,Scott,Hutchinson,DeSantis,Burgum,Suarez
0.839544,Ramaswamy,DeSantis,Christie,Haley,Hutchinson,Burgum,Suarez,Hurd,Youngkin,Scott,Elder,Pence,Trump
1.120393,Ramaswamy,DeSantis,Trump,Pence,Haley,Scott,Hutchinson,Suarez,Elder,Youngkin,Hurd,Christie,Burgum
0.731376,Scott,Haley,Trump,Ramaswamy,DeSantis,Pence,Christie,Hutchinson,Youngkin,Suarez,Burgum,Hurd,Elder
2.220458,Trump,DeSantis,Haley,Ramaswamy,Elder,Scott,Pence,Youngkin,Burgum,Hurd,Suarez,Hutchinson,Christie
1.218747,Trump,DeSantis,Burgum,Scott,Haley,Ramaswamy,Youngkin,Elder,Suarez,Hutchinson,Hurd,Pence,Christie
0.960016,Haley,Trump,Scott,Ramaswamy,Pence,Suarez,DeSantis,Christie,Elder,Youngkin,Burgum,Hutchinson,Hurd
0.886527,Trump,Pence,Christie,Haley,DeSantis,Scott,Youngkin,Hurd,Elder,Burgum,Hutchinson,Ramaswamy,Suarez
1.669118,Trump,DeSantis,Haley,Scott,Ramaswamy,Pence,Youngkin,Burgum,Christie,Elder,Suarez,Hurd,Hutchinson
0.708142,Trump,DeSantis,Ramaswamy,Scott,Pence,Hurd,Burgum,Suarez,Hutchinson,Elder,Christie,Youngkin,Haley
1.004181,Trump,DeSantis,Youngkin,Haley,Ramaswamy,Scott,Burgum,Pence,Elder,Hutchinson,Suarez,Christie,Hurd
1.101605,Trump,Ramaswamy,DeSantis,Haley,Burgum,Youngkin,Hutchinson,Suarez,Pence,Elder,Hurd,Scott,Christie
1.529463,Christie,Scott,Hutchinson,Hurd,DeSantis,Elder,Burgum,Pence,Youngkin,Suarez,Haley,Ramaswamy,Trump
1.002609,Trump,Ramaswamy,DeSantis,Hutchinson,Pence,Christie,Haley,Hurd,Elder,Scott,Youngkin,Burgum,Suarez
0.839247,DeSantis,Trump,Ramaswamy,Pence,Christie,Haley,Burgum,Hurd,Elder,Hutchinson,Youngkin,Scott,Suarez
0.826818,DeSantis,Burgum,Scott,Ramaswamy,Hurd,Trump,Haley,Christie,Hutchinson,Elder,Pence,Suarez,Youngkin
0.867089,DeSantis,Ramaswamy,Trump,Scott,Pence,Elder,Burgum,Youngkin,Hurd,Suarez,Haley,Hutchinson,Christie
0.806909,Ramaswamy,Trump,DeSantis,Elder,Haley,Scott,Pence,Hutchinson,Youngkin,Burgum,Hurd,Suarez,Christie
1.134561,Trump,Ramaswamy,DeSantis,Scott,Haley,Elder,Pence,Christie,Youngkin,Hutchinson,Hurd,Burgum,Suarez
1.261425,Trump,Pence,DeSantis,Elder,Christie,Haley,Ramaswamy,Hurd,Hutchinson,Scott,Suarez,Burgum,Youngkin
0.639186,Ramaswamy,Elder,Suarez,Hurd,Christie,Youngkin,Pence,Burgum,Hutchinson,Scott,Haley,Trump,DeSantis
0.970759,Trump,Ramaswamy,DeSantis,Scott,Youngkin,Haley,Burgum,Suarez,Elder,Hurd,Hutchinson,Pence,Christie
1.04502,Christie,Hutchinson,Scott,Pence,Hurd,Youngkin,Haley,Burgum,Elder,Suarez,Ramaswamy,DeSantis,Trump
0.901839,Pence,Christie,Scott,Suarez,Hutchinson,Burgum,Hurd,Youngkin,Elder,Haley,DeSantis,Ramaswamy,Trump
0.919605,DeSantis,Trump,Pence,Ramaswamy,Elder,Burgum,Scott,Youngkin,Hutchinson,Suarez,Hurd,Haley,Christie
0.671534,Scott,Pence,Trump,Suarez,Haley,Elder,Christie,Hutchinson,Youngkin,DeSantis,Burgum,Hurd,Ramaswamy
1.81136,Trump,DeSantis,Haley,Pence,Youngkin,Suarez,Burgum,Scott,Elder,Hurd,Christie,Hutchinson,Ramaswamy
1.478149,Christie,Hutchinson,Haley,Pence,Scott,Elder,Suarez,Youngkin,Hurd,Burgum,Ramaswamy,DeSantis,Trump
1.444802,Haley,Scott,Trump,Youngkin,Ramaswamy,DeSantis,Hutchinson,Pence,Burgum,Suarez,Hurd,Christie,Elder
1.237638,Trump,DeSantis,Ramaswamy,Haley,Scott,Hutchinson,Elder,Hurd,Burgum,Suarez,Christie,Youngkin,Pence
0.903768,DeSantis,Trump,Scott,Youngkin,Burgum,Pence,Elder,Hurd,Hutchinson,Suarez,Haley,Ramaswamy,Christie
0.741903,Ramaswamy,Christie,Elder,Youngkin,DeSantis,Burgum,Haley,Scott,Hurd,Pence,Suarez,Hutchinson,Trump
0.58281,Haley,Trump,Suarez,Scott,Youngkin,Burgum,Elder,Christie,Hurd,Hutchinson,Pence,Ramaswamy,DeSantis
0.929519,Trump,DeSantis,Scott,Hutchinson,Ramaswamy,Elder,Hurd,Suarez,Burgum,Youngkin,Haley,Pence,Christie
0.751381,Trump,Ramaswamy,DeSantis,Scott,Youngkin,Elder,Burgum,Hurd,Haley,Christie,Hutchinson,Suarez,Pence
1.299495,Trump,DeSantis,Ramaswamy,Scott,Pence,Haley,Christie,Burgum,Elder,Suarez,Hurd,Youngkin,Hutchinson
0.719616,DeSantis,Trump,Ramaswamy,Haley,Christie,Scott,Burgum,Elder,Hurd,Suarez,Youngkin,Hutchinson,Pence
1.033456,DeSantis,Trump,Haley,Scott,Pence,Burgum,Youngkin,Ramaswamy,Elder,Christie,Hutchinson,Hurd,Suarez
1.04502,Christie,Haley,Burgum,Youngkin,Hutchinson,Hurd,Pence,Scott,Elder,Ramaswamy,DeSantis,Suarez,Trump
1.137748,DeSantis,Pence,Haley,Hutchinson,Scott,Christie,Elder,Suarez,Youngkin,Ramaswamy,Burgum,Hurd,Trump
0.814982,DeSantis,Trump,Haley,Pence,Scott,Suarez,Elder,Burgum,Hurd,Ramaswamy,Youngkin,Christie,Hutchinson
1.627319,DeSantis,Christie,Haley,Pence,Ramaswamy,Burgum,Scott,Suarez,Youngkin,Hutchinson,Elder,Hurd,Trump
1.339645,Scott,Ramaswamy,Haley,Pence,Christie,DeSantis,Hutchinson,Hurd,Suarez,Youngkin,Burgum,Elder,Trump
1.82827,Christie,Youngkin,Suarez,Hutchinson,Scott,Burgum,Hurd,Elder,Ramaswamy,Haley,DeSantis,Pence,Trump
0.555612,Trump,Scott,Elder,Hurd,Burgum,Suarez,Youngkin,Hutchinson,DeSantis,Christie,Haley,Pence,Ramaswamy
0.805183,Ramaswamy,Trump,Pence,Christie,Hurd,DeSantis,Hutchinson,Suarez,Elder,Youngkin,Haley,Burgum,Scott
1.200697,DeSantis,Ramaswamy,Pence,Hutchinson,Hurd,Christie,Youngkin,Haley,Burgum,Elder,Suarez,Scott,Trump
1.478149,Christie,Hutchinson,Haley,Pence,Scott,Elder,Suarez,Youngkin,Hurd,Burgum,Ramaswamy,DeSantis,Trump
1.033456,DeSantis,Trump,Haley,Scott,Pence,Burgum,Youngkin,Ramaswamy,Elder,Christie,Hutchinson,Hurd,Suarez
1.033456,Trump,Ramaswamy,DeSantis,Haley,Suarez,Hurd,Scott,Elder,Hutchinson,Youngkin,Burgum,Pence,Christie
0.839247,DeSantis,Trump,Ramaswamy,Pence,Christie,Haley,Burgum,Hurd,Elder,Hutchinson,Youngkin,Scott,Suarez
0.95828,Trump,Ramaswamy,Pence,DeSantis,Haley,Burgum,Elder,Suarez,Scott,Youngkin,Hutchinson,Christie,Hurd
1.048733,Trump,DeSantis,Scott,Haley,Youngkin,Elder,Hutchinson,Burgum,Ramaswamy,Hurd,Suarez,Pence,Christie
0.681832,DeSantis,Trump,Pence,Elder,Christie,Hurd,Youngkin,Ramaswamy,Hutchinson,Scott,Haley,Burgum,Suarez
1.278245,Trump,Youngkin,Scott,DeSantis,Haley,Ramaswamy,Pence,Burgum,Hurd,Elder,Christie,Hutchinson,Suarez
1.101605,DeSantis,Trump,Haley,Ramaswamy,Pence,Scott,Christie,Hutchinson,Hurd,Elder,Youngkin,Burgum,Suarez
0.63756,Trump,Christie,Ramaswamy,Youngkin,Pence,DeSantis,Hutchinson,Hurd,Elder,Haley,Suarez,Burgum,Scott
0.81823,Hutchinson,Haley,Burgum,Youngkin,Christie,Ramaswamy,Scott,Pence,Suarez,Elder,Hurd,DeSantis,Trump
0.932463,Trump,Pence,Youngkin,Hurd,Scott,Burgum,Hutchinson,Elder,Haley,Christie,Suarez,DeSantis,Ramaswamy
1.180031,Trump,DeSantis,Haley,Christie,Scott,Hutchinson,Suarez,Burgum,Youngkin,Ramaswamy,Pence,Elder,Hurd
0.704801,Trump,Scott,Youngkin,Burgum,Ramaswamy,Hutchinson,Hurd,Elder,Suarez,DeSantis,Christie,Pence,Haley
0.800433,Trump,DeSantis,Ramaswamy,Pence,Scott,Elder,Haley,Burgum,Hurd,Youngkin,Christie,Hutchinson,Suarez
0.886784,DeSantis,Trump,Haley,Ramaswamy,Scott,Youngkin,Pence,Elder,Christie,Suarez,Hutchinson,Hurd,Burgum
1.382498,Hurd,DeSantis,Trump,Suarez,Haley,Hutchinson,Scott,Elder,Pence,Youngkin,Christie,Ramaswamy,Burgum
1.481912,Trump,Ramaswamy,Haley,Christie,DeSantis,Burgum,Pence,Scott,Suarez,Hurd,Youngkin,Elder,Hutchinson
0.792237,DeSantis,Haley,Youngkin,Pence,Scott,Suarez,Ramaswamy,Elder,Hurd,Hutchinson,Burgum,Trump,Christie
1.218747,Christie,DeSantis,Elder,Scott,Ramaswamy,Haley,Hutchinson,Hurd,Youngkin,Suarez,Pence,Trump,Burgum
1.200697,Ramaswamy,Scott,Trump,Burgum,Haley,DeSantis,Youngkin,Elder,Pence,Suarez,Hutchinson,Hurd,Christie
1.033456,DeSantis,Trump,Haley,Scott,Pence,Burgum,Youngkin,Ramaswamy,Elder,Christie,Hutchinson,Hurd,Suarez
0.819929,Trump,Ramaswamy,Haley,DeSantis,Christie,Elder,Suarez,Hurd,Burgum,Youngkin,Hutchinson,Scott,Pence
1.207837,Ramaswamy,DeSantis,Trump,Scott,Pence,Youngkin,Hutchinson,Haley,Elder,Christie,Hurd,Suarez,Burgum
0.996977,Haley,Scott,Christie,Pence,DeSantis,Hutchinson,Burgum,Hurd,Elder,Youngkin,Suarez,Ramaswamy,Trump
0.767178,Trump,Ramaswamy,Elder,Scott,Burgum,Youngkin,DeSantis,Haley,Suarez,Pence,Hutchinson,Hurd,Christie
1.312363,Christie,Haley,Scott,Pence,Youngkin,Hutchinson,Ramaswamy,Elder,Hurd,Suarez,DeSantis,Burgum,Trump
0.577422,Haley,Elder,Trump,Suarez,DeSantis,Pence,Youngkin,Burgum,Scott,Hutchinson,Ramaswamy,Hurd,Christie
1.112621,Trump,DeSantis,Ramaswamy,Haley,Scott,Pence,Hurd,Youngkin,Elder,Christie,Burgum,Hutchinson,Suarez
0.654717,Trump,Ramaswamy,Christie,Scott,Hutchinson,Suarez,Elder,Burgum,Pence,DeSantis,Hurd,Youngkin,Haley
0.772768,Trump,Ramaswamy,Haley,DeSantis,Elder,Hutchinson,Christie,Youngkin,Pence,Burgum,Hurd,Suarez,Scott
2.728993,Haley,Christie,Youngkin,Scott,Burgum,Ramaswamy,DeSantis,Pence,Hutchinson,Suarez,Hurd,Elder,Trump
0.827631,Trump,DeSantis,Scott,Haley,Ramaswamy,Christie,Elder,Pence,Burgum,Youngkin,Hutchinson,Suarez,Hurd
0.81114,Trump,DeSantis,Ramaswamy,Haley,Scott,Pence,Youngkin,Burgum,Hutchinson,Christie,Elder,Hurd,Suarez
1.379506,Trump,DeSantis,Ramaswamy,Scott,Elder,Haley,Hutchinson,Burgum,Youngkin,Hurd,Suarez,Pence,Christie
1.342131,Trump,DeSantis,Haley,Scott,Pence,Ramaswamy,Burgum,Hutchinson,Youngkin,Elder,Suarez,Christie,Hurd
0.697987,Trump,DeSantis,Haley,Scott,Ramaswamy,Youngkin,Elder,Hutchinson,Suarez,Hurd,Burgum,Pence,Christie
0.614214,Trump,Scott,Hurd,Pence,Ramaswamy,Suarez,Elder,Haley,Christie,Hutchinson,Youngkin,Burgum,DeSantis
0.819929,DeSantis,Trump,Pence,Ramaswamy,Elder,Burgum,Youngkin,Hutchinson,Scott,Hurd,Haley,Suarez,Christie
0.823768,Ramaswamy,Haley,Scott,Youngkin,Hurd,Burgum,DeSantis,Trump,Hutchinson,Elder,Suarez,Christie,Pence
2.045976,Ramaswamy,Trump,DeSantis,Youngkin,Haley,Elder,Scott,Hurd,Hutchinson,Suarez,Burgum,Pence,Christie
0.879255,Trump,DeSantis,Ramaswamy,Scott,Haley,Burgum,Hurd,Pence,Elder,Hutchinson,Suarez,Youngkin,Christie
0.929519,Trump,DeSantis,Haley,Scott,Ramaswamy,Youngkin,Pence,Christie,Burgum,Hutchinson,Elder,Suarez,Hurd
0.95645,Ramaswamy,Pence,Trump,DeSantis,Burgum,Hutchinson,Hurd,Christie,Youngkin,Scott,Elder,Haley,Suarez
0.773286,Ramaswamy,Pence,Christie,Scott,Suarez,Youngkin,Elder,Trump,Burgum,Hurd,Hutchinson,DeSantis,Haley
1.529463,Christie,Elder,Scott,Hurd,Haley,Suarez,Burgum,Youngkin,Hutchinson,Ramaswamy,Pence,DeSantis,Trump
0.901839,Trump,Pence,Ramaswamy,DeSantis,Hurd,Christie,Burgum,Youngkin,Scott,Suarez,Elder,Haley,Hutchinson
0.577422,Haley,Elder,Trump,Suarez,DeSantis,Pence,Youngkin,Burgum,Scott,Hutchinson,Ramaswamy,Hurd,Christie
0.68511,Trump,Pence,Ramaswamy,DeSantis,Suarez,Haley,Burgum,Scott,Youngkin,Christie,Elder,Hurd,Hutchinson
0.708142,Trump,DeSantis,Ramaswamy,Scott,Pence,Hurd,Burgum,Suarez,Hutchinson,Elder,Christie,Youngkin,Haley
1.396313,Christie,Burgum,Hurd,Hutchinson,Suarez,Elder,Youngkin,Haley,Pence,Scott,Ramaswamy,DeSantis,Trump
0.823768,Trump,Ramaswamy,Haley,Burgum,Christie,Suarez,Pence,Hutchinson,Youngkin,Elder,Scott,Hurd,DeSantis
0.709101,Christie,Trump,DeSantis,Scott,Ramaswamy,Elder,Hurd,Suarez,Haley,Burgum,Youngkin,Pence,Hutchinson
0.87319,Christie,Scott,Elder,Burgum,Hutchinson,Hurd,Youngkin,DeSantis,Ramaswamy,Suarez,Haley,Pence,Trump
0.58281,Haley,Trump,Suarez,Scott,Youngkin,Burgum,Elder,Christie,Hurd,Hutchinson,Pence,Ramaswamy,DeSantis
0.722173,DeSantis,Haley,Christie,Ramaswamy,Elder,Youngkin,Hutchinson,Scott,Burgum,Suarez,Hurd,Pence,Trump
0.710673,DeSantis,Ramaswamy,Scott,Elder,Hurd,Pence,Youngkin,Christie,Hutchinson,Suarez,Burgum,Haley,Trump
1.275187,Pence,Ramaswamy,DeSantis,Scott,Christie,Burgum,Hurd,Elder,Haley,Youngkin,Hutchinson,Suarez,Trump
1.023323,Trump,Pence,Haley,DeSantis,Ramaswamy,Scott,Youngkin,Hutchinson,Suarez,Hurd,Burgum,Elder,Christie
1.134561,Haley,Christie,Burgum,Youngkin,Hutchinson,Elder,Scott,Pence,DeSantis,Hurd,Suarez,Ramaswamy,Trump
0.970759,Trump,DeSantis,Ramaswamy,Youngkin,Haley,Burgum,Scott,Hutchinson,Elder,Christie,Hurd,Suarez,Pence
0.516129,Trump,Pence,Ramaswamy,DeSantis,Haley,Christie,Youngkin,Scott,Hutchinson,Suarez,Elder,Burgum,Hurd
0.681832,DeSantis,Trump,Scott,Ramaswamy,Elder,Hurd,Youngkin,Burgum,Suarez,Hutchinson,Haley,Christie,Pence
1.166972,Ramaswamy,DeSantis,Haley,Pence,Hutchinson,Elder,Suarez,Hurd,Burgum,Scott,Youngkin,Christie,Trump
0.63756,Trump,Haley,Hutchinson,Scott,Christie,Youngkin,DeSantis,Pence,Ramaswamy,Elder,Burgum,Hurd,Suarez
0.875626,Ramaswamy,Christie,Haley,Pence,Hurd,Scott,Elder,DeSantis,Youngkin,Trump,Hutchinson,Burgum,Suarez
0.826818,DeSantis,Burgum,Scott,Ramaswamy,Hurd,Trump,Haley,Christie,Hutchinson,Elder,Pence,Suarez,Youngkin
0.466606,Youngkin,Haley,Scott,DeSantis,Pence,Trump,Suarez,Burgum,Hurd,Hutchinson,Ramaswamy,Christie,Elder
0.620487,Trump,Ramaswamy,DeSantis,Pence,Scott,Youngkin,Burgum,Elder,Christie,Haley,Hutchinson,Hurd,Suarez
0.68511,Pence,Ramaswamy,DeSantis,Hurd,Christie,Elder,Suarez,Burgum,Scott,Haley,Youngkin,Hutchinson,Trump
0.743226,Pence,Ramaswamy,Trump,DeSantis,Christie,Suarez,Hutchinson,Youngkin,Haley,Hurd,Scott,Elder,Burgum
0.779609,Trump,DeSantis,Ramaswamy,Scott,Pence,Haley,Christie,Youngkin,Hutchinson,Elder,Burgum,Suarez,Hurd
0.658711,DeSantis,Haley,Trump,Ramaswamy,Christie,Pence,Scott,Burgum,Elder,Hurd,Suarez,Youngkin,Hutchinson
0.592254,Trump,Haley,Hutchinson,Pence,Ramaswamy,DeSantis,Scott,Elder,Christie,Youngkin,Hurd,Suarez,Burgum
0.614352,Scott,Haley,Hurd,Pence,Hutchinson,Burgum,Suarez,Christie,Youngkin,Trump,Ramaswamy,Elder,DeSantis
1.372707,Christie,Pence,DeSantis,Ramaswamy,Elder,Scott,Hurd,Youngkin,Hutchinson,Haley,Suarez,Burgum,Trump
0.73399,Scott,Ramaswamy,DeSantis,Haley,Hurd,Suarez,Burgum,Elder,Youngkin,Christie,Pence,Trump,Hutchinson
0.639186,Ramaswamy,Elder,Suarez,Hurd,Christie,Youngkin,Pence,Burgum,Hutchinson,Scott,Haley,Trump,DeSantis
1.81136,Trump,DeSantis,Haley,Pence,Youngkin,Suarez,Burgum,Scott,Elder,Hurd,Christie,Hutchinson,Ramaswamy
0.767178,Trump,DeSantis,Hutchinson,Suarez,Elder,Scott,Ramaswamy,Christie,Pence,Burgum,Youngkin,Hurd,Haley
1.50968,Trump,DeSantis,Pence,Ramaswamy,Burgum,Haley,Hutchinson,Elder,Youngkin,Scott,Hurd,Suarez,Christie
1.033456,Trump,Ramaswamy,DeSantis,Haley,Suarez,Hurd,Scott,Elder,Hutchinson,Youngkin,Burgum,Pence,Christie
1.458263,DeSantis,Trump,Ramaswamy,Pence,Christie,Suarez,Scott,Elder,Hurd,Hutchinson,Burgum,Youngkin,Haley
0.903189,Haley,Pence,Ramaswamy,Scott,Elder,Suarez,Youngkin,Burgum,DeSantis,Christie,Hurd,Hutchinson,Trump
1.753818,Ramaswamy,Christie,DeSantis,Pence,Haley,Trump,Scott,Youngkin,Hutchinson,Burgum,Elder,Hurd,Suarez
0.718335,Trump,Ramaswamy,DeSantis,Scott,Haley,Youngkin,Elder,Hutchinson,Suarez,Hurd,Burgum,Pence,Christie
0.814982,DeSantis,Trump,Haley,Pence,Scott,Suarez,Elder,Burgum,Hurd,Ramaswamy,Youngkin,Christie,Hutchinson
0.929519,Trump,DeSantis,Haley,Scott,Ramaswamy,Youngkin,Pence,Christie,Burgum,Hutchinson,Elder,Suarez,Hurd
1.314392,Hutchinson,Christie,Hurd,Suarez,Burgum,Youngkin,Haley,Scott,Pence,Ramaswamy,Elder,DeSantis,Trump
1.218747,Christie,DeSantis,Elder,Scott,Ramaswamy,Haley,Hutchinson,Hurd,Youngkin,Suarez,Pence,Trump,Burgum
1.04502,Scott,Christie,Trump,Ramaswamy,Haley,Suarez,Youngkin,Hurd,Hutchinson,Pence,Burgum,Elder,DeSantis
0.741903,Ramaswamy,Christie,Elder,Youngkin,DeSantis,Burgum,Haley,Scott,Hurd,Pence,Suarez,Hutchinson,Trump
0.660157,DeSantis,Haley,Pence,Scott,Trump,Youngkin,Hutchinson,Elder,Ramaswamy,Burgum,Suarez,Christie,Hurd
0.607662,Ramaswamy,Youngkin,Scott,Suarez,Burgum,Elder,Hurd,Hutchinson,Christie,Pence,Haley,DeSantis,Trump
0.720887,Trump,Scott,Ramaswamy,Haley,Elder,Youngkin,DeSantis,Hutchinson,Hurd,Pence,Suarez,Christie,Burgum
0.555612,Trump,Scott,Elder,Hurd,Burgum,Suarez,Youngkin,Hutchinson,DeSantis,Christie,Haley,Pence,Ramaswamy
0.781276,Pence,Scott,Burgum,Haley,Elder,Hurd,Youngkin,Suarez,Christie,DeSantis,Hutchinson,Ramaswamy,Trump
0.564481,Christie,Pence,Haley,Scott,DeSantis,Elder,Hutchinson,Hurd,Youngkin,Suarez,Burgum,Ramaswamy,Trump
1.205555,Ramaswamy,Pence,DeSantis,Haley,Elder,Burgum,Youngkin,Scott,Suarez,Hutchinson,Hurd,Christie,Trump
0.56361,Trump,Haley,DeSantis,Elder,Christie,Hutchinson,Suarez,Hurd,Burgum,Ramaswamy,Scott,Youngkin,Pence
0.762857,Trump,DeSantis,Ramaswamy,Pence,Christie,Haley,Burgum,Scott,Hutchinson,Hurd,Elder,Youngkin,Suarez
0.708142,Trump,DeSantis,Ramaswamy,Scott,Pence,Hurd,Burgum,Suarez,Hutchinson,Elder,Christie,Youngkin,Haley
0.710673,DeSantis,Ramaswamy,Scott,Elder,Hurd,Pence,Youngkin,Christie,Hutchinson,Suarez,Burgum,Haley,Trump
1.134561,Hutchinson,Christie,Scott,Haley,Hurd,Youngkin,Burgum,Suarez,DeSantis,Elder,Ramaswamy,Pence,Trump
0.718335,Christie,Pence,Haley,Suarez,Burgum,DeSantis,Scott,Elder,Hurd,Hutchinson,Youngkin,Ramaswamy,Trump
0.660172,Trump,DeSantis,Pence,Burgum,Hurd,Suarez,Elder,Scott,Christie,Youngkin,Ramaswamy,Haley,Hutchinson
1.120393,Haley,DeSantis,Elder,Christie,Pence,Scott,Ramaswamy,Burgum,Hutchinson,Suarez,Youngkin,Trump,Hurd
0.773286,DeSantis,Christie,Youngkin,Burgum,Elder,Suarez,Scott,Hurd,Haley,Hutchinson,Pence,Ramaswamy,Trump
0.886784,Trump,Ramaswamy,Burgum,Christie,DeSantis,Pence,Scott,Haley,Elder,Suarez,Hutchinson,Youngkin,Hurd
1.048733,Trump,DeSantis,Scott,Haley,Youngkin,Elder,Hutchinson,Burgum,Ramaswamy,Hurd,Suarez,Pence,Christie
0.817814,Pence,Scott,Trump,Hurd,Hutchinson,Elder,Burgum,Christie,Suarez,DeSantis,Youngkin,Haley,Ramaswamy
0.812586,Trump,DeSantis,Ramaswamy,Haley,Youngkin,Scott,Pence,Burgum,Christie,Elder,Hutchinson,Suarez,Hurd
0.56361,Ramaswamy,Trump,DeSantis,Haley,Scott,Youngkin,Elder,Burgum,Hurd,Hutchinson,Christie,Suarez,Pence
1.122006,Trump,Scott,Haley,Ramaswamy,DeSantis,Pence,Christie,Burgum,Youngkin,Hurd,Suarez,Hutchinson,Elder
0.564615,Trump,DeSantis,Ramaswamy,Pence,Scott,Burgum,Youngkin,Haley,Hurd,Suarez,Elder,Hutchinson,Christie
0.861664,Ramaswamy,Christie,Haley,Scott,Elder,Burgum,Hutchinson,Youngkin,Suarez,Hurd,Pence,DeSantis,Trump
0.552991,Trump,DeSantis,Scott,Ramaswamy,Hutchinson,Haley,Christie,Youngkin,Hurd,Elder,Burgum,Suarez,Pence
0.940932,DeSantis,Haley,Scott,Pence,Youngkin,Trump,Elder,Hutchinson,Burgum,Suarez,Christie,Hurd,Ramaswamy
1.342131,Trump,Scott,DeSantis,Youngkin,Ramaswamy,Hutchinson,Elder,Haley,Burgum,Suarez,Hurd,Pence,Christie
1.096176,Trump,Ramaswamy,DeSantis,Burgum,Haley,Scott,Elder,Youngkin,Pence,Hutchinson,Suarez,Christie,Hurd
0.768818,Ramaswamy,DeSantis,Haley,Burgum,Scott,Christie,Youngkin,Hutchinson,Hurd,Elder,Suarez,Pence,Trump
2.045976,DeSantis,Haley,Scott,Ramaswamy,Trump,Burgum,Youngkin,Pence,Elder,Hutchinson,Suarez,Hurd,Christie
1.217557,Christie,Haley,Hutchinson,Youngkin,Burgum,Hurd,Elder,Scott,Suarez,Pence,DeSantis,Ramaswamy,Trump
0.901839,Trump,Ramaswamy,Pence,DeSantis,Suarez,Burgum,Hutchinson,Hurd,Youngkin,Christie,Scott,Elder,Haley
0.9069,Trump,DeSantis,Pence,Haley,Christie,Hurd,Youngkin,Elder,Suarez,Burgum,Scott,Hutchinson,Ramaswamy
1.095555,Trump,DeSantis,Ramaswamy,Scott,Haley,Burgum,Hutchinson,Hurd,Elder,Youngkin,Suarez,Pence,Christie
0.93342,Christie,DeSantis,Ramaswamy,Pence,Trump,Scott,Haley,Elder,Youngkin,Burgum,Hurd,Hutchinson,Suarez
0.806909,Trump,Ramaswamy,DeSantis,Suarez,Youngkin,Pence,Haley,Hutchinson,Burgum,Christie,Scott,Hurd,Elder
1.023323,Trump,Pence,Haley,DeSantis,Ramaswamy,Scott,Youngkin,Hutchinson,Suarez,Hurd,Burgum,Elder,Christie
1.033456,Haley,DeSantis,Scott,Ramaswamy,Pence,Christie,Trump,Elder,Hutchinson,Burgum,Hurd,Youngkin,Suarez
0.916252,DeSantis,Haley,Scott,Christie,Ramaswamy,Pence,Burgum,Hutchinson,Hurd,Elder,Suarez,Youngkin,Trump
0.58281,Ramaswamy,Elder,Burgum,Scott,Hutchinson,Youngkin,Haley,Christie,Hurd,Suarez,Pence,DeSantis,Trump
1.134561,Trump,Ramaswamy,DeSantis,Christie,Burgum,Haley,Pence,Elder,Hutchinson,Scott,Suarez,Youngkin,Hurd
1.398904,Trump,Ramaswamy,Haley,Pence,DeSantis,Elder,Scott,Christie,Youngkin,Burgum,Hutchinson,Suarez,Hurd
0.577422,Ramaswamy,DeSantis,Scott,Trump,Haley,Youngkin,Burgum,Pence,Elder,Suarez,Christie,Hutchinson,Hurd
0.779609,Trump,DeSantis,Ramaswamy,Scott,Pence,Haley,Christie,Youngkin,Hutchinson,Elder,Burgum,Suarez,Hurd
0.751381,Ramaswamy,DeSantis,Scott,Burgum,Pence,Haley,Trump,Youngkin,Hutchinson,Christie,Suarez,Elder,Hurd
0.660157,DeSantis,Haley,Pence,Scott,Trump,Youngkin,Hutchinson,Elder,Ramaswamy,Burgum,Suarez,Christie,Hurd
0.620487,Trump,Pence,Christie,DeSantis,Hutchinson,Hurd,Haley,Ramaswamy,Elder,Burgum,Youngkin,Suarez,Scott
1.086363,Ramaswamy,Haley,DeSantis,Christie,Pence,Hutchinson,Scott,Suarez,Hurd,Youngkin,Burgum,Elder,Trump
0.932463,Trump,DeSantis,Haley,Ramaswamy,Youngkin,Scott,Hurd,Suarez,Burgum,Elder,Pence,Christie,Hutchinson
1.023323,DeSantis,Ramaswamy,Trump,Haley,Youngkin,Scott,Burgum,Elder,Suarez,Hurd,Hutchinson,Pence,Christie
1.980981,DeSantis,Haley,Pence,Christie,Scott,Burgum,Hutchinson,Hurd,Elder,Suarez,Youngkin,Ramaswamy,Trump
0.929519,DeSantis,Trump,Ramaswamy,Youngkin,Scott,Burgum,Pence,Elder,Hutchinson,Suarez,Hurd,Haley,Christie
0.949777,Trump,DeSantis,Burgum,Scott,Elder,Hurd,Youngkin,Haley,Hutchinson,Suarez,Ramaswamy,Pence,Christie
1.82827,Christie,Youngkin,Suarez,Hutchinson,Scott,Burgum,Hurd,Elder,Ramaswamy,Haley,DeSantis,Pence,Trump
1.048733,Pence,Haley,Ramaswamy,Christie,Scott,Hutchinson,DeSantis,Burgum,Hurd,Elder,Youngkin,Suarez,Trump
1.376605,Trump,DeSantis,Ramaswamy,Scott,Christie,Pence,Haley,Hurd,Youngkin,Hutchinson,Suarez,Elder,Burgum
0.73399,Trump,DeSantis,Ramaswamy,Pence,Christie,Haley,Scott,Youngkin,Elder,Hutchinson,Burgum,Suarez,Hurd
1.559977,Trump,Ramaswamy,Scott,Burgum,DeSantis,Haley,Christie,Suarez,Pence,Hutchinson,Elder,Hurd,Youngkin
1.312363,Christie,Haley,Scott,Pence,Youngkin,Hutchinson,Ramaswamy,Elder,Hurd,Suarez,DeSantis,Burgum,Trump
0.718335,DeSantis,Ramaswamy,Haley,Scott,Pence,Elder,Youngkin,Hurd,Suarez,Burgum,Christie,Hutchinson,Trump
1.131761,DeSantis,Trump,Pence,Elder,Christie,Suarez,Burgum,Youngkin,Haley,Scott,Ramaswamy,Hutchinson,Hurd
0.826818,DeSantis,Burgum,Scott,Ramaswamy,Hurd,Trump,Haley,Christie,Hutchinson,Elder,Pence,Suarez,Youngkin
1.134561,DeSantis,Trump,Ramaswamy,Haley,Elder,Pence,Scott,Christie,Burgum,Hutchinson,Youngkin,Hurd,Suarez
1.049608,Ramaswamy,Scott,Pence,DeSantis,Haley,Christie,Youngkin,Hutchinson,Elder,Suarez,Burgum,Hurd,Trump
0.875875,Trump,Haley,DeSantis,Christie,Ramaswamy,Hutchinson,Pence,Youngkin,Elder,Scott,Burgum,Hurd,Suarez
0.837116,Scott,Suarez,Haley,Youngkin,DeSantis,Pence,Hutchinson,Ramaswamy,Burgum,Hurd,Christie,Elder,Trump
0.901839,Trump,Ramaswamy,Pence,DeSantis,Suarez,Burgum,Hutchinson,Hurd,Youngkin,Christie,Scott,Elder,Haley
1.398904,Trump,Ramaswamy,Haley,Pence,DeSantis,Elder,Scott,Christie,Youngkin,Burgum,Hutchinson,Suarez,Hurd
0.817814,Pence,Scott,Trump,Hurd,Hutchinson,Elder,Burgum,Christie,Suarez,DeSantis,Youngkin,Haley,Ramaswamy
0.813634,Haley,Ramaswamy,Pence,Scott,Burgum,Suarez,Hutchinson,Christie,Youngkin,Elder,Hurd,DeSantis,Trump
0.819929,DeSantis,Trump,Pence,Ramaswamy,Elder,Burgum,Youngkin,Hutchinson,Scott,Hurd,Haley,Suarez,Christie
0.792237,Trump,DeSantis,Scott,Ramaswamy,Elder,Youngkin,Christie,Burgum,Pence,Suarez,Hurd,Hutchinson,Haley
0.992095,Trump,Pence,Christie,Ramaswamy,Hutchinson,Haley,Scott,DeSantis,Elder,Hurd,Suarez,Youngkin,Burgum
1.000625,Trump,DeSantis,Haley,Burgum,Scott,Ramaswamy,Pence,Christie,Hutchinson,Youngkin,Hurd,Elder,Suarez
1.200697,Trump,Haley,DeSantis,Pence,Scott,Christie,Ramaswamy,Hurd,Elder,Burgum,Youngkin,Suarez,Hutchinson
0.839247,Trump,Pence,Scott,Hurd,Burgum,Haley,Ramaswamy,Suarez,Hutchinson,Elder,DeSantis,Youngkin,Christie
0.976275,Trump,Ramaswamy,DeSantis,Pence,Christie,Scott,Hutchinson,Youngkin,Elder,Hurd,Haley,Burgum,Suarez
1.132141,Ramaswamy,DeSantis,Trump,Scott,Haley,Pence,Burgum,Hutchinson,Elder,Christie,Hurd,Youngkin,Suarez
1.219104,DeSantis,Trump,Haley,Ramaswamy,Youngkin,Burgum,Hutchinson,Hurd,Scott,Suarez,Elder,Christie,Pence
0.925859,Pence,Christie,Youngkin,Hurd,Elder,Haley,Suarez,Ramaswamy,Hutchinson,DeSantis,Scott,Burgum,Trump
1.134561,Haley,Christie,Scott,Burgum,Hutchinson,Suarez,Youngkin,Hurd,Pence,Elder,DeSantis,Ramaswamy,Trump
1.559977,Trump,Ramaswamy,Scott,Burgum,DeSantis,Haley,Christie,Suarez,Pence,Hutchinson,Elder,Hurd,Youngkin
1.18741,Ramaswamy,Scott,Haley,Pence,Burgum,Hurd,Suarez,Hutchinson,Christie,Youngkin,Elder,DeSantis,Trump
1.200697,Ramaswamy,Scott,Trump,Burgum,Haley,DeSantis,Youngkin,Elder,Pence,Suarez,Hutchinson,Hurd,Christie
0.624392,Trump,Ramaswamy,DeSantis,Scott,Elder,Hurd,Youngkin,Suarez,Hutchinson,Christie,Haley,Burgum,Pence
0.724205,Christie,Haley,Pence,Youngkin,Scott,Suarez,Hutchinson,Hurd,Elder,Burgum,Ramaswamy,DeSantis,Trump
0.903189,Haley,Christie,Scott,Pence,Burgum,Ramaswamy,DeSantis,Hutchinson,Youngkin,Elder,Hurd,Suarez,Trump
0.781276,Pence,Scott,Burgum,Haley,Elder,Hurd,Youngkin,Suarez,Christie,DeSantis,Hutchinson,Ramaswamy,Trump
1.036417,Trump,Pence,Ramaswamy,DeSantis,Suarez,Haley,Scott,Christie,Hurd,Youngkin,Hutchinson,Elder,Burgum
2.045976,Ramaswamy,Trump,DeSantis,Youngkin,Haley,Elder,Scott,Hurd,Hutchinson,Suarez,Burgum,Pence,Christie
0.81114,Hurd,Elder,Hutchinson,Scott,Suarez,Ramaswamy,Burgum,Youngkin,Haley,Christie,Pence,DeSantis,Trump
0.650804,DeSantis,Trump,Ramaswamy,Pence,Hutchinson,Suarez,Hurd,Haley,Youngkin,Elder,Burgum,Christie,Scott
1.04502,Scott,Christie,Trump,Ramaswamy,Haley,Suarez,Youngkin,Hurd,Hutchinson,Pence,Burgum,Elder,DeSantis
1.014141,Trump,Ramaswamy,Scott,DeSantis,Elder,Youngkin,Pence,Burgum,Hurd,Hutchinson,Suarez,Christie,Haley
1.503597,Ramaswamy,Trump,Hutchinson,Suarez,Hurd,Burgum,Youngkin,Scott,Haley,Pence,DeSantis,Christie,Elder
0.930194,Trump,Elder,DeSantis,Haley,Burgum,Suarez,Hurd,Ramaswamy,Hutchinson,Christie,Youngkin,Scott,Pence
1.218747,Trump,Pence,DeSantis,Christie,Scott,Burgum,Suarez,Elder,Youngkin,Hurd,Hutchinson,Haley,Ramaswamy
1.15048,DeSantis,Ramaswamy,Trump,Christie,Scott,Pence,Burgum,Elder,Hutchinson,Youngkin,Hurd,Haley,Suarez
1.292548,Christie,Scott,Pence,Hutchinson,Haley,Burgum,Hurd,Suarez,Elder,Youngkin,Ramaswamy,DeSantis,Trump
0.798657,Ramaswamy,Haley,Pence,Burgum,Hutchinson,Scott,Elder,DeSantis,Christie,Suarez,Hurd,Youngkin,Trump
0.68511,Pence,Ramaswamy,Trump,Scott,Haley,DeSantis,Hurd,Christie,Youngkin,Hutchinson,Burgum,Elder,Suarez
1.101605,Trump,Ramaswamy,DeSantis,Haley,Burgum,Youngkin,Hutchinson,Suarez,Pence,Elder,Hurd,Scott,Christie
1.017577,Trump,Ramaswamy,Haley,Burgum,Suarez,Christie,Elder,Hurd,Pence,Scott,DeSantis,Hutchinson,Youngkin
1.137748,Trump,DeSantis,Ramaswamy,Haley,Scott,Pence,Hurd,Youngkin,Burgum,Elder,Hutchinson,Suarez,Christie
0.63756,Trump,Christie,Ramaswamy,Youngkin,Pence,DeSantis,Hutchinson,Hurd,Elder,Haley,Suarez,Burgum,Scott
0.823768,Trump,Ramaswamy,Haley,Burgum,Christie,Suarez,Pence,Hutchinson,Youngkin,Elder,Scott,Hurd,DeSantis
0.658711,Trump,Ramaswamy,DeSantis,Elder,Scott,Hurd,Youngkin,Burgum,Christie,Hutchinson,Haley,Suarez,Pence
1.165203,DeSantis,Haley,Ramaswamy,Pence,Scott,Youngkin,Christie,Burgum,Hurd,Hutchinson,Suarez,Elder,Trump
1.004181,DeSantis,Ramaswamy,Trump,Haley,Scott,Christie,Pence,Burgum,Hurd,Elder,Suarez,Hutchinson,Youngkin
1.134561,Haley,Christie,Burgum,Youngkin,Hutchinson,Elder,Scott,Pence,DeSantis,Hurd,Suarez,Ramaswamy,Trump
2.202489,Haley,Christie,Hutchinson,Scott,Hurd,Youngkin,Burgum,Suarez,Elder,Pence,Ramaswamy,DeSantis,Trump
2.220458,Trump,DeSantis,Haley,Ramaswamy,Elder,Scott,Pence,Youngkin,Burgum,Hurd,Suarez,Hutchinson,Christie
0.867089,Youngkin,DeSantis,Trump,Haley,Scott,Ramaswamy,Christie,Pence,Burgum,Suarez,Elder,Hurd,Hutchinson
0.81823,DeSantis,Trump,Ramaswamy,Hutchinson,Suarez,Pence,Christie,Burgum,Haley,Scott,Hurd,Elder,Youngkin
1.018243,Ramaswamy,Pence,Trump,Haley,Burgum,Elder,Youngkin,DeSantis,Hutchinson,Scott,Christie,Hurd,Suarez
0.819929,Ramaswamy,Trump,Hutchinson,DeSantis,Pence,Scott,Suarez,Elder,Youngkin,Hurd,Burgum,Haley,Christie
1.559977,Trump,DeSantis,Haley,Scott,Hutchinson,Hurd,Youngkin,Suarez,Burgum,Elder,Pence,Christie,Ramaswamy
1.342131,Trump,Scott,DeSantis,Youngkin,Ramaswamy,Hutchinson,Elder,Haley,Burgum,Suarez,Hurd,Pence,Christie
1.398904,Trump,Ramaswamy,Haley,Pence,DeSantis,Elder,Scott,Christie,Youngkin,Burgum,Hutchinson,Suarez,Hurd
0.767178,Pence,Haley,Elder,Scott,Burgum,Hurd,Christie,Youngkin,DeSantis,Suarez,Ramaswamy,Hutchinson,Trump
0.687217,Trump,Ramaswamy,DeSantis,Haley,Scott,Pence,Suarez,Youngkin,Burgum,Hutchinson,Elder,Christie,Hurd
1.180031,Trump,DeSantis,Ramaswamy,Pence,Christie,Scott,Elder,Hutchinson,Hurd,Haley,Burgum,Suarez,Youngkin
1.611159,DeSantis,Trump,Burgum,Ramaswamy,Haley,Pence,Scott,Christie,Youngkin,Hurd,Suarez,Hutchinson,Elder
0.555612,DeSantis,Trump,Pence,Scott,Christie,Elder,Youngkin,Burgum,Ramaswamy,Hutchinson,Hurd,Suarez,Haley
1.773147,Trump,Ramaswamy,DeSantis,Haley,Pence,Christie,Youngkin,Hurd,Scott,Elder,Hutchinson,Burgum,Suarez
1.529463,Scott,Ramaswamy,Pence,Elder,Haley,Youngkin,Hurd,Christie,Burgum,Suarez,Hutchinson,DeSantis,Trump
1.002609,Christie,Haley,Suarez,Hutchinson,Pence,Burgum,Elder,Youngkin,Hurd,Scott,Ramaswamy,DeSantis,Trump
0.526889,Trump,DeSantis,Ramaswamy,Scott,Christie,Pence,Haley,Burgum,Elder,Youngkin,Hurd,Hutchinson,Suarez
1.180031,Trump,DeSantis,Ramaswamy,Pence,Christie,Scott,Elder,Hutchinson,Hurd,Haley,Burgum,Suarez,Youngkin
1.015766,Pence,Haley,DeSantis,Scott,Burgum,Christie,Elder,Suarez,Youngkin,Hutchinson,Trump,Ramaswamy,Hurd
0.972281,Hurd,Burgum,Hutchinson,Youngkin,Haley,Elder,Christie,Pence,DeSantis,Ramaswamy,Scott,Suarez,Trump
1.120393,Ramaswamy,DeSantis,Trump,Pence,Haley,Scott,Hutchinson,Suarez,Elder,Youngkin,Hurd,Christie,Burgum
0.875875,Haley,Scott,Trump,Ramaswamy,Youngkin,Hutchinson,Elder,Suarez,Burgum,Hurd,Christie,Pence,DeSantis
0.564615,Trump,DeSantis,Ramaswamy,Pence,Scott,Burgum,Youngkin,Haley,Hurd,Suarez,Elder,Hutchinson,Christie
1.221353,Trump,Scott,Haley,Elder,Burgum,Ramaswamy,Pence,DeSantis,Youngkin,Hutchinson,Hurd,Suarez,Christie
1.22744,Trump,Pence,DeSantis,Elder,Haley,Youngkin,Scott,Suarez,Hurd,Ramaswamy,Burgum,Hutchinson,Christie
1.014141,Trump,Youngkin,Ramaswamy,Scott,Elder,DeSantis,Haley,Burgum,Suarez,Pence,Hutchinson,Hurd,Christie
0.805183,Trump,DeSantis,Haley,Scott,Ramaswamy,Pence,Burgum,Elder,Youngkin,Christie,Hutchinson,Suarez,Hurd
2.220458,Trump,DeSantis,Haley,Ramaswamy,Elder,Scott,Pence,Youngkin,Burgum,Hurd,Suarez,Hutchinson,Christie
1.134561,Haley,Christie,Scott,Burgum,Hutchinson,Suarez,Youngkin,Hurd,Pence,Elder,DeSantis,Ramaswamy,Trump
0.709101,Christie,Trump,DeSantis,Scott,Ramaswamy,Elder,Hurd,Suarez,Haley,Burgum,Youngkin,Pence,Hutchinson
1.247329,Trump,Ramaswamy,DeSantis,Christie,Haley,Hutchinson,Youngkin,Hurd,Suarez,Scott,Burgum,Elder,Pence
0.742806,Trump,Haley,DeSantis,Scott,Ramaswamy,Youngkin,Christie,Elder,Burgum,Hurd,Pence,Suarez,Hutchinson
1.015766,Pence,Haley,DeSantis,Scott,Burgum,Christie,Elder,Suarez,Youngkin,Hutchinson,Trump,Ramaswamy,Hurd
1.297777,Trump,DeSantis,Ramaswamy,Haley,Hutchinson,Scott,Christie,Youngkin,Elder,Hurd,Burgum,Suarez,Pence
0.614214,Trump,Ramaswamy,DeSantis,Christie,Scott,Hutchinson,Youngkin,Haley,Hurd,Elder,Suarez,Burgum,Pence
2.728993,Haley,Christie,Youngkin,Scott,Burgum,Ramaswamy,DeSantis,Pence,Hutchinson,Suarez,Hurd,Elder,Trump
0.466606,Trump,DeSantis,Haley,Ramaswamy,Pence,Hurd,Suarez,Youngkin,Christie,Hutchinson,Burgum,Scott,Elder
1.317598,Trump,DeSantis,Haley,Scott,Ramaswamy,Pence,Elder,Youngkin,Hutchinson,Burgum,Hurd,Suarez,Christie
1.503597,Ramaswamy,Trump,Hutchinson,Suarez,Hurd,Burgum,Youngkin,Scott,Haley,Pence,DeSantis,Christie,Elder
0.746623,Pence,Trump,Ramaswamy,Youngkin,Suarez,Hurd,Hutchinson,Christie,Elder,Burgum,DeSantis,Haley,Scott
1.382498,Hurd,DeSantis,Trump,Suarez,Haley,Hutchinson,Scott,Elder,Pence,Youngkin,Christie,Ramaswamy,Burgum
1.503597,Ramaswamy,Trump,Hutchinson,Suarez,Hurd,Burgum,Youngkin,Scott,Haley,Pence,DeSantis,Christie,Elder
1.826138,Trump,Ramaswamy,Elder,DeSantis,Youngkin,Burgum,Suarez,Christie,Haley,Hurd,Hutchinson,Scott,Pence
0.838528,Trump,DeSantis,Ramaswamy,Pence,Youngkin,Elder,Haley,Hurd,Hutchinson,Suarez,Burgum,Scott,Christie
0.919605,DeSantis,Trump,Pence,Ramaswamy,Elder,Burgum,Scott,Youngkin,Hutchinson,Suarez,Hurd,Haley,Christie
1.261425,Trump,Christie,DeSantis,Haley,Pence,Burgum,Scott,Hutchinson,Elder,Hurd,Youngkin,Suarez,Ramaswamy
0.916252,DeSantis,Haley,Scott,Christie,Ramaswamy,Pence,Burgum,Hutchinson,Hurd,Elder,Suarez,Youngkin,Trump
0.806909,Trump,Ramaswamy,DeSantis,Suarez,Youngkin,Pence,Haley,Hutchinson,Burgum,Christie,Scott,Hurd,Elder
0.564615,Trump,Ramaswamy,Haley,DeSantis,Hurd,Pence,Scott,Christie,Burgum,Youngkin,Hutchinson,Suarez,Elder
0.639186,Pence,Scott,Haley,Ramaswamy,DeSantis,Trump,Burgum,Youngkin,Suarez,Elder,Hurd,Hutchinson,Christie
1.200697,Ramaswamy,Scott,Trump,Burgum,Haley,DeSantis,Youngkin,Elder,Pence,Suarez,Hutchinson,Hurd,Christie
1.376605,Haley,Christie,Elder,Hutchinson,Hurd,Youngkin,Burgum,Pence,Scott,Suarez,Ramaswamy,DeSantis,Trump
0.636425,Trump,DeSantis,Pence,Christie,Ramaswamy,Hutchinson,Burgum,Hurd,Youngkin,Haley,Elder,Scott,Suarez
0.892157,Christie,Haley,Hutchinson,Pence,Scott,Hurd,Burgum,Suarez,Trump,DeSantis,Elder,Youngkin,Ramaswamy
0.987831,Ramaswamy,DeSantis,Scott,Christie,Haley,Pence,Hutchinson,Burgum,Youngkin,Elder,Suarez,Hurd,Trump
1.218747,Trump,DeSantis,Pence,Ramaswamy,Christie,Scott,Haley,Burgum,Elder,Suarez,Hurd,Hutchinson,Youngkin
1.50968,Trump,DeSantis,Pence,Ramaswamy,Burgum,Haley,Hutchinson,Elder,Youngkin,Scott,Hurd,Suarez,Christie
0.65782,Trump,Haley,Scott,DeSantis,Youngkin,Burgum,Christie,Hurd,Ramaswamy,Elder,Suarez,Hutchinson,Pence
1.240092,Haley,Christie,Pence,Elder,Hutchinson,Scott,Suarez,Hurd,Burgum,Youngkin,Ramaswamy,DeSantis,Trump
0.879255,Trump,DeSantis,Ramaswamy,Scott,Haley,Burgum,Hurd,Pence,Elder,Hutchinson,Suarez,Youngkin,Christie
1.158692,Trump,Ramaswamy,Suarez,Haley,Christie,Pence,Scott,Elder,Burgum,DeSantis,Hurd,Hutchinson,Youngkin
0.903189,Haley,Pence,Ramaswamy,Scott,Elder,Suarez,Youngkin,Burgum,DeSantis,Christie,Hurd,Hutchinson,Trump
1.188226,Trump,DeSantis,Haley,Pence,Christie,Hutchinson,Elder,Hurd,Ramaswamy,Youngkin,Burgum,Scott,Suarez
0.754843,Haley,Scott,DeSantis,Pence,Hutchinson,Trump,Ramaswamy,Christie,Hurd,Burgum,Youngkin,Suarez,Elder
1.149689,Haley,Christie,Pence,Scott,Burgum,Youngkin,Hutchinson,Elder,Hurd,DeSantis,Ramaswamy,Suarez,Trump
0.614214,Scott,Burgum,Hutchinson,Haley,Christie,Suarez,Youngkin,Hurd,Ramaswamy,Elder,DeSantis,Pence,Trump
1.166972,Trump,Ramaswamy,Suarez,Christie,Hurd,Youngkin,Elder,DeSantis,Scott,Haley,Burgum,Hutchinson,Pence
0.660172,Trump,DeSantis,Pence,Burgum,Hurd,Suarez,Elder,Scott,Christie,Youngkin,Ramaswamy,Haley,Hutchinson
0.718335,Trump,Ramaswamy,DeSantis,Scott,Haley,Youngkin,Elder,Hutchinson,Suarez,Hurd,Burgum,Pence,Christie
0.614214,Trump,Ramaswamy,DeSantis,Christie,Scott,Hutchinson,Youngkin,Haley,Hurd,Elder,Suarez,Burgum,Pence
0.940932,DeSantis,Haley,Scott,Pence,Youngkin,Trump,Elder,Hutchinson,Burgum,Suarez,Christie,Hurd,Ramaswamy
0.798657,Trump,Scott,Haley,Pence,Burgum,Youngkin,DeSantis,Ramaswamy,Elder,Suarez,Hutchinson,Christie,Hurd
0.762857,Trump,DeSantis,Ramaswamy,Pence,Hutchinson,Elder,Youngkin,Christie,Burgum,Hurd,Suarez,Scott,Haley
0.886527,Trump,Ramaswamy,Haley,DeSantis,Pence,Youngkin,Hutchinson,Elder,Suarez,Hurd,Burgum,Scott,Christie
1.164009,Youngkin,Haley,Scott,Hutchinson,Burgum,Pence,Christie,DeSantis,Elder,Suarez,Hurd,Ramaswamy,Trump
0.888483,Trump,Ramaswamy,Pence,Youngkin,DeSantis,Scott,Burgum,Haley,Hurd,Elder,Hutchinson,Christie,Suarez
0.970759,Hutchinson,Christie,Hurd,Burgum,Pence,Suarez,Haley,Youngkin,Scott,Elder,Ramaswamy,DeSantis,Trump
1.481912,Trump,DeSantis,Burgum,Haley,Scott,Youngkin,Elder,Hurd,Suarez,Hutchinson,Ramaswamy,Christie,Pence
0.58281,Ramaswamy,Elder,Burgum,Scott,Hutchinson,Youngkin,Haley,Christie,Hurd,Suarez,Pence,DeSantis,Trump
0.851323,Ramaswamy,Haley,DeSantis,Christie,Scott,Burgum,Hurd,Pence,Suarez,Hutchinson,Elder,Youngkin,Trump
1.017577,Trump,Haley,Scott,Ramaswamy,DeSantis,Burgum,Pence,Hurd,Youngkin,Elder,Suarez,Hutchinson,Christie
0.929519,Christie,Haley,Burgum,Suarez,Elder,Hurd,Hutchinson,Youngkin,Scott,Ramaswamy,DeSantis,Trump,Pence
0.791835,Scott,Youngkin,Hurd,Christie,Pence,DeSantis,Suarez,Ramaswamy,Haley,Hutchinson,Elder,Burgum,Trump
1.529463,Christie,Scott,Hutchinson,Hurd,DeSantis,Elder,Burgum,Pence,Youngkin,Suarez,Haley,Ramaswamy,Trump
1.312363,DeSantis,Trump,Scott,Youngkin,Haley,Pence,Hutchinson,Christie,Elder,Ramaswamy,Hurd,Suarez,Burgum
1.292359,Pence,Scott,Haley,Christie,Elder,Burgum,Youngkin,Hurd,Suarez,Hutchinson,Ramaswamy,DeSantis,Trump
1.245109,DeSantis,Trump,Ramaswamy,Haley,Scott,Burgum,Youngkin,Elder,Pence,Suarez,Hurd,Hutchinson,Christie
0.792237,Trump,Ramaswamy,DeSantis,Pence,Haley,Hutchinson,Scott,Elder,Youngkin,Suarez,Hurd,Burgum,Christie
1.297088,Christie,Haley,Youngkin,Burgum,Hutchinson,Elder,Suarez,Hurd,DeSantis,Scott,Ramaswamy,Pence,Trump
1.051336,Christie,Haley,Trump,Scott,Hutchinson,Elder,DeSantis,Hurd,Burgum,Suarez,Youngkin,Ramaswamy,Pence
1.166972,Ramaswamy,DeSantis,Haley,Pence,Hutchinson,Elder,Suarez,Hurd,Burgum,Scott,Youngkin,Christie,Trump
0.79963,Trump,Ramaswamy,Scott,DeSantis,Christie,Hutchinson,Haley,Pence,Suarez,Youngkin,Elder,Hurd,Burgum
0.773286,DeSantis,Christie,Youngkin,Burgum,Elder,Suarez,Scott,Hurd,Haley,Hutchinson,Pence,Ramaswamy,Trump
1.679312,Trump,DeSantis,Haley,Hutchinson,Hurd,Burgum,Ramaswamy,Pence,Suarez,Elder,Youngkin,Scott,Christie
0.806909,Ramaswamy,Trump,Haley,Burgum,Pence,Christie,Scott,Hutchinson,Youngkin,DeSantis,Hurd,Suarez,Elder
1.137748,Trump,DeSantis,Ramaswamy,Haley,Scott,Pence,Hurd,Youngkin,Burgum,Elder,Hutchinson,Suarez,Christie
0.814982,DeSantis,Trump,Haley,Pence,Scott,Suarez,Elder,Burgum,Hurd,Ramaswamy,Youngkin,Christie,Hutchinson
0.806909,Ramaswamy,Trump,Haley,Burgum,Pence,Christie,Scott,Hutchinson,Youngkin,DeSantis,Hurd,Suarez,Elder
1.121883,Ramaswamy,Haley,DeSantis,Trump,Hurd,Christie,Suarez,Pence,Burgum,Youngkin,Scott,Elder,Hutchinson
1.247329,Scott,Youngkin,Elder,Hutchinson,Burgum,Hurd,Christie,Haley,Pence,Trump,DeSantis,Suarez,Ramaswamy
1.001352,Ramaswamy,Trump,DeSantis,Christie,Haley,Suarez,Scott,Hutchinson,Hurd,Burgum,Elder,Youngkin,Pence
1.164009,Haley,Scott,Ramaswamy,DeSantis,Hurd,Elder,Hutchinson,Pence,Suarez,Burgum,Christie,Youngkin,Trump
0.886784,DeSantis,Pence,Christie,Scott,Burgum,Hurd,Elder,Youngkin,Suarez,Ramaswamy,Hutchinson,Haley,Trump
0.79963,Haley,DeSantis,Pence,Burgum,Christie,Scott,Ramaswamy,Hurd,Hutchinson,Youngkin,Elder,Suarez,Trump
0.882284,Trump,Haley,DeSantis,Ramaswamy,Scott,Pence,Suarez,Hurd,Youngkin,Christie,Elder,Burgum,Hutchinson
0.996977,Trump,Pence,Ramaswamy,Scott,Youngkin,Elder,Hurd,Burgum,Hutchinson,Suarez,Christie,Haley,DeSantis
1.372707,Christie,Pence,DeSantis,Ramaswamy,Elder,Scott,Hurd,Youngkin,Hutchinson,Haley,Suarez,Burgum,Trump
2.102951,Trump,Haley,DeSantis,Pence,Christie,Ramaswamy,Hurd,Scott,Youngkin,Elder,Hutchinson,Burgum,Suarez
1.218747,Trump,DeSantis,Pence,Ramaswamy,Christie,Scott,Haley,Burgum,Elder,Suarez,Hurd,Hutchinson,Youngkin
0.901839,Trump,Ramaswamy,Pence,Scott,Christie,Haley,Elder,Hurd,Suarez,Hutchinson,Burgum,Youngkin,DeSantis
1.22744,Haley,Scott,Pence,Burgum,Ramaswamy,Hutchinson,Youngkin,Hurd,Elder,Suarez,DeSantis,Christie,Trump
0.785097,Trump,Ramaswamy,DeSantis,Youngkin,Haley,Hutchinson,Elder,Scott,Hurd,Burgum,Pence,Christie,Suarez
0.761663,DeSantis,Youngkin,Haley,Pence,Scott,Christie,Burgum,Trump,Hutchinson,Hurd,Elder,Suarez,Ramaswamy
0.968363,Pence,DeSantis,Trump,Haley,Ramaswamy,Suarez,Scott,Youngkin,Christie,Hutchinson,Elder,Burgum,Hurd
0.681832,DeSantis,Trump,Pence,Elder,Christie,Hurd,Youngkin,Ramaswamy,Hutchinson,Scott,Haley,Burgum,Suarez
0.819929,DeSantis,Trump,Pence,Ramaswamy,Elder,Burgum,Youngkin,Hutchinson,Scott,Hurd,Haley,Suarez,Christie
0.654717,Trump,Ramaswamy,Christie,Scott,Hutchinson,Suarez,Elder,Burgum,Pence,DeSantis,Hurd,Youngkin,Haley
0.555612,Trump,Scott,Elder,Hurd,Burgum,Suarez,Youngkin,Hutchinson,DeSantis,Christie,Haley,Pence,Ramaswamy
1.218747,Trump,Pence,DeSantis,Christie,Scott,Burgum,Suarez,Elder,Youngkin,Hurd,Hutchinson,Haley,Ramaswamy
0.930194,Trump,Elder,DeSantis,Haley,Burgum,Suarez,Hurd,Ramaswamy,Hutchinson,Christie,Youngkin,Scott,Pence
0.798657,Ramaswamy,Haley,Pence,Burgum,Hutchinson,Scott,Elder,DeSantis,Christie,Suarez,Hurd,Youngkin,Trump
0.886784,Trump,Ramaswamy,Burgum,Christie,DeSantis,Pence,Scott,Haley,Elder,Suarez,Hutchinson,Youngkin,Hurd
0.925859,Pence,Christie,Youngkin,Hurd,Elder,Haley,Suarez,Ramaswamy,Hutchinson,DeSantis,Scott,Burgum,Trump
1.04502,Christie,Hutchinson,Scott,Pence,Hurd,Youngkin,Haley,Burgum,Elder,Suarez,Ramaswamy,DeSantis,Trump
0.658711,DeSantis,Haley,Trump,Ramaswamy,Christie,Pence,Scott,Burgum,Elder,Hurd,Suarez,Youngkin,Hutchinson
1.144161,DeSantis,Ramaswamy,Haley,Trump,Scott,Burgum,Christie,Hutchinson,Youngkin,Elder,Hurd,Pence,Suarez
0.567195,Youngkin,Trump,Scott,Haley,Hurd,Christie,Hutchinson,Suarez,Elder,Ramaswamy,Burgum,Pence,DeSantis
1.314392,Haley,Trump,DeSantis,Burgum,Pence,Christie,Scott,Youngkin,Hutchinson,Hurd,Ramaswamy,Suarez,Elder
0.639186,Ramaswamy,Elder,Suarez,Hurd,Christie,Youngkin,Pence,Burgum,Hutchinson,Scott,Haley,Trump,DeSantis
1.261425,Hurd,Suarez,Haley,Hutchinson,Christie,Burgum,Scott,Youngkin,Pence,Ramaswamy,Elder,DeSantis,Trump
0.708142,Trump,Ramaswamy,Haley,Pence,Suarez,Christie,Youngkin,DeSantis,Hurd,Scott,Burgum,Hutchinson,Elder
0.718335,DeSantis,Ramaswamy,Haley,Scott,Pence,Elder,Youngkin,Hurd,Suarez,Burgum,Christie,Hutchinson,Trump
0.612993,Trump,DeSantis,Pence,Ramaswamy,Christie,Haley,Scott,Burgum,Elder,Hutchinson,Suarez,Hurd,Youngkin
0.806909,Trump,Ramaswamy,DeSantis,Suarez,Youngkin,Pence,Haley,Hutchinson,Burgum,Christie,Scott,Hurd,Elder
0.839544,Trump,Scott,Ramaswamy,Elder,Haley,Youngkin,Suarez,Hutchinson,Burgum,Hurd,DeSantis,Pence,Christie
0.564615,Trump,DeSantis,Pence,Ramaswamy,Suarez,Christie,Scott,Haley,Elder,Hutchinson,Burgum,Youngkin,Hurd
1.270672,Trump,DeSantis,Ramaswamy,Youngkin,Haley,Elder,Suarez,Scott,Burgum,Pence,Hutchinson,Hurd,Christie
